

> ephemeral-server@1.0.0 ci /home/toya/projects/ephemeral-server/apps/server
> biome ci

[0msrc/app.ts[0m[0m:[0m[0m5[0m[0m:[0m[0m16[0m[0m [0m[0m]8;;https://biomejs.dev/linter/rules/use-nodejs-import-protocol\lint/style/useNodejsImportProtocol]8;;\[0m[0m [0m[0m[30m[47m FIXABLE [0m[0m [0m[0m━━━━━━━━━━━━━━━━━━━━━━━━━━━━━━━━━━━━━━━━━━━━━━━━━━━━━━━━━━━━━━━━━━━━━━━━━━━━━━━━━━━━━━━━━━━━━━━━━━━━━━━━━━━━━━━━━━━━━━━━━━━━━━━━━━━━━━[0m[0m

[0m[0m  [0m[0m[1m[34mℹ[0m[0m [0m[0m[34mA Node.js builtin module should be imported with the [0m[0m[1m[34mnode:[0m[0m[34m protocol.[0m[0m
[0m[0m  [0m[0m
[0m[0m  [0m[0m  [0m[0m[1m3 │ [0m[0mi[0m[0mm[0m[0mp[0m[0mo[0m[0mr[0m[0mt[0m[0m [0m[0me[0m[0mx[0m[0mp[0m[0mr[0m[0me[0m[0ms[0m[0ms[0m[0m [0m[0mf[0m[0mr[0m[0mo[0m[0mm[0m[0m [0m[0m'[0m[0me[0m[0mx[0m[0mp[0m[0mr[0m[0me[0m[0ms[0m[0ms[0m[0m'[0m[0m
[0m[0m  [0m[0m  [0m[0m[1m4 │ [0m[0mi[0m[0mm[0m[0mp[0m[0mo[0m[0mr[0m[0mt[0m[0m [0m[0me[0m[0mx[0m[0mp[0m[0mr[0m[0me[0m[0ms[0m[0ms[0m[0mS[0m[0mt[0m[0ma[0m[0mt[0m[0mi[0m[0mc[0m[0mG[0m[0mz[0m[0mi[0m[0mp[0m[0m [0m[0mf[0m[0mr[0m[0mo[0m[0mm[0m[0m [0m[0m'[0m[0me[0m[0mx[0m[0mp[0m[0mr[0m[0me[0m[0ms[0m[0ms[0m[0m-[0m[0ms[0m[0mt[0m[0ma[0m[0mt[0m[0mi[0m[0mc[0m[0m-[0m[0mg[0m[0mz[0m[0mi[0m[0mp[0m[0m'[0m[0m
[0m[0m  [0m[0m[1m[31m>[0m[0m [0m[0m[1m5 │ [0m[0mi[0m[0mm[0m[0mp[0m[0mo[0m[0mr[0m[0mt[0m[0m [0m[0mf[0m[0ms[0m[0m [0m[0mf[0m[0mr[0m[0mo[0m[0mm[0m[0m [0m[0m'[0m[0mf[0m[0ms[0m[0m'[0m[0m
[0m[0m  [0m[0m [0m[0m[1m   │ [0m[0m [0m[0m [0m[0m [0m[0m [0m[0m [0m[0m [0m[0m [0m[0m [0m[0m [0m[0m [0m[0m [0m[0m [0m[0m [0m[0m [0m[0m [0m[0m[1m[31m^[0m[0m[1m[31m^[0m[0m[1m[31m^[0m[0m[1m[31m^[0m[0m
[0m[0m  [0m[0m  [0m[0m[1m6 │ [0m[0mi[0m[0mm[0m[0mp[0m[0mo[0m[0mr[0m[0mt[0m[0m [0m[0mh[0m[0me[0m[0ml[0m[0mm[0m[0me[0m[0mt[0m[0m [0m[0mf[0m[0mr[0m[0mo[0m[0mm[0m[0m [0m[0m'[0m[0mh[0m[0me[0m[0ml[0m[0mm[0m[0me[0m[0mt[0m[0m'[0m[0m
[0m[0m  [0m[0m  [0m[0m[1m7 │ [0m[0mi[0m[0mm[0m[0mp[0m[0mo[0m[0mr[0m[0mt[0m[0m [0m[0mp[0m[0ma[0m[0mt[0m[0mh[0m[0m [0m[0mf[0m[0mr[0m[0mo[0m[0mm[0m[0m [0m[0m'[0m[0mp[0m[0ma[0m[0mt[0m[0mh[0m[0m'[0m[0m
[0m[0m  [0m[0m
[0m[0m  [0m[0m[1m[34mℹ[0m[0m [0m[0m[34mUsing the [0m[0m[1m[34mnode:[0m[0m[34m protocol is more explicit and signals that the imported module belongs to Node.js.[0m[0m
[0m[0m  [0m[0m
[0m[0m  [0m[0m[1m[34mℹ[0m[0m [0m[0m[34mUnsafe fix: Add the [0m[0m[1m[34mnode:[0m[0m[34m protocol.[0m[0m
[0m[0m  [0m[0m
[0m[0m  [0m[0m  [0m[0m[1m 3[0m[0m [0m[0m[1m 3[0m[0m[1m │ [0m[0m [0m[0m [0m[0mi[0m[0mm[0m[0mp[0m[0mo[0m[0mr[0m[0mt[0m[0m [0m[0me[0m[0mx[0m[0mp[0m[0mr[0m[0me[0m[0ms[0m[0ms[0m[0m [0m[0mf[0m[0mr[0m[0mo[0m[0mm[0m[0m [0m[0m'[0m[0me[0m[0mx[0m[0mp[0m[0mr[0m[0me[0m[0ms[0m[0ms[0m[0m'[0m[0m
[0m[0m  [0m[0m  [0m[0m[1m 4[0m[0m [0m[0m[1m 4[0m[0m[1m │ [0m[0m [0m[0m [0m[0mi[0m[0mm[0m[0mp[0m[0mo[0m[0mr[0m[0mt[0m[0m [0m[0me[0m[0mx[0m[0mp[0m[0mr[0m[0me[0m[0ms[0m[0ms[0m[0mS[0m[0mt[0m[0ma[0m[0mt[0m[0mi[0m[0mc[0m[0mG[0m[0mz[0m[0mi[0m[0mp[0m[0m [0m[0mf[0m[0mr[0m[0mo[0m[0mm[0m[0m [0m[0m'[0m[0me[0m[0mx[0m[0mp[0m[0mr[0m[0me[0m[0ms[0m[0ms[0m[0m-[0m[0ms[0m[0mt[0m[0ma[0m[0mt[0m[0mi[0m[0mc[0m[0m-[0m[0mg[0m[0mz[0m[0mi[0m[0mp[0m[0m'[0m[0m
[0m[0m  [0m[0m  [0m[0m[1m 5[0m[0m [0m[0m [0m[0m [0m[0m[1m │ [0m[0m[31m-[0m[0m [0m[0m[31mi[0m[0m[31mm[0m[0m[31mp[0m[0m[31mo[0m[0m[31mr[0m[0m[31mt[0m[0m[2m[31m·[0m[0m[31mf[0m[0m[31ms[0m[0m[2m[31m·[0m[0m[31mf[0m[0m[31mr[0m[0m[31mo[0m[0m[31mm[0m[0m[2m[31m·[0m[0m[31m'[0m[0m[1m[31mf[0m[0m[1m[31ms[0m[0m[31m'[0m[0m
[0m[0m  [0m[0m  [0m[0m [0m[0m [0m[0m [0m[0m[1m 5[0m[0m[1m │ [0m[0m[32m+[0m[0m [0m[0m[32mi[0m[0m[32mm[0m[0m[32mp[0m[0m[32mo[0m[0m[32mr[0m[0m[32mt[0m[0m[2m[32m·[0m[0m[32mf[0m[0m[32ms[0m[0m[2m[32m·[0m[0m[32mf[0m[0m[32mr[0m[0m[32mo[0m[0m[32mm[0m[0m[2m[32m·[0m[0m[32m'[0m[0m[1m[32mn[0m[0m[1m[32mo[0m[0m[1m[32md[0m[0m[1m[32me[0m[0m[1m[32m:[0m[0m[1m[32mf[0m[0m[1m[32ms[0m[0m[32m'[0m[0m
[0m[0m  [0m[0m  [0m[0m[1m 6[0m[0m [0m[0m[1m 6[0m[0m[1m │ [0m[0m [0m[0m [0m[0mi[0m[0mm[0m[0mp[0m[0mo[0m[0mr[0m[0mt[0m[0m [0m[0mh[0m[0me[0m[0ml[0m[0mm[0m[0me[0m[0mt[0m[0m [0m[0mf[0m[0mr[0m[0mo[0m[0mm[0m[0m [0m[0m'[0m[0mh[0m[0me[0m[0ml[0m[0mm[0m[0me[0m[0mt[0m[0m'[0m[0m
[0m[0m  [0m[0m  [0m[0m[1m 7[0m[0m [0m[0m[1m 7[0m[0m[1m │ [0m[0m [0m[0m [0m[0mi[0m[0mm[0m[0mp[0m[0mo[0m[0mr[0m[0mt[0m[0m [0m[0mp[0m[0ma[0m[0mt[0m[0mh[0m[0m [0m[0mf[0m[0mr[0m[0mo[0m[0mm[0m[0m [0m[0m'[0m[0mp[0m[0ma[0m[0mt[0m[0mh[0m[0m'[0m[0m
[0m[0m  [0m[0m
[0m
[0msrc/app.ts[0m[0m:[0m[0m7[0m[0m:[0m[0m18[0m[0m [0m[0m]8;;https://biomejs.dev/linter/rules/use-nodejs-import-protocol\lint/style/useNodejsImportProtocol]8;;\[0m[0m [0m[0m[30m[47m FIXABLE [0m[0m [0m[0m━━━━━━━━━━━━━━━━━━━━━━━━━━━━━━━━━━━━━━━━━━━━━━━━━━━━━━━━━━━━━━━━━━━━━━━━━━━━━━━━━━━━━━━━━━━━━━━━━━━━━━━━━━━━━━━━━━━━━━━━━━━━━━━━━━━━━━[0m[0m

[0m[0m  [0m[0m[1m[34mℹ[0m[0m [0m[0m[34mA Node.js builtin module should be imported with the [0m[0m[1m[34mnode:[0m[0m[34m protocol.[0m[0m
[0m[0m  [0m[0m
[0m[0m  [0m[0m  [0m[0m[1m5 │ [0m[0mi[0m[0mm[0m[0mp[0m[0mo[0m[0mr[0m[0mt[0m[0m [0m[0mf[0m[0ms[0m[0m [0m[0mf[0m[0mr[0m[0mo[0m[0mm[0m[0m [0m[0m'[0m[0mf[0m[0ms[0m[0m'[0m[0m
[0m[0m  [0m[0m  [0m[0m[1m6 │ [0m[0mi[0m[0mm[0m[0mp[0m[0mo[0m[0mr[0m[0mt[0m[0m [0m[0mh[0m[0me[0m[0ml[0m[0mm[0m[0me[0m[0mt[0m[0m [0m[0mf[0m[0mr[0m[0mo[0m[0mm[0m[0m [0m[0m'[0m[0mh[0m[0me[0m[0ml[0m[0mm[0m[0me[0m[0mt[0m[0m'[0m[0m
[0m[0m  [0m[0m[1m[31m>[0m[0m [0m[0m[1m7 │ [0m[0mi[0m[0mm[0m[0mp[0m[0mo[0m[0mr[0m[0mt[0m[0m [0m[0mp[0m[0ma[0m[0mt[0m[0mh[0m[0m [0m[0mf[0m[0mr[0m[0mo[0m[0mm[0m[0m [0m[0m'[0m[0mp[0m[0ma[0m[0mt[0m[0mh[0m[0m'[0m[0m
[0m[0m  [0m[0m [0m[0m[1m   │ [0m[0m [0m[0m [0m[0m [0m[0m [0m[0m [0m[0m [0m[0m [0m[0m [0m[0m [0m[0m [0m[0m [0m[0m [0m[0m [0m[0m [0m[0m [0m[0m [0m[0m [0m[0m[1m[31m^[0m[0m[1m[31m^[0m[0m[1m[31m^[0m[0m[1m[31m^[0m[0m[1m[31m^[0m[0m[1m[31m^[0m[0m
[0m[0m  [0m[0m  [0m[0m[1m8 │ [0m[0mi[0m[0mm[0m[0mp[0m[0mo[0m[0mr[0m[0mt[0m[0m [0m[0mp[0m[0mi[0m[0mn[0m[0mo[0m[0m [0m[0mf[0m[0mr[0m[0mo[0m[0mm[0m[0m [0m[0m'[0m[0mp[0m[0mi[0m[0mn[0m[0mo[0m[0m'[0m[0m
[0m[0m  [0m[0m  [0m[0m[1m9 │ [0m[0mi[0m[0mm[0m[0mp[0m[0mo[0m[0mr[0m[0mt[0m[0m [0m[0m{[0m[0m [0m[0mp[0m[0mi[0m[0mn[0m[0mo[0m[0mH[0m[0mt[0m[0mt[0m[0mp[0m[0m [0m[0m}[0m[0m [0m[0mf[0m[0mr[0m[0mo[0m[0mm[0m[0m [0m[0m'[0m[0mp[0m[0mi[0m[0mn[0m[0mo[0m[0m-[0m[0mh[0m[0mt[0m[0mt[0m[0mp[0m[0m'[0m[0m
[0m[0m  [0m[0m
[0m[0m  [0m[0m[1m[34mℹ[0m[0m [0m[0m[34mUsing the [0m[0m[1m[34mnode:[0m[0m[34m protocol is more explicit and signals that the imported module belongs to Node.js.[0m[0m
[0m[0m  [0m[0m
[0m[0m  [0m[0m[1m[34mℹ[0m[0m [0m[0m[34mUnsafe fix: Add the [0m[0m[1m[34mnode:[0m[0m[34m protocol.[0m[0m
[0m[0m  [0m[0m
[0m[0m  [0m[0m  [0m[0m[1m 5[0m[0m [0m[0m[1m 5[0m[0m[1m │ [0m[0m [0m[0m [0m[0mi[0m[0mm[0m[0mp[0m[0mo[0m[0mr[0m[0mt[0m[0m [0m[0mf[0m[0ms[0m[0m [0m[0mf[0m[0mr[0m[0mo[0m[0mm[0m[0m [0m[0m'[0m[0mf[0m[0ms[0m[0m'[0m[0m
[0m[0m  [0m[0m  [0m[0m[1m 6[0m[0m [0m[0m[1m 6[0m[0m[1m │ [0m[0m [0m[0m [0m[0mi[0m[0mm[0m[0mp[0m[0mo[0m[0mr[0m[0mt[0m[0m [0m[0mh[0m[0me[0m[0ml[0m[0mm[0m[0me[0m[0mt[0m[0m [0m[0mf[0m[0mr[0m[0mo[0m[0mm[0m[0m [0m[0m'[0m[0mh[0m[0me[0m[0ml[0m[0mm[0m[0me[0m[0mt[0m[0m'[0m[0m
[0m[0m  [0m[0m  [0m[0m[1m 7[0m[0m [0m[0m [0m[0m [0m[0m[1m │ [0m[0m[31m-[0m[0m [0m[0m[31mi[0m[0m[31mm[0m[0m[31mp[0m[0m[31mo[0m[0m[31mr[0m[0m[31mt[0m[0m[2m[31m·[0m[0m[31mp[0m[0m[31ma[0m[0m[31mt[0m[0m[31mh[0m[0m[2m[31m·[0m[0m[31mf[0m[0m[31mr[0m[0m[31mo[0m[0m[31mm[0m[0m[2m[31m·[0m[0m[31m'[0m[0m[1m[31mp[0m[0m[1m[31ma[0m[0m[1m[31mt[0m[0m[1m[31mh[0m[0m[31m'[0m[0m
[0m[0m  [0m[0m  [0m[0m [0m[0m [0m[0m [0m[0m[1m 7[0m[0m[1m │ [0m[0m[32m+[0m[0m [0m[0m[32mi[0m[0m[32mm[0m[0m[32mp[0m[0m[32mo[0m[0m[32mr[0m[0m[32mt[0m[0m[2m[32m·[0m[0m[32mp[0m[0m[32ma[0m[0m[32mt[0m[0m[32mh[0m[0m[2m[32m·[0m[0m[32mf[0m[0m[32mr[0m[0m[32mo[0m[0m[32mm[0m[0m[2m[32m·[0m[0m[32m'[0m[0m[1m[32mn[0m[0m[1m[32mo[0m[0m[1m[32md[0m[0m[1m[32me[0m[0m[1m[32m:[0m[0m[1m[32mp[0m[0m[1m[32ma[0m[0m[1m[32mt[0m[0m[1m[32mh[0m[0m[32m'[0m[0m
[0m[0m  [0m[0m  [0m[0m[1m 8[0m[0m [0m[0m[1m 8[0m[0m[1m │ [0m[0m [0m[0m [0m[0mi[0m[0mm[0m[0mp[0m[0mo[0m[0mr[0m[0mt[0m[0m [0m[0mp[0m[0mi[0m[0mn[0m[0mo[0m[0m [0m[0mf[0m[0mr[0m[0mo[0m[0mm[0m[0m [0m[0m'[0m[0mp[0m[0mi[0m[0mn[0m[0mo[0m[0m'[0m[0m
[0m[0m  [0m[0m  [0m[0m[1m 9[0m[0m [0m[0m[1m 9[0m[0m[1m │ [0m[0m [0m[0m [0m[0mi[0m[0mm[0m[0mp[0m[0mo[0m[0mr[0m[0mt[0m[0m [0m[0m{[0m[0m [0m[0mp[0m[0mi[0m[0mn[0m[0mo[0m[0mH[0m[0mt[0m[0mt[0m[0mp[0m[0m [0m[0m}[0m[0m [0m[0mf[0m[0mr[0m[0mo[0m[0mm[0m[0m [0m[0m'[0m[0mp[0m[0mi[0m[0mn[0m[0mo[0m[0m-[0m[0mh[0m[0mt[0m[0mt[0m[0mp[0m[0m'[0m[0m
[0m[0m  [0m[0m
[0m
[0msrc/modules/media/media.service.ts[0m[0m:[0m[0m3[0m[0m:[0m[0m28[0m[0m [0m[0m]8;;https://biomejs.dev/linter/rules/use-nodejs-import-protocol\lint/style/useNodejsImportProtocol]8;;\[0m[0m [0m[0m[30m[47m FIXABLE [0m[0m [0m[0m━━━━━━━━━━━━━━━━━━━━━━━━━━━━━━━━━━━━━━━━━━━━━━━━━━━━━━━━━━━━━━━━━━━━━━━━━━━━━━━━━━━━━━━━━━━━━━━━━━━━━━━━━━━━━━[0m[0m

[0m[0m  [0m[0m[1m[34mℹ[0m[0m [0m[0m[34mA Node.js builtin module should be imported with the [0m[0m[1m[34mnode:[0m[0m[34m protocol.[0m[0m
[0m[0m  [0m[0m
[0m[0m  [0m[0m  [0m[0m[1m1 │ [0m[0mi[0m[0mm[0m[0mp[0m[0mo[0m[0mr[0m[0mt[0m[0m [0m[0m{[0m[0m [0m[0mG[0m[0me[0m[0mt[0m[0mO[0m[0mb[0m[0mj[0m[0me[0m[0mc[0m[0mt[0m[0mC[0m[0mo[0m[0mm[0m[0mm[0m[0ma[0m[0mn[0m[0md[0m[0m,[0m[0m [0m[0mN[0m[0mo[0m[0mS[0m[0mu[0m[0mc[0m[0mh[0m[0mK[0m[0me[0m[0my[0m[0m,[0m[0m [0m[0mS[0m[0m3[0m[0mC[0m[0ml[0m[0mi[0m[0me[0m[0mn[0m[0mt[0m[0m [0m[0m}[0m[0m [0m[0mf[0m[0mr[0m[0mo[0m[0mm[0m[0m [0m[0m'[0m[0m@[0m[0ma[0m[0mw[0m[0ms[0m[0m-[0m[0ms[0m[0md[0m[0mk[0m[0m/[0m[0mc[0m[0ml[0m[0mi[0m[0me[0m[0mn[0m[0mt[0m[0m-[0m[0ms[0m[0m3[0m[0m'[0m[0m
[0m[0m  [0m[0m  [0m[0m[1m2 │ [0m[0mi[0m[0mm[0m[0mp[0m[0mo[0m[0mr[0m[0mt[0m[0m [0m[0m{[0m[0m [0m[0mU[0m[0mp[0m[0ml[0m[0mo[0m[0ma[0m[0md[0m[0m [0m[0m}[0m[0m [0m[0mf[0m[0mr[0m[0mo[0m[0mm[0m[0m [0m[0m'[0m[0m@[0m[0ma[0m[0mw[0m[0ms[0m[0m-[0m[0ms[0m[0md[0m[0mk[0m[0m/[0m[0ml[0m[0mi[0m[0mb[0m[0m-[0m[0ms[0m[0mt[0m[0mo[0m[0mr[0m[0ma[0m[0mg[0m[0me[0m[0m'[0m[0m
[0m[0m  [0m[0m[1m[31m>[0m[0m [0m[0m[1m3 │ [0m[0mi[0m[0mm[0m[0mp[0m[0mo[0m[0mr[0m[0mt[0m[0m [0m[0m{[0m[0m [0m[0mr[0m[0ma[0m[0mn[0m[0md[0m[0mo[0m[0mm[0m[0mU[0m[0mU[0m[0mI[0m[0mD[0m[0m [0m[0m}[0m[0m [0m[0mf[0m[0mr[0m[0mo[0m[0mm[0m[0m [0m[0m'[0m[0mc[0m[0mr[0m[0my[0m[0mp[0m[0mt[0m[0mo[0m[0m'[0m[0m
[0m[0m  [0m[0m [0m[0m[1m   │ [0m[0m [0m[0m [0m[0m [0m[0m [0m[0m [0m[0m [0m[0m [0m[0m [0m[0m [0m[0m [0m[0m [0m[0m [0m[0m [0m[0m [0m[0m [0m[0m [0m[0m [0m[0m [0m[0m [0m[0m [0m[0m [0m[0m [0m[0m [0m[0m [0m[0m [0m[0m [0m[0m [0m[0m[1m[31m^[0m[0m[1m[31m^[0m[0m[1m[31m^[0m[0m[1m[31m^[0m[0m[1m[31m^[0m[0m[1m[31m^[0m[0m[1m[31m^[0m[0m[1m[31m^[0m[0m
[0m[0m  [0m[0m  [0m[0m[1m4 │ [0m[0mi[0m[0mm[0m[0mp[0m[0mo[0m[0mr[0m[0mt[0m[0m [0m[0m{[0m[0m [0m[0mc[0m[0mr[0m[0me[0m[0ma[0m[0mt[0m[0me[0m[0mR[0m[0me[0m[0ma[0m[0md[0m[0mS[0m[0mt[0m[0mr[0m[0me[0m[0ma[0m[0mm[0m[0m [0m[0m}[0m[0m [0m[0mf[0m[0mr[0m[0mo[0m[0mm[0m[0m [0m[0m'[0m[0mn[0m[0mo[0m[0md[0m[0me[0m[0m:[0m[0mf[0m[0ms[0m[0m'[0m[0m
[0m[0m  [0m[0m  [0m[0m[1m5 │ [0m[0mi[0m[0mm[0m[0mp[0m[0mo[0m[0mr[0m[0mt[0m[0m [0m[0m{[0m[0m [0m[0mu[0m[0mn[0m[0ml[0m[0mi[0m[0mn[0m[0mk[0m[0m [0m[0m}[0m[0m [0m[0mf[0m[0mr[0m[0mo[0m[0mm[0m[0m [0m[0m'[0m[0mn[0m[0mo[0m[0md[0m[0me[0m[0m:[0m[0mf[0m[0ms[0m[0m/[0m[0mp[0m[0mr[0m[0mo[0m[0mm[0m[0mi[0m[0ms[0m[0me[0m[0ms[0m[0m'[0m[0m
[0m[0m  [0m[0m
[0m[0m  [0m[0m[1m[34mℹ[0m[0m [0m[0m[34mUsing the [0m[0m[1m[34mnode:[0m[0m[34m protocol is more explicit and signals that the imported module belongs to Node.js.[0m[0m
[0m[0m  [0m[0m
[0m[0m  [0m[0m[1m[34mℹ[0m[0m [0m[0m[34mUnsafe fix: Add the [0m[0m[1m[34mnode:[0m[0m[34m protocol.[0m[0m
[0m[0m  [0m[0m
[0m[0m  [0m[0m  [0m[0m[1m  1[0m[0m [0m[0m[1m  1[0m[0m[1m │ [0m[0m [0m[0m [0m[0mi[0m[0mm[0m[0mp[0m[0mo[0m[0mr[0m[0mt[0m[0m [0m[0m{[0m[0m [0m[0mG[0m[0me[0m[0mt[0m[0mO[0m[0mb[0m[0mj[0m[0me[0m[0mc[0m[0mt[0m[0mC[0m[0mo[0m[0mm[0m[0mm[0m[0ma[0m[0mn[0m[0md[0m[0m,[0m[0m [0m[0mN[0m[0mo[0m[0mS[0m[0mu[0m[0mc[0m[0mh[0m[0mK[0m[0me[0m[0my[0m[0m,[0m[0m [0m[0mS[0m[0m3[0m[0mC[0m[0ml[0m[0mi[0m[0me[0m[0mn[0m[0mt[0m[0m [0m[0m}[0m[0m [0m[0mf[0m[0mr[0m[0mo[0m[0mm[0m[0m [0m[0m'[0m[0m@[0m[0ma[0m[0mw[0m[0ms[0m[0m-[0m[0ms[0m[0md[0m[0mk[0m[0m/[0m[0mc[0m[0ml[0m[0mi[0m[0me[0m[0mn[0m[0mt[0m[0m-[0m[0ms[0m[0m3[0m[0m'[0m[0m
[0m[0m  [0m[0m  [0m[0m[1m  2[0m[0m [0m[0m[1m  2[0m[0m[1m │ [0m[0m [0m[0m [0m[0mi[0m[0mm[0m[0mp[0m[0mo[0m[0mr[0m[0mt[0m[0m [0m[0m{[0m[0m [0m[0mU[0m[0mp[0m[0ml[0m[0mo[0m[0ma[0m[0md[0m[0m [0m[0m}[0m[0m [0m[0mf[0m[0mr[0m[0mo[0m[0mm[0m[0m [0m[0m'[0m[0m@[0m[0ma[0m[0mw[0m[0ms[0m[0m-[0m[0ms[0m[0md[0m[0mk[0m[0m/[0m[0ml[0m[0mi[0m[0mb[0m[0m-[0m[0ms[0m[0mt[0m[0mo[0m[0mr[0m[0ma[0m[0mg[0m[0me[0m[0m'[0m[0m
[0m[0m  [0m[0m  [0m[0m[1m  3[0m[0m [0m[0m [0m[0m [0m[0m [0m[0m[1m │ [0m[0m[31m-[0m[0m [0m[0m[31mi[0m[0m[31mm[0m[0m[31mp[0m[0m[31mo[0m[0m[31mr[0m[0m[31mt[0m[0m[2m[31m·[0m[0m[31m{[0m[0m[2m[31m·[0m[0m[31mr[0m[0m[31ma[0m[0m[31mn[0m[0m[31md[0m[0m[31mo[0m[0m[31mm[0m[0m[31mU[0m[0m[31mU[0m[0m[31mI[0m[0m[31mD[0m[0m[2m[31m·[0m[0m[31m}[0m[0m[2m[31m·[0m[0m[31mf[0m[0m[31mr[0m[0m[31mo[0m[0m[31mm[0m[0m[2m[31m·[0m[0m[31m'[0m[0m[1m[31mc[0m[0m[1m[31mr[0m[0m[1m[31my[0m[0m[1m[31mp[0m[0m[1m[31mt[0m[0m[1m[31mo[0m[0m[31m'[0m[0m
[0m[0m  [0m[0m  [0m[0m [0m[0m [0m[0m [0m[0m [0m[0m[1m  3[0m[0m[1m │ [0m[0m[32m+[0m[0m [0m[0m[32mi[0m[0m[32mm[0m[0m[32mp[0m[0m[32mo[0m[0m[32mr[0m[0m[32mt[0m[0m[2m[32m·[0m[0m[32m{[0m[0m[2m[32m·[0m[0m[32mr[0m[0m[32ma[0m[0m[32mn[0m[0m[32md[0m[0m[32mo[0m[0m[32mm[0m[0m[32mU[0m[0m[32mU[0m[0m[32mI[0m[0m[32mD[0m[0m[2m[32m·[0m[0m[32m}[0m[0m[2m[32m·[0m[0m[32mf[0m[0m[32mr[0m[0m[32mo[0m[0m[32mm[0m[0m[2m[32m·[0m[0m[32m'[0m[0m[1m[32mn[0m[0m[1m[32mo[0m[0m[1m[32md[0m[0m[1m[32me[0m[0m[1m[32m:[0m[0m[1m[32mc[0m[0m[1m[32mr[0m[0m[1m[32my[0m[0m[1m[32mp[0m[0m[1m[32mt[0m[0m[1m[32mo[0m[0m[32m'[0m[0m
[0m[0m  [0m[0m  [0m[0m[1m  4[0m[0m [0m[0m[1m  4[0m[0m[1m │ [0m[0m [0m[0m [0m[0mi[0m[0mm[0m[0mp[0m[0mo[0m[0mr[0m[0mt[0m[0m [0m[0m{[0m[0m [0m[0mc[0m[0mr[0m[0me[0m[0ma[0m[0mt[0m[0me[0m[0mR[0m[0me[0m[0ma[0m[0md[0m[0mS[0m[0mt[0m[0mr[0m[0me[0m[0ma[0m[0mm[0m[0m [0m[0m}[0m[0m [0m[0mf[0m[0mr[0m[0mo[0m[0mm[0m[0m [0m[0m'[0m[0mn[0m[0mo[0m[0md[0m[0me[0m[0m:[0m[0mf[0m[0ms[0m[0m'[0m[0m
[0m[0m  [0m[0m  [0m[0m[1m  5[0m[0m [0m[0m[1m  5[0m[0m[1m │ [0m[0m [0m[0m [0m[0mi[0m[0mm[0m[0mp[0m[0mo[0m[0mr[0m[0mt[0m[0m [0m[0m{[0m[0m [0m[0mu[0m[0mn[0m[0ml[0m[0mi[0m[0mn[0m[0mk[0m[0m [0m[0m}[0m[0m [0m[0mf[0m[0mr[0m[0mo[0m[0mm[0m[0m [0m[0m'[0m[0mn[0m[0mo[0m[0md[0m[0me[0m[0m:[0m[0mf[0m[0ms[0m[0m/[0m[0mp[0m[0mr[0m[0mo[0m[0mm[0m[0mi[0m[0ms[0m[0me[0m[0ms[0m[0m'[0m[0m
[0m[0m  [0m[0m
[0m
[0msrc/socket/socket.ts[0m[0m:[0m[0m1[0m[0m:[0m[0m38[0m[0m [0m[0m]8;;https://biomejs.dev/linter/rules/use-nodejs-import-protocol\lint/style/useNodejsImportProtocol]8;;\[0m[0m [0m[0m[30m[47m FIXABLE [0m[0m [0m[0m━━━━━━━━━━━━━━━━━━━━━━━━━━━━━━━━━━━━━━━━━━━━━━━━━━━━━━━━━━━━━━━━━━━━━━━━━━━━━━━━━━━━━━━━━━━━━━━━━━━━━━━━━━━━━━━━━━━━━━━━━━━━[0m[0m

[0m[0m  [0m[0m[1m[34mℹ[0m[0m [0m[0m[34mA Node.js builtin module should be imported with the [0m[0m[1m[34mnode:[0m[0m[34m protocol.[0m[0m
[0m[0m  [0m[0m
[0m[0m  [0m[0m[1m[31m>[0m[0m [0m[0m[1m1 │ [0m[0mi[0m[0mm[0m[0mp[0m[0mo[0m[0mr[0m[0mt[0m[0m [0m[0m{[0m[0m [0m[0mS[0m[0me[0m[0mr[0m[0mv[0m[0me[0m[0mr[0m[0m [0m[0ma[0m[0ms[0m[0m [0m[0mH[0m[0mT[0m[0mT[0m[0mP[0m[0mS[0m[0me[0m[0mr[0m[0mv[0m[0me[0m[0mr[0m[0m [0m[0m}[0m[0m [0m[0mf[0m[0mr[0m[0mo[0m[0mm[0m[0m [0m[0m'[0m[0mh[0m[0mt[0m[0mt[0m[0mp[0m[0m'[0m[0m
[0m[0m  [0m[0m [0m[0m[1m   │ [0m[0m [0m[0m [0m[0m [0m[0m [0m[0m [0m[0m [0m[0m [0m[0m [0m[0m [0m[0m [0m[0m [0m[0m [0m[0m [0m[0m [0m[0m [0m[0m [0m[0m [0m[0m [0m[0m [0m[0m [0m[0m [0m[0m [0m[0m [0m[0m [0m[0m [0m[0m [0m[0m [0m[0m [0m[0m [0m[0m [0m[0m [0m[0m [0m[0m [0m[0m [0m[0m [0m[0m [0m[0m [0m[0m[1m[31m^[0m[0m[1m[31m^[0m[0m[1m[31m^[0m[0m[1m[31m^[0m[0m[1m[31m^[0m[0m[1m[31m^[0m[0m
[0m[0m  [0m[0m  [0m[0m[1m2 │ [0m[0mi[0m[0mm[0m[0mp[0m[0mo[0m[0mr[0m[0mt[0m[0m [0m[0m{[0m[0m [0m[0mS[0m[0me[0m[0mr[0m[0mv[0m[0me[0m[0mr[0m[0m [0m[0m}[0m[0m [0m[0mf[0m[0mr[0m[0mo[0m[0mm[0m[0m [0m[0m'[0m[0ms[0m[0mo[0m[0mc[0m[0mk[0m[0me[0m[0mt[0m[0m.[0m[0mi[0m[0mo[0m[0m'[0m[0m
[0m[0m  [0m[0m  [0m[0m[1m3 │ [0m[0m
[0m[0m  [0m[0m
[0m[0m  [0m[0m[1m[34mℹ[0m[0m [0m[0m[34mUsing the [0m[0m[1m[34mnode:[0m[0m[34m protocol is more explicit and signals that the imported module belongs to Node.js.[0m[0m
[0m[0m  [0m[0m
[0m[0m  [0m[0m[1m[34mℹ[0m[0m [0m[0m[34mUnsafe fix: Add the [0m[0m[1m[34mnode:[0m[0m[34m protocol.[0m[0m
[0m[0m  [0m[0m
[0m[0m  [0m[0m  [0m[0m[1m 1[0m[0m [0m[0m [0m[0m [0m[0m[1m │ [0m[0m[31m-[0m[0m [0m[0m[31mi[0m[0m[31mm[0m[0m[31mp[0m[0m[31mo[0m[0m[31mr[0m[0m[31mt[0m[0m[2m[31m·[0m[0m[31m{[0m[0m[2m[31m·[0m[0m[31mS[0m[0m[31me[0m[0m[31mr[0m[0m[31mv[0m[0m[31me[0m[0m[31mr[0m[0m[2m[31m·[0m[0m[31ma[0m[0m[31ms[0m[0m[2m[31m·[0m[0m[31mH[0m[0m[31mT[0m[0m[31mT[0m[0m[31mP[0m[0m[31mS[0m[0m[31me[0m[0m[31mr[0m[0m[31mv[0m[0m[31me[0m[0m[31mr[0m[0m[2m[31m·[0m[0m[31m}[0m[0m[2m[31m·[0m[0m[31mf[0m[0m[31mr[0m[0m[31mo[0m[0m[31mm[0m[0m[2m[31m·[0m[0m[31m'[0m[0m[1m[31mh[0m[0m[1m[31mt[0m[0m[1m[31mt[0m[0m[1m[31mp[0m[0m[31m'[0m[0m
[0m[0m  [0m[0m  [0m[0m [0m[0m [0m[0m [0m[0m[1m 1[0m[0m[1m │ [0m[0m[32m+[0m[0m [0m[0m[32mi[0m[0m[32mm[0m[0m[32mp[0m[0m[32mo[0m[0m[32mr[0m[0m[32mt[0m[0m[2m[32m·[0m[0m[32m{[0m[0m[2m[32m·[0m[0m[32mS[0m[0m[32me[0m[0m[32mr[0m[0m[32mv[0m[0m[32me[0m[0m[32mr[0m[0m[2m[32m·[0m[0m[32ma[0m[0m[32ms[0m[0m[2m[32m·[0m[0m[32mH[0m[0m[32mT[0m[0m[32mT[0m[0m[32mP[0m[0m[32mS[0m[0m[32me[0m[0m[32mr[0m[0m[32mv[0m[0m[32me[0m[0m[32mr[0m[0m[2m[32m·[0m[0m[32m}[0m[0m[2m[32m·[0m[0m[32mf[0m[0m[32mr[0m[0m[32mo[0m[0m[32mm[0m[0m[2m[32m·[0m[0m[32m'[0m[0m[1m[32mn[0m[0m[1m[32mo[0m[0m[1m[32md[0m[0m[1m[32me[0m[0m[1m[32m:[0m[0m[1m[32mh[0m[0m[1m[32mt[0m[0m[1m[32mt[0m[0m[1m[32mp[0m[0m[32m'[0m[0m
[0m[0m  [0m[0m  [0m[0m[1m 2[0m[0m [0m[0m[1m 2[0m[0m[1m │ [0m[0m [0m[0m [0m[0mi[0m[0mm[0m[0mp[0m[0mo[0m[0mr[0m[0mt[0m[0m [0m[0m{[0m[0m [0m[0mS[0m[0me[0m[0mr[0m[0mv[0m[0me[0m[0mr[0m[0m [0m[0m}[0m[0m [0m[0mf[0m[0mr[0m[0mo[0m[0mm[0m[0m [0m[0m'[0m[0ms[0m[0mo[0m[0mc[0m[0mk[0m[0me[0m[0mt[0m[0m.[0m[0mi[0m[0mo[0m[0m'[0m[0m
[0m[0m  [0m[0m  [0m[0m[1m 3[0m[0m [0m[0m[1m 3[0m[0m[1m │ [0m[0m [0m[0m [0m[0m
[0m[0m  [0m[0m
[0m
[0msrc/types/express-session.d.ts[0m[0m:[0m[0m12[0m[0m:[0m[0m1[0m[0m [0m[0m]8;;https://biomejs.dev/linter/rules/no-useless-empty-export\lint/complexity/noUselessEmptyExport]8;;\[0m[0m [0m[0m[30m[47m FIXABLE [0m[0m [0m[0m━━━━━━━━━━━━━━━━━━━━━━━━━━━━━━━━━━━━━━━━━━━━━━━━━━━━━━━━━━━━━━━━━━━━━━━━━━━━━━━━━━━━━━━━━━━━━━━━━━━━━━━━━━━━━━━━[0m[0m

[0m[0m  [0m[0m[1m[34mℹ[0m[0m [0m[0m[34mThis empty [0m[0m[1m[34mexport[0m[0m[34m is useless because there's another [0m[0m[1m[34mexport[0m[0m[34m or [0m[0m[1m[34mimport[0m[0m[34m.[0m[0m
[0m[0m  [0m[0m
[0m[0m  [0m[0m  [0m[0m[1m10 │ [0m[0m}[0m[0m
[0m[0m  [0m[0m  [0m[0m[1m11 │ [0m[0m
[0m[0m  [0m[0m[1m[31m>[0m[0m [0m[0m[1m12 │ [0m[0me[0m[0mx[0m[0mp[0m[0mo[0m[0mr[0m[0mt[0m[0m [0m[0m{[0m[0m}[0m[0m
[0m[0m  [0m[0m [0m[0m [0m[0m[1m   │ [0m[0m[1m[31m^[0m[0m[1m[31m^[0m[0m[1m[31m^[0m[0m[1m[31m^[0m[0m[1m[31m^[0m[0m[1m[31m^[0m[0m[1m[31m^[0m[0m[1m[31m^[0m[0m[1m[31m^[0m[0m
[0m[0m  [0m[0m  [0m[0m[1m13 │ [0m[0m
[0m[0m  [0m[0m
[0m[0m  [0m[0m[1m[34mℹ[0m[0m [0m[0m[34mThis [0m[0m[1m[34mimport[0m[0m[34m makes useless the empty export.[0m[0m
[0m[0m  [0m[0m
[0m[0m  [0m[0m[1m[31m>[0m[0m [0m[0m[1m1 │ [0m[0mi[0m[0mm[0m[0mp[0m[0mo[0m[0mr[0m[0mt[0m[0m [0m[0m'[0m[0me[0m[0mx[0m[0mp[0m[0mr[0m[0me[0m[0ms[0m[0ms[0m[0m-[0m[0ms[0m[0me[0m[0ms[0m[0ms[0m[0mi[0m[0mo[0m[0mn[0m[0m'[0m[0m
[0m[0m  [0m[0m [0m[0m[1m   │ [0m[0m[1m[31m^[0m[0m[1m[31m^[0m[0m[1m[31m^[0m[0m[1m[31m^[0m[0m[1m[31m^[0m[0m[1m[31m^[0m[0m
[0m[0m  [0m[0m  [0m[0m[1m2 │ [0m[0m
[0m[0m  [0m[0m  [0m[0m[1m3 │ [0m[0md[0m[0me[0m[0mc[0m[0ml[0m[0ma[0m[0mr[0m[0me[0m[0m [0m[0mm[0m[0mo[0m[0md[0m[0mu[0m[0ml[0m[0me[0m[0m [0m[0m'[0m[0me[0m[0mx[0m[0mp[0m[0mr[0m[0me[0m[0ms[0m[0ms[0m[0m-[0m[0ms[0m[0me[0m[0ms[0m[0ms[0m[0mi[0m[0mo[0m[0mn[0m[0m'[0m[0m [0m[0m{[0m[0m
[0m[0m  [0m[0m
[0m[0m  [0m[0m[1m[34mℹ[0m[0m [0m[0m[34mSafe fix: Remove this useless empty export.[0m[0m
[0m[0m  [0m[0m
[0m[0m  [0m[0m  [0m[0m[1m 9[0m[0m [0m[0m[1m 9[0m[0m[1m │ [0m[0m [0m[0m [0m[0m [0m[0m [0m[0m}[0m[0m
[0m[0m  [0m[0m  [0m[0m[1m10[0m[0m [0m[0m[1m10[0m[0m[1m │ [0m[0m [0m[0m [0m[0m}[0m[0m
[0m[0m  [0m[0m  [0m[0m[1m11[0m[0m [0m[0m [0m[0m [0m[0m[1m │ [0m[0m[31m-[0m[0m [0m[0m
[0m[0m  [0m[0m  [0m[0m[1m12[0m[0m [0m[0m [0m[0m [0m[0m[1m │ [0m[0m[31m-[0m[0m [0m[0m[1m[31me[0m[0m[1m[31mx[0m[0m[1m[31mp[0m[0m[1m[31mo[0m[0m[1m[31mr[0m[0m[1m[31mt[0m[0m[1m[2m[31m·[0m[0m[1m[31m{[0m[0m[1m[31m}[0m[0m
[0m[0m  [0m[0m  [0m[0m[1m13[0m[0m [0m[0m[1m11[0m[0m[1m │ [0m[0m [0m[0m [0m[0m
[0m[0m  [0m[0m
[0m
[0mtest/setup.ts[0m[0m:[0m[0m29[0m[0m:[0m[0m23[0m[0m [0m[0m]8;;https://biomejs.dev/linter/rules/use-template\lint/style/useTemplate]8;;\[0m[0m [0m[0m[30m[47m FIXABLE [0m[0m [0m[0m━━━━━━━━━━━━━━━━━━━━━━━━━━━━━━━━━━━━━━━━━━━━━━━━━━━━━━━━━━━━━━━━━━━━━━━━━━━━━━━━━━━━━━━━━━━━━━━━━━━━━━━━━━━━━━━━━━━━━━━━━━━━━━━━━━━━━━━━━━━━━━[0m[0m

[0m[0m  [0m[0m[1m[34mℹ[0m[0m [0m[0m[1m[34mTemplate[0m[0m[34m literals are preferred over [0m[0m[1m[34mstring concatenation.[0m[0m
[0m[0m  [0m[0m
[0m[0m  [0m[0m  [0m[0m[1m28 │ [0m[0m [0m[0m [0m[0mf[0m[0mo[0m[0mr[0m[0m [0m[0m([0m[0mc[0m[0mo[0m[0mn[0m[0ms[0m[0mt[0m[0m [0m[0ms[0m[0mt[0m[0mm[0m[0mt[0m[0m [0m[0mo[0m[0mf[0m[0m [0m[0ms[0m[0mq[0m[0ml[0m[0mS[0m[0mt[0m[0ma[0m[0mt[0m[0me[0m[0mm[0m[0me[0m[0mn[0m[0mt[0m[0ms[0m[0m)[0m[0m [0m[0m{[0m[0m
[0m[0m  [0m[0m[1m[31m>[0m[0m [0m[0m[1m29 │ [0m[0m [0m[0m [0m[0m [0m[0m [0m[0ma[0m[0mw[0m[0ma[0m[0mi[0m[0mt[0m[0m [0m[0mc[0m[0ml[0m[0mi[0m[0me[0m[0mn[0m[0mt[0m[0m.[0m[0me[0m[0mx[0m[0me[0m[0mc[0m[0m([0m[0ms[0m[0mt[0m[0mm[0m[0mt[0m[0m [0m[0m+[0m[0m [0m[0m'[0m[0m;[0m[0m'[0m[0m)[0m[0m
[0m[0m  [0m[0m [0m[0m [0m[0m[1m   │ [0m[0m [0m[0m [0m[0m [0m[0m [0m[0m [0m[0m [0m[0m [0m[0m [0m[0m [0m[0m [0m[0m [0m[0m [0m[0m [0m[0m [0m[0m [0m[0m [0m[0m [0m[0m [0m[0m [0m[0m [0m[0m [0m[0m [0m[0m[1m[31m^[0m[0m[1m[31m^[0m[0m[1m[31m^[0m[0m[1m[31m^[0m[0m[1m[31m^[0m[0m[1m[31m^[0m[0m[1m[31m^[0m[0m[1m[31m^[0m[0m[1m[31m^[0m[0m[1m[31m^[0m[0m
[0m[0m  [0m[0m  [0m[0m[1m30 │ [0m[0m [0m[0m [0m[0m}[0m[0m
[0m[0m  [0m[0m  [0m[0m[1m31 │ [0m[0m
[0m[0m  [0m[0m
[0m[0m  [0m[0m[1m[34mℹ[0m[0m [0m[0m[34mUnsafe fix: Use a [0m[0m[1m[34mtemplate literal[0m[0m[34m.[0m[0m
[0m[0m  [0m[0m
[0m[0m  [0m[0m  [0m[0m[1m27[0m[0m [0m[0m[1m27[0m[0m[1m │ [0m[0m [0m[0m [0m[0m
[0m[0m  [0m[0m  [0m[0m[1m28[0m[0m [0m[0m[1m28[0m[0m[1m │ [0m[0m [0m[0m [0m[0m [0m[0m [0m[0mf[0m[0mo[0m[0mr[0m[0m [0m[0m([0m[0mc[0m[0mo[0m[0mn[0m[0ms[0m[0mt[0m[0m [0m[0ms[0m[0mt[0m[0mm[0m[0mt[0m[0m [0m[0mo[0m[0mf[0m[0m [0m[0ms[0m[0mq[0m[0ml[0m[0mS[0m[0mt[0m[0ma[0m[0mt[0m[0me[0m[0mm[0m[0me[0m[0mn[0m[0mt[0m[0ms[0m[0m)[0m[0m [0m[0m{[0m[0m
[0m[0m  [0m[0m  [0m[0m[1m29[0m[0m [0m[0m [0m[0m [0m[0m[1m │ [0m[0m[31m-[0m[0m [0m[0m[2m[31m·[0m[0m[2m[31m·[0m[0m[2m[31m·[0m[0m[2m[31m·[0m[0m[31ma[0m[0m[31mw[0m[0m[31ma[0m[0m[31mi[0m[0m[31mt[0m[0m[2m[31m·[0m[0m[31mc[0m[0m[31ml[0m[0m[31mi[0m[0m[31me[0m[0m[31mn[0m[0m[31mt[0m[0m[31m.[0m[0m[31me[0m[0m[31mx[0m[0m[31me[0m[0m[31mc[0m[0m[31m([0m[0m[31ms[0m[0m[31mt[0m[0m[31mm[0m[0m[31mt[0m[0m[1m[2m[31m·[0m[0m[1m[31m+[0m[0m[1m[2m[31m·[0m[0m[1m[31m'[0m[0m[31m;[0m[0m[1m[31m'[0m[0m[31m)[0m[0m
[0m[0m  [0m[0m  [0m[0m [0m[0m [0m[0m [0m[0m[1m29[0m[0m[1m │ [0m[0m[32m+[0m[0m [0m[0m[2m[32m·[0m[0m[2m[32m·[0m[0m[2m[32m·[0m[0m[2m[32m·[0m[0m[32ma[0m[0m[32mw[0m[0m[32ma[0m[0m[32mi[0m[0m[32mt[0m[0m[2m[32m·[0m[0m[32mc[0m[0m[32ml[0m[0m[32mi[0m[0m[32me[0m[0m[32mn[0m[0m[32mt[0m[0m[32m.[0m[0m[32me[0m[0m[32mx[0m[0m[32me[0m[0m[32mc[0m[0m[32m([0m[0m[1m[32m`[0m[0m[1m[32m$[0m[0m[1m[32m{[0m[0m[32ms[0m[0m[32mt[0m[0m[32mm[0m[0m[32mt[0m[0m[1m[32m}[0m[0m[32m;[0m[0m[1m[32m`[0m[0m[32m)[0m[0m
[0m[0m  [0m[0m  [0m[0m[1m30[0m[0m [0m[0m[1m30[0m[0m[1m │ [0m[0m [0m[0m [0m[0m [0m[0m [0m[0m}[0m[0m
[0m[0m  [0m[0m  [0m[0m[1m31[0m[0m [0m[0m[1m31[0m[0m[1m │ [0m[0m [0m[0m [0m[0m
[0m[0m  [0m[0m
[0m
[0mdrizzle.config.ts[0m[0m:[0m[0m6[0m[0m:[0m[0m10[0m[0m [0m[0m]8;;https://biomejs.dev/linter/rules/no-non-null-assertion\lint/style/noNonNullAssertion]8;;\[0m[0m [0m[0m━━━━━━━━━━━━━━━━━━━━━━━━━━━━━━━━━━━━━━━━━━━━━━━━━━━━━━━━━━━━━━━━━━━━━━━━━━━━━━━━━━━━━━━━━━━━━━━━━━━━━━━━━━━━━━━━━━━━━━━━━━━━━━━━━━━━━━━━━━━━━━[0m[0m

[0m[0m  [0m[0m[1m[33m⚠[0m[0m [0m[0m[33mForbidden non-null assertion.[0m[0m
[0m[0m  [0m[0m
[0m[0m  [0m[0m  [0m[0m[1m4 │ [0m[0m [0m[0m [0m[0md[0m[0mb[0m[0mC[0m[0mr[0m[0me[0m[0md[0m[0me[0m[0mn[0m[0mt[0m[0mi[0m[0ma[0m[0ml[0m[0ms[0m[0m:[0m[0m [0m[0m{[0m[0m
[0m[0m  [0m[0m  [0m[0m[1m5 │ [0m[0m [0m[0m [0m[0m [0m[0m [0m[0m/[0m[0m/[0m[0m [0m[0me[0m[0ms[0m[0ml[0m[0mi[0m[0mn[0m[0mt[0m[0m-[0m[0md[0m[0mi[0m[0ms[0m[0ma[0m[0mb[0m[0ml[0m[0me[0m[0m-[0m[0mn[0m[0me[0m[0mx[0m[0mt[0m[0m-[0m[0ml[0m[0mi[0m[0mn[0m[0me[0m[0m [0m[0m@[0m[0mt[0m[0my[0m[0mp[0m[0me[0m[0ms[0m[0mc[0m[0mr[0m[0mi[0m[0mp[0m[0mt[0m[0m-[0m[0me[0m[0ms[0m[0ml[0m[0mi[0m[0mn[0m[0mt[0m[0m/[0m[0mn[0m[0mo[0m[0m-[0m[0mn[0m[0mo[0m[0mn[0m[0m-[0m[0mn[0m[0mu[0m[0ml[0m[0ml[0m[0m-[0m[0ma[0m[0ms[0m[0ms[0m[0me[0m[0mr[0m[0mt[0m[0mi[0m[0mo[0m[0mn[0m[0m
[0m[0m  [0m[0m[1m[31m>[0m[0m [0m[0m[1m6 │ [0m[0m [0m[0m [0m[0m [0m[0m [0m[0mu[0m[0mr[0m[0ml[0m[0m:[0m[0m [0m[0mp[0m[0mr[0m[0mo[0m[0mc[0m[0me[0m[0ms[0m[0ms[0m[0m.[0m[0me[0m[0mn[0m[0mv[0m[0m.[0m[0mD[0m[0mA[0m[0mT[0m[0mA[0m[0mB[0m[0mA[0m[0mS[0m[0mE[0m[0m_[0m[0mU[0m[0mR[0m[0mL[0m[0m![0m[0m,[0m[0m
[0m[0m  [0m[0m [0m[0m[1m   │ [0m[0m [0m[0m [0m[0m [0m[0m [0m[0m [0m[0m [0m[0m [0m[0m [0m[0m [0m[0m[1m[31m^[0m[0m[1m[31m^[0m[0m[1m[31m^[0m[0m[1m[31m^[0m[0m[1m[31m^[0m[0m[1m[31m^[0m[0m[1m[31m^[0m[0m[1m[31m^[0m[0m[1m[31m^[0m[0m[1m[31m^[0m[0m[1m[31m^[0m[0m[1m[31m^[0m[0m[1m[31m^[0m[0m[1m[31m^[0m[0m[1m[31m^[0m[0m[1m[31m^[0m[0m[1m[31m^[0m[0m[1m[31m^[0m[0m[1m[31m^[0m[0m[1m[31m^[0m[0m[1m[31m^[0m[0m[1m[31m^[0m[0m[1m[31m^[0m[0m[1m[31m^[0m[0m[1m[31m^[0m[0m
[0m[0m  [0m[0m  [0m[0m[1m7 │ [0m[0m [0m[0m [0m[0m}[0m[0m,[0m[0m
[0m[0m  [0m[0m  [0m[0m[1m8 │ [0m[0m [0m[0m [0m[0md[0m[0mi[0m[0ma[0m[0ml[0m[0me[0m[0mc[0m[0mt[0m[0m:[0m[0m [0m[0m'[0m[0mp[0m[0mo[0m[0ms[0m[0mt[0m[0mg[0m[0mr[0m[0me[0m[0ms[0m[0mq[0m[0ml[0m[0m'[0m[0m,[0m[0m
[0m[0m  [0m[0m
[0m
[0msrc/config/logger.ts[0m[0m:[0m[0m4[0m[0m:[0m[0m18[0m[0m [0m[0m]8;;https://biomejs.dev/linter/rules/no-explicit-any\lint/suspicious/noExplicitAny]8;;\[0m[0m [0m[0m━━━━━━━━━━━━━━━━━━━━━━━━━━━━━━━━━━━━━━━━━━━━━━━━━━━━━━━━━━━━━━━━━━━━━━━━━━━━━━━━━━━━━━━━━━━━━━━━━━━━━━━━━━━━━━━━━━━━━━━━━━━━━━━━━━━━━━━━━━━[0m[0m

[0m[0m  [0m[0m[1m[33m⚠[0m[0m [0m[0m[33mUnexpected [0m[0m[1m[33many[0m[0m[33m. Specify a different type.[0m[0m
[0m[0m  [0m[0m
[0m[0m  [0m[0m  [0m[0m[1m2 │ [0m[0m/[0m[0m*[0m[0m [0m[0me[0m[0ms[0m[0ml[0m[0mi[0m[0mn[0m[0mt[0m[0m-[0m[0md[0m[0mi[0m[0ms[0m[0ma[0m[0mb[0m[0ml[0m[0me[0m[0m [0m[0m@[0m[0mt[0m[0my[0m[0mp[0m[0me[0m[0ms[0m[0mc[0m[0mr[0m[0mi[0m[0mp[0m[0mt[0m[0m-[0m[0me[0m[0ms[0m[0ml[0m[0mi[0m[0mn[0m[0mt[0m[0m/[0m[0mn[0m[0mo[0m[0m-[0m[0me[0m[0mx[0m[0mp[0m[0ml[0m[0mi[0m[0mc[0m[0mi[0m[0mt[0m[0m-[0m[0ma[0m[0mn[0m[0my[0m[0m [0m[0m*[0m[0m/[0m[0m
[0m[0m  [0m[0m  [0m[0m[1m3 │ [0m[0mc[0m[0ml[0m[0ma[0m[0ms[0m[0ms[0m[0m [0m[0mL[0m[0mo[0m[0mg[0m[0mg[0m[0me[0m[0mr[0m[0m [0m[0m{[0m[0m
[0m[0m  [0m[0m[1m[31m>[0m[0m [0m[0m[1m4 │ [0m[0m [0m[0m [0m[0me[0m[0mr[0m[0mr[0m[0mo[0m[0mr[0m[0m([0m[0m.[0m[0m.[0m[0m.[0m[0md[0m[0ma[0m[0mt[0m[0ma[0m[0m:[0m[0m [0m[0ma[0m[0mn[0m[0my[0m[0m[[0m[0m][0m[0m)[0m[0m [0m[0m{[0m[0m
[0m[0m  [0m[0m [0m[0m[1m   │ [0m[0m [0m[0m [0m[0m [0m[0m [0m[0m [0m[0m [0m[0m [0m[0m [0m[0m [0m[0m [0m[0m [0m[0m [0m[0m [0m[0m [0m[0m [0m[0m [0m[0m [0m[0m[1m[31m^[0m[0m[1m[31m^[0m[0m[1m[31m^[0m[0m
[0m[0m  [0m[0m  [0m[0m[1m5 │ [0m[0m [0m[0m [0m[0m [0m[0m [0m[0mt[0m[0mh[0m[0mi[0m[0ms[0m[0m.[0m[0ml[0m[0mo[0m[0mg[0m[0m([0m[0m'[0m[0me[0m[0mr[0m[0mr[0m[0mo[0m[0mr[0m[0m'[0m[0m,[0m[0m [0m[0m.[0m[0m.[0m[0m.[0m[0md[0m[0ma[0m[0mt[0m[0ma[0m[0m)[0m[0m
[0m[0m  [0m[0m  [0m[0m[1m6 │ [0m[0m [0m[0m [0m[0m}[0m[0m
[0m[0m  [0m[0m
[0m[0m  [0m[0m[1m[34mℹ[0m[0m [0m[0m[1m[34many[0m[0m[34m disables many type checking rules. Its use should be avoided.[0m[0m
[0m[0m  [0m[0m
[0m
[0msrc/config/logger.ts[0m[0m:[0m[0m8[0m[0m:[0m[0m17[0m[0m [0m[0m]8;;https://biomejs.dev/linter/rules/no-explicit-any\lint/suspicious/noExplicitAny]8;;\[0m[0m [0m[0m━━━━━━━━━━━━━━━━━━━━━━━━━━━━━━━━━━━━━━━━━━━━━━━━━━━━━━━━━━━━━━━━━━━━━━━━━━━━━━━━━━━━━━━━━━━━━━━━━━━━━━━━━━━━━━━━━━━━━━━━━━━━━━━━━━━━━━━━━━━[0m[0m

[0m[0m  [0m[0m[1m[33m⚠[0m[0m [0m[0m[33mUnexpected [0m[0m[1m[33many[0m[0m[33m. Specify a different type.[0m[0m
[0m[0m  [0m[0m
[0m[0m  [0m[0m [0m[0m  [0m[0m[1m6 │ [0m[0m [0m[0m [0m[0m}[0m[0m
[0m[0m  [0m[0m [0m[0m  [0m[0m[1m7 │ [0m[0m
[0m[0m  [0m[0m [0m[0m[1m[31m>[0m[0m [0m[0m[1m8 │ [0m[0m [0m[0m [0m[0mi[0m[0mn[0m[0mf[0m[0mo[0m[0m([0m[0m.[0m[0m.[0m[0m.[0m[0md[0m[0ma[0m[0mt[0m[0ma[0m[0m:[0m[0m [0m[0ma[0m[0mn[0m[0my[0m[0m[[0m[0m][0m[0m)[0m[0m [0m[0m{[0m[0m
[0m[0m  [0m[0m [0m[0m [0m[0m[1m   │ [0m[0m [0m[0m [0m[0m [0m[0m [0m[0m [0m[0m [0m[0m [0m[0m [0m[0m [0m[0m [0m[0m [0m[0m [0m[0m [0m[0m [0m[0m [0m[0m [0m[0m[1m[31m^[0m[0m[1m[31m^[0m[0m[1m[31m^[0m[0m
[0m[0m  [0m[0m [0m[0m  [0m[0m[1m9 │ [0m[0m [0m[0m [0m[0m [0m[0m [0m[0mt[0m[0mh[0m[0mi[0m[0ms[0m[0m.[0m[0ml[0m[0mo[0m[0mg[0m[0m([0m[0m'[0m[0mi[0m[0mn[0m[0mf[0m[0mo[0m[0m'[0m[0m,[0m[0m [0m[0m.[0m[0m.[0m[0m.[0m[0md[0m[0ma[0m[0mt[0m[0ma[0m[0m)[0m[0m
[0m[0m  [0m[0m  [0m[0m[1m10 │ [0m[0m [0m[0m [0m[0m}[0m[0m
[0m[0m  [0m[0m
[0m[0m  [0m[0m[1m[34mℹ[0m[0m [0m[0m[1m[34many[0m[0m[34m disables many type checking rules. Its use should be avoided.[0m[0m
[0m[0m  [0m[0m
[0m
[0msrc/config/logger.ts[0m[0m:[0m[0m12[0m[0m:[0m[0m49[0m[0m [0m[0m]8;;https://biomejs.dev/linter/rules/no-explicit-any\lint/suspicious/noExplicitAny]8;;\[0m[0m [0m[0m━━━━━━━━━━━━━━━━━━━━━━━━━━━━━━━━━━━━━━━━━━━━━━━━━━━━━━━━━━━━━━━━━━━━━━━━━━━━━━━━━━━━━━━━━━━━━━━━━━━━━━━━━━━━━━━━━━━━━━━━━━━━━━━━━━━━━━━━━━[0m[0m

[0m[0m  [0m[0m[1m[33m⚠[0m[0m [0m[0m[33mUnexpected [0m[0m[1m[33many[0m[0m[33m. Specify a different type.[0m[0m
[0m[0m  [0m[0m
[0m[0m  [0m[0m  [0m[0m[1m10 │ [0m[0m [0m[0m [0m[0m}[0m[0m
[0m[0m  [0m[0m  [0m[0m[1m11 │ [0m[0m
[0m[0m  [0m[0m[1m[31m>[0m[0m [0m[0m[1m12 │ [0m[0m [0m[0m [0m[0ml[0m[0mo[0m[0mg[0m[0m([0m[0m.[0m[0m.[0m[0m.[0m[0mp[0m[0ma[0m[0mr[0m[0ma[0m[0mm[0m[0ms[0m[0m:[0m[0m [0m[0m[[0m[0m'[0m[0me[0m[0mr[0m[0mr[0m[0mo[0m[0mr[0m[0m'[0m[0m [0m[0m|[0m[0m [0m[0m'[0m[0mi[0m[0mn[0m[0mf[0m[0mo[0m[0m'[0m[0m [0m[0m|[0m[0m [0m[0m'[0m[0mw[0m[0ma[0m[0mr[0m[0mn[0m[0m'[0m[0m,[0m[0m [0m[0m.[0m[0m.[0m[0m.[0m[0ma[0m[0mn[0m[0my[0m[0m][0m[0m [0m[0m|[0m[0m [0m[0ma[0m[0mn[0m[0my[0m[0m[[0m[0m][0m[0m)[0m[0m [0m[0m{[0m[0m
[0m[0m  [0m[0m [0m[0m [0m[0m[1m   │ [0m[0m [0m[0m [0m[0m [0m[0m [0m[0m [0m[0m [0m[0m [0m[0m [0m[0m [0m[0m [0m[0m [0m[0m [0m[0m [0m[0m [0m[0m [0m[0m [0m[0m [0m[0m [0m[0m [0m[0m [0m[0m [0m[0m [0m[0m [0m[0m [0m[0m [0m[0m [0m[0m [0m[0m [0m[0m [0m[0m [0m[0m [0m[0m [0m[0m [0m[0m [0m[0m [0m[0m [0m[0m [0m[0m [0m[0m [0m[0m [0m[0m [0m[0m [0m[0m [0m[0m [0m[0m [0m[0m [0m[0m [0m[0m [0m[0m[1m[31m^[0m[0m[1m[31m^[0m[0m[1m[31m^[0m[0m
[0m[0m  [0m[0m  [0m[0m[1m13 │ [0m[0m [0m[0m [0m[0m [0m[0m [0m[0mc[0m[0mo[0m[0mn[0m[0ms[0m[0mt[0m[0m [0m[0mt[0m[0mi[0m[0mm[0m[0me[0m[0ms[0m[0mt[0m[0ma[0m[0mm[0m[0mp[0m[0m [0m[0m=[0m[0m [0m[0mn[0m[0me[0m[0mw[0m[0m [0m[0mD[0m[0ma[0m[0mt[0m[0me[0m[0m([0m[0m)[0m[0m.[0m[0mt[0m[0mo[0m[0mI[0m[0mS[0m[0mO[0m[0mS[0m[0mt[0m[0mr[0m[0mi[0m[0mn[0m[0mg[0m[0m([0m[0m)[0m[0m
[0m[0m  [0m[0m  [0m[0m[1m14 │ [0m[0m
[0m[0m  [0m[0m
[0m[0m  [0m[0m[1m[34mℹ[0m[0m [0m[0m[1m[34many[0m[0m[34m disables many type checking rules. Its use should be avoided.[0m[0m
[0m[0m  [0m[0m
[0m
[0msrc/config/logger.ts[0m[0m:[0m[0m12[0m[0m:[0m[0m56[0m[0m [0m[0m]8;;https://biomejs.dev/linter/rules/no-explicit-any\lint/suspicious/noExplicitAny]8;;\[0m[0m [0m[0m━━━━━━━━━━━━━━━━━━━━━━━━━━━━━━━━━━━━━━━━━━━━━━━━━━━━━━━━━━━━━━━━━━━━━━━━━━━━━━━━━━━━━━━━━━━━━━━━━━━━━━━━━━━━━━━━━━━━━━━━━━━━━━━━━━━━━━━━━━[0m[0m

[0m[0m  [0m[0m[1m[33m⚠[0m[0m [0m[0m[33mUnexpected [0m[0m[1m[33many[0m[0m[33m. Specify a different type.[0m[0m
[0m[0m  [0m[0m
[0m[0m  [0m[0m  [0m[0m[1m10 │ [0m[0m [0m[0m [0m[0m}[0m[0m
[0m[0m  [0m[0m  [0m[0m[1m11 │ [0m[0m
[0m[0m  [0m[0m[1m[31m>[0m[0m [0m[0m[1m12 │ [0m[0m [0m[0m [0m[0ml[0m[0mo[0m[0mg[0m[0m([0m[0m.[0m[0m.[0m[0m.[0m[0mp[0m[0ma[0m[0mr[0m[0ma[0m[0mm[0m[0ms[0m[0m:[0m[0m [0m[0m[[0m[0m'[0m[0me[0m[0mr[0m[0mr[0m[0mo[0m[0mr[0m[0m'[0m[0m [0m[0m|[0m[0m [0m[0m'[0m[0mi[0m[0mn[0m[0mf[0m[0mo[0m[0m'[0m[0m [0m[0m|[0m[0m [0m[0m'[0m[0mw[0m[0ma[0m[0mr[0m[0mn[0m[0m'[0m[0m,[0m[0m [0m[0m.[0m[0m.[0m[0m.[0m[0ma[0m[0mn[0m[0my[0m[0m][0m[0m [0m[0m|[0m[0m [0m[0ma[0m[0mn[0m[0my[0m[0m[[0m[0m][0m[0m)[0m[0m [0m[0m{[0m[0m
[0m[0m  [0m[0m [0m[0m [0m[0m[1m   │ [0m[0m [0m[0m [0m[0m [0m[0m [0m[0m [0m[0m [0m[0m [0m[0m [0m[0m [0m[0m [0m[0m [0m[0m [0m[0m [0m[0m [0m[0m [0m[0m [0m[0m [0m[0m [0m[0m [0m[0m [0m[0m [0m[0m [0m[0m [0m[0m [0m[0m [0m[0m [0m[0m [0m[0m [0m[0m [0m[0m [0m[0m [0m[0m [0m[0m [0m[0m [0m[0m [0m[0m [0m[0m [0m[0m [0m[0m [0m[0m [0m[0m [0m[0m [0m[0m [0m[0m [0m[0m [0m[0m [0m[0m [0m[0m [0m[0m [0m[0m [0m[0m [0m[0m [0m[0m [0m[0m [0m[0m [0m[0m[1m[31m^[0m[0m[1m[31m^[0m[0m[1m[31m^[0m[0m
[0m[0m  [0m[0m  [0m[0m[1m13 │ [0m[0m [0m[0m [0m[0m [0m[0m [0m[0mc[0m[0mo[0m[0mn[0m[0ms[0m[0mt[0m[0m [0m[0mt[0m[0mi[0m[0mm[0m[0me[0m[0ms[0m[0mt[0m[0ma[0m[0mm[0m[0mp[0m[0m [0m[0m=[0m[0m [0m[0mn[0m[0me[0m[0mw[0m[0m [0m[0mD[0m[0ma[0m[0mt[0m[0me[0m[0m([0m[0m)[0m[0m.[0m[0mt[0m[0mo[0m[0mI[0m[0mS[0m[0mO[0m[0mS[0m[0mt[0m[0mr[0m[0mi[0m[0mn[0m[0mg[0m[0m([0m[0m)[0m[0m
[0m[0m  [0m[0m  [0m[0m[1m14 │ [0m[0m
[0m[0m  [0m[0m
[0m[0m  [0m[0m[1m[34mℹ[0m[0m [0m[0m[1m[34many[0m[0m[34m disables many type checking rules. Its use should be avoided.[0m[0m
[0m[0m  [0m[0m
[0m
[0msrc/config/logger.ts[0m[0m:[0m[0m35[0m[0m:[0m[0m17[0m[0m [0m[0m]8;;https://biomejs.dev/linter/rules/no-explicit-any\lint/suspicious/noExplicitAny]8;;\[0m[0m [0m[0m━━━━━━━━━━━━━━━━━━━━━━━━━━━━━━━━━━━━━━━━━━━━━━━━━━━━━━━━━━━━━━━━━━━━━━━━━━━━━━━━━━━━━━━━━━━━━━━━━━━━━━━━━━━━━━━━━━━━━━━━━━━━━━━━━━━━━━━━━━[0m[0m

[0m[0m  [0m[0m[1m[33m⚠[0m[0m [0m[0m[33mUnexpected [0m[0m[1m[33many[0m[0m[33m. Specify a different type.[0m[0m
[0m[0m  [0m[0m
[0m[0m  [0m[0m  [0m[0m[1m33 │ [0m[0m [0m[0m [0m[0m}[0m[0m
[0m[0m  [0m[0m  [0m[0m[1m34 │ [0m[0m
[0m[0m  [0m[0m[1m[31m>[0m[0m [0m[0m[1m35 │ [0m[0m [0m[0m [0m[0mw[0m[0ma[0m[0mr[0m[0mn[0m[0m([0m[0m.[0m[0m.[0m[0m.[0m[0md[0m[0ma[0m[0mt[0m[0ma[0m[0m:[0m[0m [0m[0ma[0m[0mn[0m[0my[0m[0m[[0m[0m][0m[0m)[0m[0m [0m[0m{[0m[0m
[0m[0m  [0m[0m [0m[0m [0m[0m[1m   │ [0m[0m [0m[0m [0m[0m [0m[0m [0m[0m [0m[0m [0m[0m [0m[0m [0m[0m [0m[0m [0m[0m [0m[0m [0m[0m [0m[0m [0m[0m [0m[0m [0m[0m[1m[31m^[0m[0m[1m[31m^[0m[0m[1m[31m^[0m[0m
[0m[0m  [0m[0m  [0m[0m[1m36 │ [0m[0m [0m[0m [0m[0m [0m[0m [0m[0mt[0m[0mh[0m[0mi[0m[0ms[0m[0m.[0m[0ml[0m[0mo[0m[0mg[0m[0m([0m[0m'[0m[0mw[0m[0ma[0m[0mr[0m[0mn[0m[0m'[0m[0m,[0m[0m [0m[0m.[0m[0m.[0m[0m.[0m[0md[0m[0ma[0m[0mt[0m[0ma[0m[0m)[0m[0m
[0m[0m  [0m[0m  [0m[0m[1m37 │ [0m[0m [0m[0m [0m[0m}[0m[0m
[0m[0m  [0m[0m
[0m[0m  [0m[0m[1m[34mℹ[0m[0m [0m[0m[1m[34many[0m[0m[34m disables many type checking rules. Its use should be avoided.[0m[0m
[0m[0m  [0m[0m
[0m
[0msrc/db/schema.ts[0m[0m:[0m[0m2[0m[0m:[0m[0m8[0m[0m [0m[0m]8;;https://biomejs.dev/linter/rules/use-import-type\lint/style/useImportType]8;;\[0m[0m [0m[0m[30m[47m FIXABLE [0m[0m [0m[0m━━━━━━━━━━━━━━━━━━━━━━━━━━━━━━━━━━━━━━━━━━━━━━━━━━━━━━━━━━━━━━━━━━━━━━━━━━━━━━━━━━━━━━━━━━━━━━━━━━━━━━━━━━━━━━━━━━━━━━━━━━━━━━━━━━━━━━━━━━━[0m[0m

[0m[0m  [0m[0m[1m[33m⚠[0m[0m [0m[0m[33mSome named imports are only used as types.[0m[0m
[0m[0m  [0m[0m
[0m[0m  [0m[0m [0m[0m  [0m[0m[1m1 │ [0m[0mi[0m[0mm[0m[0mp[0m[0mo[0m[0mr[0m[0mt[0m[0m [0m[0m{[0m[0m [0m[0mr[0m[0me[0m[0ml[0m[0ma[0m[0mt[0m[0mi[0m[0mo[0m[0mn[0m[0ms[0m[0m,[0m[0m [0m[0ms[0m[0mq[0m[0ml[0m[0m [0m[0m}[0m[0m [0m[0mf[0m[0mr[0m[0mo[0m[0mm[0m[0m [0m[0m'[0m[0md[0m[0mr[0m[0mi[0m[0mz[0m[0mz[0m[0ml[0m[0me[0m[0m-[0m[0mo[0m[0mr[0m[0mm[0m[0m'[0m[0m
[0m[0m  [0m[0m [0m[0m[1m[31m>[0m[0m [0m[0m[1m2 │ [0m[0mi[0m[0mm[0m[0mp[0m[0mo[0m[0mr[0m[0mt[0m[0m [0m[0m{[0m[0m
[0m[0m  [0m[0m [0m[0m [0m[0m[1m   │ [0m[0m [0m[0m [0m[0m [0m[0m [0m[0m [0m[0m [0m[0m [0m[0m[1m[31m^[0m[0m
[0m[0m  [0m[0m [0m[0m[1m[31m>[0m[0m [0m[0m[1m3 │ [0m[0m [0m[0m [0m[0mA[0m[0mn[0m[0my[0m[0mP[0m[0mg[0m[0mC[0m[0mo[0m[0ml[0m[0mu[0m[0mm[0m[0mn[0m[0m,[0m[0m
[0m[0m  [0m[0m [0m[0m[1m[31m>[0m[0m [0m[0m[1m4 │ [0m[0m [0m[0m [0m[0mb[0m[0mo[0m[0mo[0m[0ml[0m[0me[0m[0ma[0m[0mn[0m[0m,[0m[0m
[0m[0m  [0m[0m [0m[0m [0m[0m[1m    ...
[0m[0m  [0m[0m[1m[31m>[0m[0m [0m[0m[1m15 │ [0m[0m [0m[0m [0m[0mv[0m[0ma[0m[0mr[0m[0mc[0m[0mh[0m[0ma[0m[0mr[0m[0m,[0m[0m
[0m[0m  [0m[0m[1m[31m>[0m[0m [0m[0m[1m16 │ [0m[0m}[0m[0m [0m[0mf[0m[0mr[0m[0mo[0m[0mm[0m[0m [0m[0m'[0m[0md[0m[0mr[0m[0mi[0m[0mz[0m[0mz[0m[0ml[0m[0me[0m[0m-[0m[0mo[0m[0mr[0m[0mm[0m[0m/[0m[0mp[0m[0mg[0m[0m-[0m[0mc[0m[0mo[0m[0mr[0m[0me[0m[0m'[0m[0m
[0m[0m  [0m[0m [0m[0m [0m[0m[1m   │ [0m[0m[1m[31m^[0m[0m[1m[31m^[0m[0m[1m[31m^[0m[0m[1m[31m^[0m[0m[1m[31m^[0m[0m[1m[31m^[0m[0m[1m[31m^[0m[0m[1m[31m^[0m[0m[1m[31m^[0m[0m[1m[31m^[0m[0m[1m[31m^[0m[0m[1m[31m^[0m[0m[1m[31m^[0m[0m[1m[31m^[0m[0m[1m[31m^[0m[0m[1m[31m^[0m[0m[1m[31m^[0m[0m[1m[31m^[0m[0m[1m[31m^[0m[0m[1m[31m^[0m[0m[1m[31m^[0m[0m[1m[31m^[0m[0m[1m[31m^[0m[0m[1m[31m^[0m[0m[1m[31m^[0m[0m[1m[31m^[0m[0m[1m[31m^[0m[0m[1m[31m^[0m[0m
[0m[0m  [0m[0m  [0m[0m[1m17 │ [0m[0m
[0m[0m  [0m[0m  [0m[0m[1m18 │ [0m[0me[0m[0mx[0m[0mp[0m[0mo[0m[0mr[0m[0mt[0m[0m [0m[0mc[0m[0mo[0m[0mn[0m[0ms[0m[0mt[0m[0m [0m[0mu[0m[0ms[0m[0me[0m[0mr[0m[0ms[0m[0m [0m[0m=[0m[0m [0m[0mp[0m[0mg[0m[0mT[0m[0ma[0m[0mb[0m[0ml[0m[0me[0m[0m([0m[0m'[0m[0mu[0m[0ms[0m[0me[0m[0mr[0m[0ms[0m[0m'[0m[0m,[0m[0m [0m[0m{[0m[0m
[0m[0m  [0m[0m
[0m[0m  [0m[0m[1m[34mℹ[0m[0m [0m[0m[34mThis import is only used as a type.[0m[0m
[0m[0m  [0m[0m
[0m[0m  [0m[0m  [0m[0m[1m1 │ [0m[0mi[0m[0mm[0m[0mp[0m[0mo[0m[0mr[0m[0mt[0m[0m [0m[0m{[0m[0m [0m[0mr[0m[0me[0m[0ml[0m[0ma[0m[0mt[0m[0mi[0m[0mo[0m[0mn[0m[0ms[0m[0m,[0m[0m [0m[0ms[0m[0mq[0m[0ml[0m[0m [0m[0m}[0m[0m [0m[0mf[0m[0mr[0m[0mo[0m[0mm[0m[0m [0m[0m'[0m[0md[0m[0mr[0m[0mi[0m[0mz[0m[0mz[0m[0ml[0m[0me[0m[0m-[0m[0mo[0m[0mr[0m[0mm[0m[0m'[0m[0m
[0m[0m  [0m[0m  [0m[0m[1m2 │ [0m[0mi[0m[0mm[0m[0mp[0m[0mo[0m[0mr[0m[0mt[0m[0m [0m[0m{[0m[0m
[0m[0m  [0m[0m[1m[31m>[0m[0m [0m[0m[1m3 │ [0m[0m [0m[0m [0m[0mA[0m[0mn[0m[0my[0m[0mP[0m[0mg[0m[0mC[0m[0mo[0m[0ml[0m[0mu[0m[0mm[0m[0mn[0m[0m,[0m[0m
[0m[0m  [0m[0m [0m[0m[1m   │ [0m[0m [0m[0m [0m[0m[1m[31m^[0m[0m[1m[31m^[0m[0m[1m[31m^[0m[0m[1m[31m^[0m[0m[1m[31m^[0m[0m[1m[31m^[0m[0m[1m[31m^[0m[0m[1m[31m^[0m[0m[1m[31m^[0m[0m[1m[31m^[0m[0m[1m[31m^[0m[0m
[0m[0m  [0m[0m  [0m[0m[1m4 │ [0m[0m [0m[0m [0m[0mb[0m[0mo[0m[0mo[0m[0ml[0m[0me[0m[0ma[0m[0mn[0m[0m,[0m[0m
[0m[0m  [0m[0m  [0m[0m[1m5 │ [0m[0m [0m[0m [0m[0mc[0m[0mh[0m[0me[0m[0mc[0m[0mk[0m[0m,[0m[0m
[0m[0m  [0m[0m
[0m[0m  [0m[0m[1m[34mℹ[0m[0m [0m[0m[34mImporting the types with [0m[0m[1m[34mimport type[0m[0m[34m ensures that they are removed by the compilers and avoids loading unnecessary modules.[0m[0m
[0m[0m  [0m[0m
[0m[0m  [0m[0m[1m[34mℹ[0m[0m [0m[0m[34mSafe fix: Add inline [0m[0m[1m[34mtype[0m[0m[34m keywords.[0m[0m
[0m[0m  [0m[0m
[0m[0m  [0m[0m[1m  3 │ [0m[0m[2m·[0m[0m[2m·[0m[0m[32mt[0m[0m[32my[0m[0m[32mp[0m[0m[32me[0m[0m[2m[32m·[0m[0mA[0m[0mn[0m[0my[0m[0mP[0m[0mg[0m[0mC[0m[0mo[0m[0ml[0m[0mu[0m[0mm[0m[0mn[0m[0m,[0m[0m
[0m[0m  [0m[0m[1m    │ [0m[0m [0m[0m [0m[0m[32m+[0m[0m[32m+[0m[0m[32m+[0m[0m[32m+[0m[0m[32m+[0m[0m [0m[0m [0m[0m [0m[0m [0m[0m [0m[0m [0m[0m [0m[0m [0m[0m [0m[0m [0m[0m [0m[0m [0m[0m
[0m
[0msrc/db/seed.ts[0m[0m:[0m[0m6[0m[0m:[0m[0m8[0m[0m [0m[0m]8;;https://biomejs.dev/linter/rules/use-import-type\lint/style/useImportType]8;;\[0m[0m [0m[0m[30m[47m FIXABLE [0m[0m [0m[0m━━━━━━━━━━━━━━━━━━━━━━━━━━━━━━━━━━━━━━━━━━━━━━━━━━━━━━━━━━━━━━━━━━━━━━━━━━━━━━━━━━━━━━━━━━━━━━━━━━━━━━━━━━━━━━━━━━━━━━━━━━━━━━━━━━━━━━━━━━━━━[0m[0m

[0m[0m  [0m[0m[1m[33m⚠[0m[0m [0m[0m[33mAll these imports are only used as types.[0m[0m
[0m[0m  [0m[0m
[0m[0m  [0m[0m  [0m[0m[1m4 │ [0m[0mi[0m[0mm[0m[0mp[0m[0mo[0m[0mr[0m[0mt[0m[0m [0m[0ml[0m[0mo[0m[0mg[0m[0mg[0m[0me[0m[0mr[0m[0m [0m[0mf[0m[0mr[0m[0mo[0m[0mm[0m[0m [0m[0m'[0m[0m.[0m[0m.[0m[0m/[0m[0mc[0m[0mo[0m[0mn[0m[0mf[0m[0mi[0m[0mg[0m[0m/[0m[0ml[0m[0mo[0m[0mg[0m[0mg[0m[0me[0m[0mr[0m[0m.[0m[0mj[0m[0ms[0m[0m'[0m[0m
[0m[0m  [0m[0m  [0m[0m[1m5 │ [0m[0mi[0m[0mm[0m[0mp[0m[0mo[0m[0mr[0m[0mt[0m[0m [0m[0m{[0m[0m [0m[0md[0m[0mb[0m[0m [0m[0m}[0m[0m [0m[0mf[0m[0mr[0m[0mo[0m[0mm[0m[0m [0m[0m'[0m[0m.[0m[0m/[0m[0mc[0m[0mo[0m[0mn[0m[0mn[0m[0me[0m[0mc[0m[0mt[0m[0mi[0m[0mo[0m[0mn[0m[0m.[0m[0mj[0m[0ms[0m[0m'[0m[0m
[0m[0m  [0m[0m[1m[31m>[0m[0m [0m[0m[1m6 │ [0m[0mi[0m[0mm[0m[0mp[0m[0mo[0m[0mr[0m[0mt[0m[0m [0m[0m{[0m[0m [0m[0mN[0m[0me[0m[0mw[0m[0mP[0m[0mo[0m[0ms[0m[0mt[0m[0m,[0m[0m [0m[0mN[0m[0me[0m[0mw[0m[0mU[0m[0ms[0m[0me[0m[0mr[0m[0m [0m[0m}[0m[0m [0m[0mf[0m[0mr[0m[0mo[0m[0mm[0m[0m [0m[0m'[0m[0m.[0m[0m/[0m[0ms[0m[0mc[0m[0mh[0m[0me[0m[0mm[0m[0ma[0m[0m.[0m[0mj[0m[0ms[0m[0m'[0m[0m
[0m[0m  [0m[0m [0m[0m[1m   │ [0m[0m [0m[0m [0m[0m [0m[0m [0m[0m [0m[0m [0m[0m [0m[0m[1m[31m^[0m[0m[1m[31m^[0m[0m[1m[31m^[0m[0m[1m[31m^[0m[0m[1m[31m^[0m[0m[1m[31m^[0m[0m[1m[31m^[0m[0m[1m[31m^[0m[0m[1m[31m^[0m[0m[1m[31m^[0m[0m[1m[31m^[0m[0m[1m[31m^[0m[0m[1m[31m^[0m[0m[1m[31m^[0m[0m[1m[31m^[0m[0m[1m[31m^[0m[0m[1m[31m^[0m[0m[1m[31m^[0m[0m[1m[31m^[0m[0m[1m[31m^[0m[0m[1m[31m^[0m[0m[1m[31m^[0m[0m[1m[31m^[0m[0m[1m[31m^[0m[0m[1m[31m^[0m[0m[1m[31m^[0m[0m[1m[31m^[0m[0m[1m[31m^[0m[0m[1m[31m^[0m[0m[1m[31m^[0m[0m[1m[31m^[0m[0m[1m[31m^[0m[0m[1m[31m^[0m[0m[1m[31m^[0m[0m[1m[31m^[0m[0m[1m[31m^[0m[0m[1m[31m^[0m[0m[1m[31m^[0m[0m[1m[31m^[0m[0m
[0m[0m  [0m[0m  [0m[0m[1m7 │ [0m[0mi[0m[0mm[0m[0mp[0m[0mo[0m[0mr[0m[0mt[0m[0m [0m[0m{[0m[0m [0m[0mp[0m[0mo[0m[0ms[0m[0mt[0m[0ms[0m[0m [0m[0ma[0m[0ms[0m[0m [0m[0mp[0m[0mo[0m[0ms[0m[0mt[0m[0ms[0m[0mT[0m[0ma[0m[0mb[0m[0ml[0m[0me[0m[0m,[0m[0m [0m[0mu[0m[0ms[0m[0me[0m[0mr[0m[0ms[0m[0m [0m[0ma[0m[0ms[0m[0m [0m[0mu[0m[0ms[0m[0me[0m[0mr[0m[0ms[0m[0mT[0m[0ma[0m[0mb[0m[0ml[0m[0me[0m[0m [0m[0m}[0m[0m [0m[0mf[0m[0mr[0m[0mo[0m[0mm[0m[0m [0m[0m'[0m[0m.[0m[0m/[0m[0ms[0m[0mc[0m[0mh[0m[0me[0m[0mm[0m[0ma[0m[0m.[0m[0mj[0m[0ms[0m[0m'[0m[0m
[0m[0m  [0m[0m  [0m[0m[1m8 │ [0m[0m
[0m[0m  [0m[0m
[0m[0m  [0m[0m[1m[34mℹ[0m[0m [0m[0m[34mImporting the types with [0m[0m[1m[34mimport type[0m[0m[34m ensures that they are removed by the compilers and avoids loading unnecessary modules.[0m[0m
[0m[0m  [0m[0m
[0m[0m  [0m[0m[1m[34mℹ[0m[0m [0m[0m[34mSafe fix: Use [0m[0m[1m[34mimport type[0m[0m[34m.[0m[0m
[0m[0m  [0m[0m
[0m[0m  [0m[0m[1m  6 │ [0m[0mi[0m[0mm[0m[0mp[0m[0mo[0m[0mr[0m[0mt[0m[0m[2m·[0m[0m[32mt[0m[0m[32my[0m[0m[32mp[0m[0m[32me[0m[0m[2m[32m·[0m[0m{[0m[0m[2m·[0m[0mN[0m[0me[0m[0mw[0m[0mP[0m[0mo[0m[0ms[0m[0mt[0m[0m,[0m[0m[2m·[0m[0mN[0m[0me[0m[0mw[0m[0mU[0m[0ms[0m[0me[0m[0mr[0m[0m[2m·[0m[0m}[0m[0m[2m·[0m[0mf[0m[0mr[0m[0mo[0m[0mm[0m[0m[2m·[0m[0m'[0m[0m.[0m[0m/[0m[0ms[0m[0mc[0m[0mh[0m[0me[0m[0mm[0m[0ma[0m[0m.[0m[0mj[0m[0ms[0m[0m'[0m[0m
[0m[0m  [0m[0m[1m    │ [0m[0m [0m[0m [0m[0m [0m[0m [0m[0m [0m[0m [0m[0m [0m[0m[32m+[0m[0m[32m+[0m[0m[32m+[0m[0m[32m+[0m[0m[32m+[0m[0m [0m[0m [0m[0m [0m[0m [0m[0m [0m[0m [0m[0m [0m[0m [0m[0m [0m[0m [0m[0m [0m[0m [0m[0m [0m[0m [0m[0m [0m[0m [0m[0m [0m[0m [0m[0m [0m[0m [0m[0m [0m[0m [0m[0m [0m[0m [0m[0m [0m[0m [0m[0m [0m[0m [0m[0m [0m[0m [0m[0m [0m[0m [0m[0m [0m[0m [0m[0m [0m[0m [0m[0m [0m[0m [0m[0m [0m[0m
[0m
[0msrc/middleware/validate.middleware.ts[0m[0m:[0m[0m1[0m[0m:[0m[0m8[0m[0m [0m[0m]8;;https://biomejs.dev/linter/rules/use-import-type\lint/style/useImportType]8;;\[0m[0m [0m[0m[30m[47m FIXABLE [0m[0m [0m[0m━━━━━━━━━━━━━━━━━━━━━━━━━━━━━━━━━━━━━━━━━━━━━━━━━━━━━━━━━━━━━━━━━━━━━━━━━━━━━━━━━━━━━━━━━━━━━━━━━━━━━━━━━━━━━━━━━━━━━━[0m[0m

[0m[0m  [0m[0m[1m[33m⚠[0m[0m [0m[0m[33mAll these imports are only used as types.[0m[0m
[0m[0m  [0m[0m
[0m[0m  [0m[0m[1m[31m>[0m[0m [0m[0m[1m1 │ [0m[0mi[0m[0mm[0m[0mp[0m[0mo[0m[0mr[0m[0mt[0m[0m [0m[0m{[0m[0m [0m[0mR[0m[0me[0m[0mq[0m[0mu[0m[0me[0m[0ms[0m[0mt[0m[0mH[0m[0ma[0m[0mn[0m[0md[0m[0ml[0m[0me[0m[0mr[0m[0m [0m[0m}[0m[0m [0m[0mf[0m[0mr[0m[0mo[0m[0mm[0m[0m [0m[0m'[0m[0me[0m[0mx[0m[0mp[0m[0mr[0m[0me[0m[0ms[0m[0ms[0m[0m'[0m[0m
[0m[0m  [0m[0m [0m[0m[1m   │ [0m[0m [0m[0m [0m[0m [0m[0m [0m[0m [0m[0m [0m[0m [0m[0m[1m[31m^[0m[0m[1m[31m^[0m[0m[1m[31m^[0m[0m[1m[31m^[0m[0m[1m[31m^[0m[0m[1m[31m^[0m[0m[1m[31m^[0m[0m[1m[31m^[0m[0m[1m[31m^[0m[0m[1m[31m^[0m[0m[1m[31m^[0m[0m[1m[31m^[0m[0m[1m[31m^[0m[0m[1m[31m^[0m[0m[1m[31m^[0m[0m[1m[31m^[0m[0m[1m[31m^[0m[0m[1m[31m^[0m[0m[1m[31m^[0m[0m[1m[31m^[0m[0m[1m[31m^[0m[0m[1m[31m^[0m[0m[1m[31m^[0m[0m[1m[31m^[0m[0m[1m[31m^[0m[0m[1m[31m^[0m[0m[1m[31m^[0m[0m[1m[31m^[0m[0m[1m[31m^[0m[0m[1m[31m^[0m[0m[1m[31m^[0m[0m[1m[31m^[0m[0m[1m[31m^[0m[0m
[0m[0m  [0m[0m  [0m[0m[1m2 │ [0m[0mi[0m[0mm[0m[0mp[0m[0mo[0m[0mr[0m[0mt[0m[0m [0m[0m{[0m[0m [0m[0mz[0m[0m [0m[0m}[0m[0m [0m[0mf[0m[0mr[0m[0mo[0m[0mm[0m[0m [0m[0m'[0m[0mz[0m[0mo[0m[0md[0m[0m'[0m[0m
[0m[0m  [0m[0m  [0m[0m[1m3 │ [0m[0m
[0m[0m  [0m[0m
[0m[0m  [0m[0m[1m[34mℹ[0m[0m [0m[0m[34mImporting the types with [0m[0m[1m[34mimport type[0m[0m[34m ensures that they are removed by the compilers and avoids loading unnecessary modules.[0m[0m
[0m[0m  [0m[0m
[0m[0m  [0m[0m[1m[34mℹ[0m[0m [0m[0m[34mSafe fix: Use [0m[0m[1m[34mimport type[0m[0m[34m.[0m[0m
[0m[0m  [0m[0m
[0m[0m  [0m[0m[1m  1 │ [0m[0mi[0m[0mm[0m[0mp[0m[0mo[0m[0mr[0m[0mt[0m[0m[2m·[0m[0m[32mt[0m[0m[32my[0m[0m[32mp[0m[0m[32me[0m[0m[2m[32m·[0m[0m{[0m[0m[2m·[0m[0mR[0m[0me[0m[0mq[0m[0mu[0m[0me[0m[0ms[0m[0mt[0m[0mH[0m[0ma[0m[0mn[0m[0md[0m[0ml[0m[0me[0m[0mr[0m[0m[2m·[0m[0m}[0m[0m[2m·[0m[0mf[0m[0mr[0m[0mo[0m[0mm[0m[0m[2m·[0m[0m'[0m[0me[0m[0mx[0m[0mp[0m[0mr[0m[0me[0m[0ms[0m[0ms[0m[0m'[0m[0m
[0m[0m  [0m[0m[1m    │ [0m[0m [0m[0m [0m[0m [0m[0m [0m[0m [0m[0m [0m[0m [0m[0m[32m+[0m[0m[32m+[0m[0m[32m+[0m[0m[32m+[0m[0m[32m+[0m[0m [0m[0m [0m[0m [0m[0m [0m[0m [0m[0m [0m[0m [0m[0m [0m[0m [0m[0m [0m[0m [0m[0m [0m[0m [0m[0m [0m[0m [0m[0m [0m[0m [0m[0m [0m[0m [0m[0m [0m[0m [0m[0m [0m[0m [0m[0m [0m[0m [0m[0m [0m[0m [0m[0m [0m[0m [0m[0m [0m[0m [0m[0m [0m[0m [0m[0m
[0m
[0msrc/modules/chatMessages/chatMessage.repository.ts[0m[0m:[0m[0m4[0m[0m:[0m[0m8[0m[0m [0m[0m]8;;https://biomejs.dev/linter/rules/use-import-type\lint/style/useImportType]8;;\[0m[0m [0m[0m[30m[47m FIXABLE [0m[0m [0m[0m━━━━━━━━━━━━━━━━━━━━━━━━━━━━━━━━━━━━━━━━━━━━━━━━━━━━━━━━━━━━━━━━━━━━━━━━━━━━━━━━━━━━━━━━━━━━━━━━━━━━━━━━━[0m[0m

[0m[0m  [0m[0m[1m[33m⚠[0m[0m [0m[0m[33mSome named imports are only used as types.[0m[0m
[0m[0m  [0m[0m
[0m[0m  [0m[0m  [0m[0m[1m3 │ [0m[0mi[0m[0mm[0m[0mp[0m[0mo[0m[0mr[0m[0mt[0m[0m [0m[0m{[0m[0m [0m[0md[0m[0mb[0m[0m [0m[0m}[0m[0m [0m[0mf[0m[0mr[0m[0mo[0m[0mm[0m[0m [0m[0m'[0m[0m.[0m[0m.[0m[0m/[0m[0m.[0m[0m.[0m[0m/[0m[0md[0m[0mb[0m[0m/[0m[0mc[0m[0mo[0m[0mn[0m[0mn[0m[0me[0m[0mc[0m[0mt[0m[0mi[0m[0mo[0m[0mn[0m[0m.[0m[0mj[0m[0ms[0m[0m'[0m[0m
[0m[0m  [0m[0m[1m[31m>[0m[0m [0m[0m[1m4 │ [0m[0mi[0m[0mm[0m[0mp[0m[0mo[0m[0mr[0m[0mt[0m[0m [0m[0m{[0m[0m [0m[0mc[0m[0mh[0m[0ma[0m[0mt[0m[0mM[0m[0me[0m[0ms[0m[0ms[0m[0ma[0m[0mg[0m[0me[0m[0ms[0m[0m,[0m[0m [0m[0mN[0m[0me[0m[0mw[0m[0mC[0m[0mh[0m[0ma[0m[0mt[0m[0mM[0m[0me[0m[0ms[0m[0ms[0m[0ma[0m[0mg[0m[0me[0m[0m,[0m[0m [0m[0mu[0m[0ms[0m[0me[0m[0mr[0m[0ms[0m[0m [0m[0m}[0m[0m [0m[0mf[0m[0mr[0m[0mo[0m[0mm[0m[0m [0m[0m'[0m[0m.[0m[0m.[0m[0m/[0m[0m.[0m[0m.[0m[0m/[0m[0md[0m[0mb[0m[0m/[0m[0ms[0m[0mc[0m[0mh[0m[0me[0m[0mm[0m[0ma[0m[0m.[0m[0mj[0m[0ms[0m[0m'[0m[0m
[0m[0m  [0m[0m [0m[0m[1m   │ [0m[0m [0m[0m [0m[0m [0m[0m [0m[0m [0m[0m [0m[0m [0m[0m[1m[31m^[0m[0m[1m[31m^[0m[0m[1m[31m^[0m[0m[1m[31m^[0m[0m[1m[31m^[0m[0m[1m[31m^[0m[0m[1m[31m^[0m[0m[1m[31m^[0m[0m[1m[31m^[0m[0m[1m[31m^[0m[0m[1m[31m^[0m[0m[1m[31m^[0m[0m[1m[31m^[0m[0m[1m[31m^[0m[0m[1m[31m^[0m[0m[1m[31m^[0m[0m[1m[31m^[0m[0m[1m[31m^[0m[0m[1m[31m^[0m[0m[1m[31m^[0m[0m[1m[31m^[0m[0m[1m[31m^[0m[0m[1m[31m^[0m[0m[1m[31m^[0m[0m[1m[31m^[0m[0m[1m[31m^[0m[0m[1m[31m^[0m[0m[1m[31m^[0m[0m[1m[31m^[0m[0m[1m[31m^[0m[0m[1m[31m^[0m[0m[1m[31m^[0m[0m[1m[31m^[0m[0m[1m[31m^[0m[0m[1m[31m^[0m[0m[1m[31m^[0m[0m[1m[31m^[0m[0m[1m[31m^[0m[0m[1m[31m^[0m[0m[1m[31m^[0m[0m[1m[31m^[0m[0m[1m[31m^[0m[0m[1m[31m^[0m[0m[1m[31m^[0m[0m[1m[31m^[0m[0m[1m[31m^[0m[0m[1m[31m^[0m[0m[1m[31m^[0m[0m[1m[31m^[0m[0m[1m[31m^[0m[0m[1m[31m^[0m[0m[1m[31m^[0m[0m[1m[31m^[0m[0m[1m[31m^[0m[0m[1m[31m^[0m[0m[1m[31m^[0m[0m[1m[31m^[0m[0m[1m[31m^[0m[0m[1m[31m^[0m[0m[1m[31m^[0m[0m[1m[31m^[0m[0m[1m[31m^[0m[0m[1m[31m^[0m[0m[1m[31m^[0m[0m[1m[31m^[0m[0m
[0m[0m  [0m[0m  [0m[0m[1m5 │ [0m[0m
[0m[0m  [0m[0m  [0m[0m[1m6 │ [0m[0me[0m[0mx[0m[0mp[0m[0mo[0m[0mr[0m[0mt[0m[0m [0m[0mc[0m[0ml[0m[0ma[0m[0ms[0m[0ms[0m[0m [0m[0mC[0m[0mh[0m[0ma[0m[0mt[0m[0mM[0m[0me[0m[0ms[0m[0ms[0m[0ma[0m[0mg[0m[0me[0m[0mR[0m[0me[0m[0mp[0m[0mo[0m[0ms[0m[0mi[0m[0mt[0m[0mo[0m[0mr[0m[0my[0m[0m [0m[0m{[0m[0m
[0m[0m  [0m[0m
[0m[0m  [0m[0m[1m[34mℹ[0m[0m [0m[0m[34mThis import is only used as a type.[0m[0m
[0m[0m  [0m[0m
[0m[0m  [0m[0m  [0m[0m[1m3 │ [0m[0mi[0m[0mm[0m[0mp[0m[0mo[0m[0mr[0m[0mt[0m[0m [0m[0m{[0m[0m [0m[0md[0m[0mb[0m[0m [0m[0m}[0m[0m [0m[0mf[0m[0mr[0m[0mo[0m[0mm[0m[0m [0m[0m'[0m[0m.[0m[0m.[0m[0m/[0m[0m.[0m[0m.[0m[0m/[0m[0md[0m[0mb[0m[0m/[0m[0mc[0m[0mo[0m[0mn[0m[0mn[0m[0me[0m[0mc[0m[0mt[0m[0mi[0m[0mo[0m[0mn[0m[0m.[0m[0mj[0m[0ms[0m[0m'[0m[0m
[0m[0m  [0m[0m[1m[31m>[0m[0m [0m[0m[1m4 │ [0m[0mi[0m[0mm[0m[0mp[0m[0mo[0m[0mr[0m[0mt[0m[0m [0m[0m{[0m[0m [0m[0mc[0m[0mh[0m[0ma[0m[0mt[0m[0mM[0m[0me[0m[0ms[0m[0ms[0m[0ma[0m[0mg[0m[0me[0m[0ms[0m[0m,[0m[0m [0m[0mN[0m[0me[0m[0mw[0m[0mC[0m[0mh[0m[0ma[0m[0mt[0m[0mM[0m[0me[0m[0ms[0m[0ms[0m[0ma[0m[0mg[0m[0me[0m[0m,[0m[0m [0m[0mu[0m[0ms[0m[0me[0m[0mr[0m[0ms[0m[0m [0m[0m}[0m[0m [0m[0mf[0m[0mr[0m[0mo[0m[0mm[0m[0m [0m[0m'[0m[0m.[0m[0m.[0m[0m/[0m[0m.[0m[0m.[0m[0m/[0m[0md[0m[0mb[0m[0m/[0m[0ms[0m[0mc[0m[0mh[0m[0me[0m[0mm[0m[0ma[0m[0m.[0m[0mj[0m[0ms[0m[0m'[0m[0m
[0m[0m  [0m[0m [0m[0m[1m   │ [0m[0m [0m[0m [0m[0m [0m[0m [0m[0m [0m[0m [0m[0m [0m[0m [0m[0m [0m[0m [0m[0m [0m[0m [0m[0m [0m[0m [0m[0m [0m[0m [0m[0m [0m[0m [0m[0m [0m[0m [0m[0m [0m[0m [0m[0m [0m[0m[1m[31m^[0m[0m[1m[31m^[0m[0m[1m[31m^[0m[0m[1m[31m^[0m[0m[1m[31m^[0m[0m[1m[31m^[0m[0m[1m[31m^[0m[0m[1m[31m^[0m[0m[1m[31m^[0m[0m[1m[31m^[0m[0m[1m[31m^[0m[0m[1m[31m^[0m[0m[1m[31m^[0m[0m[1m[31m^[0m[0m
[0m[0m  [0m[0m  [0m[0m[1m5 │ [0m[0m
[0m[0m  [0m[0m  [0m[0m[1m6 │ [0m[0me[0m[0mx[0m[0mp[0m[0mo[0m[0mr[0m[0mt[0m[0m [0m[0mc[0m[0ml[0m[0ma[0m[0ms[0m[0ms[0m[0m [0m[0mC[0m[0mh[0m[0ma[0m[0mt[0m[0mM[0m[0me[0m[0ms[0m[0ms[0m[0ma[0m[0mg[0m[0me[0m[0mR[0m[0me[0m[0mp[0m[0mo[0m[0ms[0m[0mi[0m[0mt[0m[0mo[0m[0mr[0m[0my[0m[0m [0m[0m{[0m[0m
[0m[0m  [0m[0m
[0m[0m  [0m[0m[1m[34mℹ[0m[0m [0m[0m[34mImporting the types with [0m[0m[1m[34mimport type[0m[0m[34m ensures that they are removed by the compilers and avoids loading unnecessary modules.[0m[0m
[0m[0m  [0m[0m
[0m[0m  [0m[0m[1m[34mℹ[0m[0m [0m[0m[34mSafe fix: Add inline [0m[0m[1m[34mtype[0m[0m[34m keywords.[0m[0m
[0m[0m  [0m[0m
[0m[0m  [0m[0m[1m  4 │ [0m[0mi[0m[0mm[0m[0mp[0m[0mo[0m[0mr[0m[0mt[0m[0m[2m·[0m[0m{[0m[0m[2m·[0m[0mc[0m[0mh[0m[0ma[0m[0mt[0m[0mM[0m[0me[0m[0ms[0m[0ms[0m[0ma[0m[0mg[0m[0me[0m[0ms[0m[0m,[0m[0m[2m·[0m[0m[32mt[0m[0m[32my[0m[0m[32mp[0m[0m[32me[0m[0m[2m[32m·[0m[0mN[0m[0me[0m[0mw[0m[0mC[0m[0mh[0m[0ma[0m[0mt[0m[0mM[0m[0me[0m[0ms[0m[0ms[0m[0ma[0m[0mg[0m[0me[0m[0m,[0m[0m[2m·[0m[0mu[0m[0ms[0m[0me[0m[0mr[0m[0ms[0m[0m[2m·[0m[0m}[0m[0m[2m·[0m[0mf[0m[0mr[0m[0mo[0m[0mm[0m[0m[2m·[0m[0m'[0m[0m.[0m[0m.[0m[0m/[0m[0m.[0m[0m.[0m[0m/[0m[0md[0m[0mb[0m[0m/[0m[0ms[0m[0mc[0m[0mh[0m[0me[0m[0mm[0m[0ma[0m[0m.[0m[0mj[0m[0ms[0m[0m'[0m[0m
[0m[0m  [0m[0m[1m    │ [0m[0m [0m[0m [0m[0m [0m[0m [0m[0m [0m[0m [0m[0m [0m[0m [0m[0m [0m[0m [0m[0m [0m[0m [0m[0m [0m[0m [0m[0m [0m[0m [0m[0m [0m[0m [0m[0m [0m[0m [0m[0m [0m[0m [0m[0m [0m[0m[32m+[0m[0m[32m+[0m[0m[32m+[0m[0m[32m+[0m[0m[32m+[0m[0m [0m[0m [0m[0m [0m[0m [0m[0m [0m[0m [0m[0m [0m[0m [0m[0m [0m[0m [0m[0m [0m[0m [0m[0m [0m[0m [0m[0m [0m[0m [0m[0m [0m[0m [0m[0m [0m[0m [0m[0m [0m[0m [0m[0m [0m[0m [0m[0m [0m[0m [0m[0m [0m[0m [0m[0m [0m[0m [0m[0m [0m[0m [0m[0m [0m[0m [0m[0m [0m[0m [0m[0m [0m[0m [0m[0m [0m[0m [0m[0m [0m[0m [0m[0m [0m[0m [0m[0m [0m[0m [0m[0m [0m[0m [0m[0m [0m[0m
[0m
[0msrc/modules/chatMessages/chatMessage.socket.ts[0m[0m:[0m[0m4[0m[0m:[0m[0m8[0m[0m [0m[0m]8;;https://biomejs.dev/linter/rules/use-import-type\lint/style/useImportType]8;;\[0m[0m [0m[0m[30m[47m FIXABLE [0m[0m [0m[0m━━━━━━━━━━━━━━━━━━━━━━━━━━━━━━━━━━━━━━━━━━━━━━━━━━━━━━━━━━━━━━━━━━━━━━━━━━━━━━━━━━━━━━━━━━━━━━━━━━━━━━━━━━━━━[0m[0m

[0m[0m  [0m[0m[1m[33m⚠[0m[0m [0m[0m[33mAll these imports are only used as types.[0m[0m
[0m[0m  [0m[0m
[0m[0m  [0m[0m  [0m[0m[1m2 │ [0m[0mi[0m[0mm[0m[0mp[0m[0mo[0m[0mr[0m[0mt[0m[0m [0m[0mt[0m[0my[0m[0mp[0m[0me[0m[0m [0m[0m{[0m[0m [0m[0mS[0m[0mo[0m[0mc[0m[0mk[0m[0me[0m[0mt[0m[0m [0m[0m}[0m[0m [0m[0mf[0m[0mr[0m[0mo[0m[0mm[0m[0m [0m[0m'[0m[0ms[0m[0mo[0m[0mc[0m[0mk[0m[0me[0m[0mt[0m[0m.[0m[0mi[0m[0mo[0m[0m'[0m[0m
[0m[0m  [0m[0m  [0m[0m[1m3 │ [0m[0m
[0m[0m  [0m[0m[1m[31m>[0m[0m [0m[0m[1m4 │ [0m[0mi[0m[0mm[0m[0mp[0m[0mo[0m[0mr[0m[0mt[0m[0m [0m[0m{[0m[0m [0m[0mS[0m[0me[0m[0mr[0m[0mv[0m[0me[0m[0mr[0m[0m [0m[0m}[0m[0m [0m[0mf[0m[0mr[0m[0mo[0m[0mm[0m[0m [0m[0m'[0m[0ms[0m[0mo[0m[0mc[0m[0mk[0m[0me[0m[0mt[0m[0m.[0m[0mi[0m[0mo[0m[0m'[0m[0m
[0m[0m  [0m[0m [0m[0m[1m   │ [0m[0m [0m[0m [0m[0m [0m[0m [0m[0m [0m[0m [0m[0m [0m[0m[1m[31m^[0m[0m[1m[31m^[0m[0m[1m[31m^[0m[0m[1m[31m^[0m[0m[1m[31m^[0m[0m[1m[31m^[0m[0m[1m[31m^[0m[0m[1m[31m^[0m[0m[1m[31m^[0m[0m[1m[31m^[0m[0m[1m[31m^[0m[0m[1m[31m^[0m[0m[1m[31m^[0m[0m[1m[31m^[0m[0m[1m[31m^[0m[0m[1m[31m^[0m[0m[1m[31m^[0m[0m[1m[31m^[0m[0m[1m[31m^[0m[0m[1m[31m^[0m[0m[1m[31m^[0m[0m[1m[31m^[0m[0m[1m[31m^[0m[0m[1m[31m^[0m[0m[1m[31m^[0m[0m[1m[31m^[0m[0m[1m[31m^[0m[0m
[0m[0m  [0m[0m  [0m[0m[1m5 │ [0m[0mi[0m[0mm[0m[0mp[0m[0mo[0m[0mr[0m[0mt[0m[0m [0m[0m{[0m[0m [0m[0mz[0m[0m [0m[0m}[0m[0m [0m[0mf[0m[0mr[0m[0mo[0m[0mm[0m[0m [0m[0m'[0m[0mz[0m[0mo[0m[0md[0m[0m'[0m[0m
[0m[0m  [0m[0m  [0m[0m[1m6 │ [0m[0m
[0m[0m  [0m[0m
[0m[0m  [0m[0m[1m[34mℹ[0m[0m [0m[0m[34mImporting the types with [0m[0m[1m[34mimport type[0m[0m[34m ensures that they are removed by the compilers and avoids loading unnecessary modules.[0m[0m
[0m[0m  [0m[0m
[0m[0m  [0m[0m[1m[34mℹ[0m[0m [0m[0m[34mSafe fix: Use [0m[0m[1m[34mimport type[0m[0m[34m.[0m[0m
[0m[0m  [0m[0m
[0m[0m  [0m[0m[1m  4 │ [0m[0mi[0m[0mm[0m[0mp[0m[0mo[0m[0mr[0m[0mt[0m[0m[2m·[0m[0m[32mt[0m[0m[32my[0m[0m[32mp[0m[0m[32me[0m[0m[2m[32m·[0m[0m{[0m[0m[2m·[0m[0mS[0m[0me[0m[0mr[0m[0mv[0m[0me[0m[0mr[0m[0m[2m·[0m[0m}[0m[0m[2m·[0m[0mf[0m[0mr[0m[0mo[0m[0mm[0m[0m[2m·[0m[0m'[0m[0ms[0m[0mo[0m[0mc[0m[0mk[0m[0me[0m[0mt[0m[0m.[0m[0mi[0m[0mo[0m[0m'[0m[0m
[0m[0m  [0m[0m[1m    │ [0m[0m [0m[0m [0m[0m [0m[0m [0m[0m [0m[0m [0m[0m [0m[0m[32m+[0m[0m[32m+[0m[0m[32m+[0m[0m[32m+[0m[0m[32m+[0m[0m [0m[0m [0m[0m [0m[0m [0m[0m [0m[0m [0m[0m [0m[0m [0m[0m [0m[0m [0m[0m [0m[0m [0m[0m [0m[0m [0m[0m [0m[0m [0m[0m [0m[0m [0m[0m [0m[0m [0m[0m [0m[0m [0m[0m [0m[0m [0m[0m [0m[0m [0m[0m [0m[0m
[0m
[0msrc/modules/connections/connection.controller.ts[0m[0m:[0m[0m1[0m[0m:[0m[0m8[0m[0m [0m[0m]8;;https://biomejs.dev/linter/rules/use-import-type\lint/style/useImportType]8;;\[0m[0m [0m[0m[30m[47m FIXABLE [0m[0m [0m[0m━━━━━━━━━━━━━━━━━━━━━━━━━━━━━━━━━━━━━━━━━━━━━━━━━━━━━━━━━━━━━━━━━━━━━━━━━━━━━━━━━━━━━━━━━━━━━━━━━━━━━━━━━━━[0m[0m

[0m[0m  [0m[0m[1m[33m⚠[0m[0m [0m[0m[33mAll these imports are only used as types.[0m[0m
[0m[0m  [0m[0m
[0m[0m  [0m[0m[1m[31m>[0m[0m [0m[0m[1m1 │ [0m[0mi[0m[0mm[0m[0mp[0m[0mo[0m[0mr[0m[0mt[0m[0m [0m[0m{[0m[0m [0m[0mR[0m[0me[0m[0mq[0m[0mu[0m[0me[0m[0ms[0m[0mt[0m[0m,[0m[0m [0m[0mR[0m[0me[0m[0ms[0m[0mp[0m[0mo[0m[0mn[0m[0ms[0m[0me[0m[0m [0m[0m}[0m[0m [0m[0mf[0m[0mr[0m[0mo[0m[0mm[0m[0m [0m[0m'[0m[0me[0m[0mx[0m[0mp[0m[0mr[0m[0me[0m[0ms[0m[0ms[0m[0m'[0m[0m
[0m[0m  [0m[0m [0m[0m[1m   │ [0m[0m [0m[0m [0m[0m [0m[0m [0m[0m [0m[0m [0m[0m [0m[0m[1m[31m^[0m[0m[1m[31m^[0m[0m[1m[31m^[0m[0m[1m[31m^[0m[0m[1m[31m^[0m[0m[1m[31m^[0m[0m[1m[31m^[0m[0m[1m[31m^[0m[0m[1m[31m^[0m[0m[1m[31m^[0m[0m[1m[31m^[0m[0m[1m[31m^[0m[0m[1m[31m^[0m[0m[1m[31m^[0m[0m[1m[31m^[0m[0m[1m[31m^[0m[0m[1m[31m^[0m[0m[1m[31m^[0m[0m[1m[31m^[0m[0m[1m[31m^[0m[0m[1m[31m^[0m[0m[1m[31m^[0m[0m[1m[31m^[0m[0m[1m[31m^[0m[0m[1m[31m^[0m[0m[1m[31m^[0m[0m[1m[31m^[0m[0m[1m[31m^[0m[0m[1m[31m^[0m[0m[1m[31m^[0m[0m[1m[31m^[0m[0m[1m[31m^[0m[0m[1m[31m^[0m[0m[1m[31m^[0m[0m[1m[31m^[0m[0m[1m[31m^[0m[0m
[0m[0m  [0m[0m  [0m[0m[1m2 │ [0m[0m
[0m[0m  [0m[0m  [0m[0m[1m3 │ [0m[0mi[0m[0mm[0m[0mp[0m[0mo[0m[0mr[0m[0mt[0m[0m [0m[0m{[0m[0m [0m[0mA[0m[0mu[0m[0mt[0m[0mh[0m[0me[0m[0mn[0m[0mt[0m[0mi[0m[0mc[0m[0ma[0m[0mt[0m[0mi[0m[0mo[0m[0mn[0m[0mE[0m[0mr[0m[0mr[0m[0mo[0m[0mr[0m[0m [0m[0m}[0m[0m [0m[0mf[0m[0mr[0m[0mo[0m[0mm[0m[0m [0m[0m'[0m[0m.[0m[0m.[0m[0m/[0m[0m.[0m[0m.[0m[0m/[0m[0ms[0m[0mh[0m[0ma[0m[0mr[0m[0me[0m[0md[0m[0m/[0m[0me[0m[0mr[0m[0mr[0m[0mo[0m[0mr[0m[0ms[0m[0m/[0m[0mi[0m[0mn[0m[0md[0m[0me[0m[0mx[0m[0m.[0m[0mj[0m[0ms[0m[0m'[0m[0m
[0m[0m  [0m[0m
[0m[0m  [0m[0m[1m[34mℹ[0m[0m [0m[0m[34mImporting the types with [0m[0m[1m[34mimport type[0m[0m[34m ensures that they are removed by the compilers and avoids loading unnecessary modules.[0m[0m
[0m[0m  [0m[0m
[0m[0m  [0m[0m[1m[34mℹ[0m[0m [0m[0m[34mSafe fix: Use [0m[0m[1m[34mimport type[0m[0m[34m.[0m[0m
[0m[0m  [0m[0m
[0m[0m  [0m[0m[1m  1 │ [0m[0mi[0m[0mm[0m[0mp[0m[0mo[0m[0mr[0m[0mt[0m[0m[2m·[0m[0m[32mt[0m[0m[32my[0m[0m[32mp[0m[0m[32me[0m[0m[2m[32m·[0m[0m{[0m[0m[2m·[0m[0mR[0m[0me[0m[0mq[0m[0mu[0m[0me[0m[0ms[0m[0mt[0m[0m,[0m[0m[2m·[0m[0mR[0m[0me[0m[0ms[0m[0mp[0m[0mo[0m[0mn[0m[0ms[0m[0me[0m[0m[2m·[0m[0m}[0m[0m[2m·[0m[0mf[0m[0mr[0m[0mo[0m[0mm[0m[0m[2m·[0m[0m'[0m[0me[0m[0mx[0m[0mp[0m[0mr[0m[0me[0m[0ms[0m[0ms[0m[0m'[0m[0m
[0m[0m  [0m[0m[1m    │ [0m[0m [0m[0m [0m[0m [0m[0m [0m[0m [0m[0m [0m[0m [0m[0m[32m+[0m[0m[32m+[0m[0m[32m+[0m[0m[32m+[0m[0m[32m+[0m[0m [0m[0m [0m[0m [0m[0m [0m[0m [0m[0m [0m[0m [0m[0m [0m[0m [0m[0m [0m[0m [0m[0m [0m[0m [0m[0m [0m[0m [0m[0m [0m[0m [0m[0m [0m[0m [0m[0m [0m[0m [0m[0m [0m[0m [0m[0m [0m[0m [0m[0m [0m[0m [0m[0m [0m[0m [0m[0m [0m[0m [0m[0m [0m[0m [0m[0m [0m[0m [0m[0m [0m[0m
[0m
[0msrc/modules/connections/connection.controller.ts[0m[0m:[0m[0m5[0m[0m:[0m[0m8[0m[0m [0m[0m]8;;https://biomejs.dev/linter/rules/use-import-type\lint/style/useImportType]8;;\[0m[0m [0m[0m[30m[47m FIXABLE [0m[0m [0m[0m━━━━━━━━━━━━━━━━━━━━━━━━━━━━━━━━━━━━━━━━━━━━━━━━━━━━━━━━━━━━━━━━━━━━━━━━━━━━━━━━━━━━━━━━━━━━━━━━━━━━━━━━━━━[0m[0m

[0m[0m  [0m[0m[1m[33m⚠[0m[0m [0m[0m[33mAll these imports are only used as types.[0m[0m
[0m[0m  [0m[0m
[0m[0m  [0m[0m  [0m[0m[1m3 │ [0m[0mi[0m[0mm[0m[0mp[0m[0mo[0m[0mr[0m[0mt[0m[0m [0m[0m{[0m[0m [0m[0mA[0m[0mu[0m[0mt[0m[0mh[0m[0me[0m[0mn[0m[0mt[0m[0mi[0m[0mc[0m[0ma[0m[0mt[0m[0mi[0m[0mo[0m[0mn[0m[0mE[0m[0mr[0m[0mr[0m[0mo[0m[0mr[0m[0m [0m[0m}[0m[0m [0m[0mf[0m[0mr[0m[0mo[0m[0mm[0m[0m [0m[0m'[0m[0m.[0m[0m.[0m[0m/[0m[0m.[0m[0m.[0m[0m/[0m[0ms[0m[0mh[0m[0ma[0m[0mr[0m[0me[0m[0md[0m[0m/[0m[0me[0m[0mr[0m[0mr[0m[0mo[0m[0mr[0m[0ms[0m[0m/[0m[0mi[0m[0mn[0m[0md[0m[0me[0m[0mx[0m[0m.[0m[0mj[0m[0ms[0m[0m'[0m[0m
[0m[0m  [0m[0m  [0m[0m[1m4 │ [0m[0mi[0m[0mm[0m[0mp[0m[0mo[0m[0mr[0m[0mt[0m[0m [0m[0m{[0m[0m [0m[0mC[0m[0mo[0m[0mn[0m[0mn[0m[0me[0m[0mc[0m[0mt[0m[0mi[0m[0mo[0m[0mn[0m[0mS[0m[0me[0m[0mr[0m[0mv[0m[0mi[0m[0mc[0m[0me[0m[0m [0m[0m}[0m[0m [0m[0mf[0m[0mr[0m[0mo[0m[0mm[0m[0m [0m[0m'[0m[0m.[0m[0m/[0m[0mc[0m[0mo[0m[0mn[0m[0mn[0m[0me[0m[0mc[0m[0mt[0m[0mi[0m[0mo[0m[0mn[0m[0m.[0m[0ms[0m[0me[0m[0mr[0m[0mv[0m[0mi[0m[0mc[0m[0me[0m[0m.[0m[0mj[0m[0ms[0m[0m'[0m[0m
[0m[0m  [0m[0m[1m[31m>[0m[0m [0m[0m[1m5 │ [0m[0mi[0m[0mm[0m[0mp[0m[0mo[0m[0mr[0m[0mt[0m[0m [0m[0m{[0m[0m [0m[0mG[0m[0me[0m[0mt[0m[0mC[0m[0mo[0m[0mn[0m[0mn[0m[0me[0m[0mc[0m[0mt[0m[0mi[0m[0mo[0m[0mn[0m[0ms[0m[0mQ[0m[0mu[0m[0me[0m[0mr[0m[0my[0m[0m [0m[0m}[0m[0m [0m[0mf[0m[0mr[0m[0mo[0m[0mm[0m[0m [0m[0m'[0m[0m.[0m[0m/[0m[0mc[0m[0mo[0m[0mn[0m[0mn[0m[0me[0m[0mc[0m[0mt[0m[0mi[0m[0mo[0m[0mn[0m[0m.[0m[0mv[0m[0ma[0m[0ml[0m[0mi[0m[0md[0m[0ma[0m[0mt[0m[0mi[0m[0mo[0m[0mn[0m[0m.[0m[0mj[0m[0ms[0m[0m'[0m[0m
[0m[0m  [0m[0m [0m[0m[1m   │ [0m[0m [0m[0m [0m[0m [0m[0m [0m[0m [0m[0m [0m[0m [0m[0m[1m[31m^[0m[0m[1m[31m^[0m[0m[1m[31m^[0m[0m[1m[31m^[0m[0m[1m[31m^[0m[0m[1m[31m^[0m[0m[1m[31m^[0m[0m[1m[31m^[0m[0m[1m[31m^[0m[0m[1m[31m^[0m[0m[1m[31m^[0m[0m[1m[31m^[0m[0m[1m[31m^[0m[0m[1m[31m^[0m[0m[1m[31m^[0m[0m[1m[31m^[0m[0m[1m[31m^[0m[0m[1m[31m^[0m[0m[1m[31m^[0m[0m[1m[31m^[0m[0m[1m[31m^[0m[0m[1m[31m^[0m[0m[1m[31m^[0m[0m[1m[31m^[0m[0m[1m[31m^[0m[0m[1m[31m^[0m[0m[1m[31m^[0m[0m[1m[31m^[0m[0m[1m[31m^[0m[0m[1m[31m^[0m[0m[1m[31m^[0m[0m[1m[31m^[0m[0m[1m[31m^[0m[0m[1m[31m^[0m[0m[1m[31m^[0m[0m[1m[31m^[0m[0m[1m[31m^[0m[0m[1m[31m^[0m[0m[1m[31m^[0m[0m[1m[31m^[0m[0m[1m[31m^[0m[0m[1m[31m^[0m[0m[1m[31m^[0m[0m[1m[31m^[0m[0m[1m[31m^[0m[0m[1m[31m^[0m[0m[1m[31m^[0m[0m[1m[31m^[0m[0m[1m[31m^[0m[0m[1m[31m^[0m[0m[1m[31m^[0m[0m[1m[31m^[0m[0m[1m[31m^[0m[0m[1m[31m^[0m[0m[1m[31m^[0m[0m[1m[31m^[0m[0m[1m[31m^[0m[0m
[0m[0m  [0m[0m  [0m[0m[1m6 │ [0m[0m
[0m[0m  [0m[0m  [0m[0m[1m7 │ [0m[0mc[0m[0ml[0m[0ma[0m[0ms[0m[0ms[0m[0m [0m[0mC[0m[0mo[0m[0mn[0m[0mn[0m[0me[0m[0mc[0m[0mt[0m[0mi[0m[0mo[0m[0mn[0m[0mC[0m[0mo[0m[0mn[0m[0mt[0m[0mr[0m[0mo[0m[0ml[0m[0ml[0m[0me[0m[0mr[0m[0m [0m[0m{[0m[0m
[0m[0m  [0m[0m
[0m[0m  [0m[0m[1m[34mℹ[0m[0m [0m[0m[34mImporting the types with [0m[0m[1m[34mimport type[0m[0m[34m ensures that they are removed by the compilers and avoids loading unnecessary modules.[0m[0m
[0m[0m  [0m[0m
[0m[0m  [0m[0m[1m[34mℹ[0m[0m [0m[0m[34mSafe fix: Use [0m[0m[1m[34mimport type[0m[0m[34m.[0m[0m
[0m[0m  [0m[0m
[0m[0m  [0m[0m[1m  5 │ [0m[0mi[0m[0mm[0m[0mp[0m[0mo[0m[0mr[0m[0mt[0m[0m[2m·[0m[0m[32mt[0m[0m[32my[0m[0m[32mp[0m[0m[32me[0m[0m[2m[32m·[0m[0m{[0m[0m[2m·[0m[0mG[0m[0me[0m[0mt[0m[0mC[0m[0mo[0m[0mn[0m[0mn[0m[0me[0m[0mc[0m[0mt[0m[0mi[0m[0mo[0m[0mn[0m[0ms[0m[0mQ[0m[0mu[0m[0me[0m[0mr[0m[0my[0m[0m[2m·[0m[0m}[0m[0m[2m·[0m[0mf[0m[0mr[0m[0mo[0m[0mm[0m[0m[2m·[0m[0m'[0m[0m.[0m[0m/[0m[0mc[0m[0mo[0m[0mn[0m[0mn[0m[0me[0m[0mc[0m[0mt[0m[0mi[0m[0mo[0m[0mn[0m[0m.[0m[0mv[0m[0ma[0m[0ml[0m[0mi[0m[0md[0m[0ma[0m[0mt[0m[0mi[0m[0mo[0m[0mn[0m[0m.[0m[0mj[0m[0ms[0m[0m'[0m[0m
[0m[0m  [0m[0m[1m    │ [0m[0m [0m[0m [0m[0m [0m[0m [0m[0m [0m[0m [0m[0m [0m[0m[32m+[0m[0m[32m+[0m[0m[32m+[0m[0m[32m+[0m[0m[32m+[0m[0m [0m[0m [0m[0m [0m[0m [0m[0m [0m[0m [0m[0m [0m[0m [0m[0m [0m[0m [0m[0m [0m[0m [0m[0m [0m[0m [0m[0m [0m[0m [0m[0m [0m[0m [0m[0m [0m[0m [0m[0m [0m[0m [0m[0m [0m[0m [0m[0m [0m[0m [0m[0m [0m[0m [0m[0m [0m[0m [0m[0m [0m[0m [0m[0m [0m[0m [0m[0m [0m[0m [0m[0m [0m[0m [0m[0m [0m[0m [0m[0m [0m[0m [0m[0m [0m[0m [0m[0m [0m[0m [0m[0m [0m[0m [0m[0m [0m[0m [0m[0m [0m[0m [0m[0m [0m[0m [0m[0m [0m[0m [0m[0m [0m[0m
[0m
[0msrc/modules/connections/connection.repository.ts[0m[0m:[0m[0m5[0m[0m:[0m[0m8[0m[0m [0m[0m]8;;https://biomejs.dev/linter/rules/use-import-type\lint/style/useImportType]8;;\[0m[0m [0m[0m[30m[47m FIXABLE [0m[0m [0m[0m━━━━━━━━━━━━━━━━━━━━━━━━━━━━━━━━━━━━━━━━━━━━━━━━━━━━━━━━━━━━━━━━━━━━━━━━━━━━━━━━━━━━━━━━━━━━━━━━━━━━━━━━━━━[0m[0m

[0m[0m  [0m[0m[1m[33m⚠[0m[0m [0m[0m[33mSome named imports are only used as types.[0m[0m
[0m[0m  [0m[0m
[0m[0m  [0m[0m [0m[0m  [0m[0m[1m4 │ [0m[0mi[0m[0mm[0m[0mp[0m[0mo[0m[0mr[0m[0mt[0m[0m [0m[0m{[0m[0m [0m[0md[0m[0mb[0m[0m [0m[0m}[0m[0m [0m[0mf[0m[0mr[0m[0mo[0m[0mm[0m[0m [0m[0m'[0m[0m.[0m[0m.[0m[0m/[0m[0m.[0m[0m.[0m[0m/[0m[0md[0m[0mb[0m[0m/[0m[0mc[0m[0mo[0m[0mn[0m[0mn[0m[0me[0m[0mc[0m[0mt[0m[0mi[0m[0mo[0m[0mn[0m[0m.[0m[0mj[0m[0ms[0m[0m'[0m[0m
[0m[0m  [0m[0m [0m[0m[1m[31m>[0m[0m [0m[0m[1m5 │ [0m[0mi[0m[0mm[0m[0mp[0m[0mo[0m[0mr[0m[0mt[0m[0m [0m[0m{[0m[0m
[0m[0m  [0m[0m [0m[0m [0m[0m[1m   │ [0m[0m [0m[0m [0m[0m [0m[0m [0m[0m [0m[0m [0m[0m [0m[0m[1m[31m^[0m[0m
[0m[0m  [0m[0m [0m[0m[1m[31m>[0m[0m [0m[0m[1m6 │ [0m[0m [0m[0m [0m[0mC[0m[0mo[0m[0mn[0m[0mn[0m[0me[0m[0mc[0m[0mt[0m[0mi[0m[0mo[0m[0mn[0m[0m,[0m[0m
[0m[0m  [0m[0m [0m[0m[1m[31m>[0m[0m [0m[0m[1m7 │ [0m[0m [0m[0m [0m[0mc[0m[0mo[0m[0mn[0m[0mn[0m[0me[0m[0mc[0m[0mt[0m[0mi[0m[0mo[0m[0mn[0m[0ms[0m[0m,[0m[0m
[0m[0m  [0m[0m [0m[0m[1m[31m>[0m[0m [0m[0m[1m8 │ [0m[0m [0m[0m [0m[0mN[0m[0me[0m[0mw[0m[0mC[0m[0mo[0m[0mn[0m[0mn[0m[0me[0m[0mc[0m[0mt[0m[0mi[0m[0mo[0m[0mn[0m[0m,[0m[0m
[0m[0m  [0m[0m [0m[0m[1m[31m>[0m[0m [0m[0m[1m9 │ [0m[0m [0m[0m [0m[0mu[0m[0ms[0m[0me[0m[0mr[0m[0ms[0m[0m,[0m[0m
[0m[0m  [0m[0m[1m[31m>[0m[0m [0m[0m[1m10 │ [0m[0m}[0m[0m [0m[0mf[0m[0mr[0m[0mo[0m[0mm[0m[0m [0m[0m'[0m[0m.[0m[0m.[0m[0m/[0m[0m.[0m[0m.[0m[0m/[0m[0md[0m[0mb[0m[0m/[0m[0ms[0m[0mc[0m[0mh[0m[0me[0m[0mm[0m[0ma[0m[0m.[0m[0mj[0m[0ms[0m[0m'[0m[0m
[0m[0m  [0m[0m [0m[0m [0m[0m[1m   │ [0m[0m[1m[31m^[0m[0m[1m[31m^[0m[0m[1m[31m^[0m[0m[1m[31m^[0m[0m[1m[31m^[0m[0m[1m[31m^[0m[0m[1m[31m^[0m[0m[1m[31m^[0m[0m[1m[31m^[0m[0m[1m[31m^[0m[0m[1m[31m^[0m[0m[1m[31m^[0m[0m[1m[31m^[0m[0m[1m[31m^[0m[0m[1m[31m^[0m[0m[1m[31m^[0m[0m[1m[31m^[0m[0m[1m[31m^[0m[0m[1m[31m^[0m[0m[1m[31m^[0m[0m[1m[31m^[0m[0m[1m[31m^[0m[0m[1m[31m^[0m[0m[1m[31m^[0m[0m[1m[31m^[0m[0m[1m[31m^[0m[0m[1m[31m^[0m[0m
[0m[0m  [0m[0m  [0m[0m[1m11 │ [0m[0m
[0m[0m  [0m[0m  [0m[0m[1m12 │ [0m[0me[0m[0mx[0m[0mp[0m[0mo[0m[0mr[0m[0mt[0m[0m [0m[0mc[0m[0ml[0m[0ma[0m[0ms[0m[0ms[0m[0m [0m[0mC[0m[0mo[0m[0mn[0m[0mn[0m[0me[0m[0mc[0m[0mt[0m[0mi[0m[0mo[0m[0mn[0m[0mR[0m[0me[0m[0mp[0m[0mo[0m[0ms[0m[0mi[0m[0mt[0m[0mo[0m[0mr[0m[0my[0m[0m [0m[0m{[0m[0m
[0m[0m  [0m[0m
[0m[0m  [0m[0m[1m[34mℹ[0m[0m [0m[0m[34mThis import is only used as a type.[0m[0m
[0m[0m  [0m[0m
[0m[0m  [0m[0m  [0m[0m[1m4 │ [0m[0mi[0m[0mm[0m[0mp[0m[0mo[0m[0mr[0m[0mt[0m[0m [0m[0m{[0m[0m [0m[0md[0m[0mb[0m[0m [0m[0m}[0m[0m [0m[0mf[0m[0mr[0m[0mo[0m[0mm[0m[0m [0m[0m'[0m[0m.[0m[0m.[0m[0m/[0m[0m.[0m[0m.[0m[0m/[0m[0md[0m[0mb[0m[0m/[0m[0mc[0m[0mo[0m[0mn[0m[0mn[0m[0me[0m[0mc[0m[0mt[0m[0mi[0m[0mo[0m[0mn[0m[0m.[0m[0mj[0m[0ms[0m[0m'[0m[0m
[0m[0m  [0m[0m  [0m[0m[1m5 │ [0m[0mi[0m[0mm[0m[0mp[0m[0mo[0m[0mr[0m[0mt[0m[0m [0m[0m{[0m[0m
[0m[0m  [0m[0m[1m[31m>[0m[0m [0m[0m[1m6 │ [0m[0m [0m[0m [0m[0mC[0m[0mo[0m[0mn[0m[0mn[0m[0me[0m[0mc[0m[0mt[0m[0mi[0m[0mo[0m[0mn[0m[0m,[0m[0m
[0m[0m  [0m[0m [0m[0m[1m   │ [0m[0m [0m[0m [0m[0m[1m[31m^[0m[0m[1m[31m^[0m[0m[1m[31m^[0m[0m[1m[31m^[0m[0m[1m[31m^[0m[0m[1m[31m^[0m[0m[1m[31m^[0m[0m[1m[31m^[0m[0m[1m[31m^[0m[0m[1m[31m^[0m[0m
[0m[0m  [0m[0m  [0m[0m[1m7 │ [0m[0m [0m[0m [0m[0mc[0m[0mo[0m[0mn[0m[0mn[0m[0me[0m[0mc[0m[0mt[0m[0mi[0m[0mo[0m[0mn[0m[0ms[0m[0m,[0m[0m
[0m[0m  [0m[0m  [0m[0m[1m8 │ [0m[0m [0m[0m [0m[0mN[0m[0me[0m[0mw[0m[0mC[0m[0mo[0m[0mn[0m[0mn[0m[0me[0m[0mc[0m[0mt[0m[0mi[0m[0mo[0m[0mn[0m[0m,[0m[0m
[0m[0m  [0m[0m
[0m[0m  [0m[0m[1m[34mℹ[0m[0m [0m[0m[34mThis import is only used as a type.[0m[0m
[0m[0m  [0m[0m
[0m[0m  [0m[0m [0m[0m  [0m[0m[1m6 │ [0m[0m [0m[0m [0m[0mC[0m[0mo[0m[0mn[0m[0mn[0m[0me[0m[0mc[0m[0mt[0m[0mi[0m[0mo[0m[0mn[0m[0m,[0m[0m
[0m[0m  [0m[0m [0m[0m  [0m[0m[1m7 │ [0m[0m [0m[0m [0m[0mc[0m[0mo[0m[0mn[0m[0mn[0m[0me[0m[0mc[0m[0mt[0m[0mi[0m[0mo[0m[0mn[0m[0ms[0m[0m,[0m[0m
[0m[0m  [0m[0m [0m[0m[1m[31m>[0m[0m [0m[0m[1m8 │ [0m[0m [0m[0m [0m[0mN[0m[0me[0m[0mw[0m[0mC[0m[0mo[0m[0mn[0m[0mn[0m[0me[0m[0mc[0m[0mt[0m[0mi[0m[0mo[0m[0mn[0m[0m,[0m[0m
[0m[0m  [0m[0m [0m[0m [0m[0m[1m   │ [0m[0m [0m[0m [0m[0m[1m[31m^[0m[0m[1m[31m^[0m[0m[1m[31m^[0m[0m[1m[31m^[0m[0m[1m[31m^[0m[0m[1m[31m^[0m[0m[1m[31m^[0m[0m[1m[31m^[0m[0m[1m[31m^[0m[0m[1m[31m^[0m[0m[1m[31m^[0m[0m[1m[31m^[0m[0m[1m[31m^[0m[0m
[0m[0m  [0m[0m [0m[0m  [0m[0m[1m9 │ [0m[0m [0m[0m [0m[0mu[0m[0ms[0m[0me[0m[0mr[0m[0ms[0m[0m,[0m[0m
[0m[0m  [0m[0m  [0m[0m[1m10 │ [0m[0m}[0m[0m [0m[0mf[0m[0mr[0m[0mo[0m[0mm[0m[0m [0m[0m'[0m[0m.[0m[0m.[0m[0m/[0m[0m.[0m[0m.[0m[0m/[0m[0md[0m[0mb[0m[0m/[0m[0ms[0m[0mc[0m[0mh[0m[0me[0m[0mm[0m[0ma[0m[0m.[0m[0mj[0m[0ms[0m[0m'[0m[0m
[0m[0m  [0m[0m
[0m[0m  [0m[0m[1m[34mℹ[0m[0m [0m[0m[34mImporting the types with [0m[0m[1m[34mimport type[0m[0m[34m ensures that they are removed by the compilers and avoids loading unnecessary modules.[0m[0m
[0m[0m  [0m[0m
[0m[0m  [0m[0m[1m[34mℹ[0m[0m [0m[0m[34mSafe fix: Add inline [0m[0m[1m[34mtype[0m[0m[34m keywords.[0m[0m
[0m[0m  [0m[0m
[0m[0m  [0m[0m  [0m[0m[1m  4[0m[0m [0m[0m[1m  4[0m[0m[1m │ [0m[0m [0m[0m [0m[0mi[0m[0mm[0m[0mp[0m[0mo[0m[0mr[0m[0mt[0m[0m [0m[0m{[0m[0m [0m[0md[0m[0mb[0m[0m [0m[0m}[0m[0m [0m[0mf[0m[0mr[0m[0mo[0m[0mm[0m[0m [0m[0m'[0m[0m.[0m[0m.[0m[0m/[0m[0m.[0m[0m.[0m[0m/[0m[0md[0m[0mb[0m[0m/[0m[0mc[0m[0mo[0m[0mn[0m[0mn[0m[0me[0m[0mc[0m[0mt[0m[0mi[0m[0mo[0m[0mn[0m[0m.[0m[0mj[0m[0ms[0m[0m'[0m[0m
[0m[0m  [0m[0m  [0m[0m[1m  5[0m[0m [0m[0m[1m  5[0m[0m[1m │ [0m[0m [0m[0m [0m[0mi[0m[0mm[0m[0mp[0m[0mo[0m[0mr[0m[0mt[0m[0m [0m[0m{[0m[0m
[0m[0m  [0m[0m  [0m[0m[1m  6[0m[0m [0m[0m [0m[0m [0m[0m [0m[0m[1m │ [0m[0m[31m-[0m[0m [0m[0m[2m[31m·[0m[0m[2m[31m·[0m[0m[31mC[0m[0m[31mo[0m[0m[31mn[0m[0m[31mn[0m[0m[31me[0m[0m[31mc[0m[0m[31mt[0m[0m[31mi[0m[0m[31mo[0m[0m[31mn[0m[0m[31m,[0m[0m
[0m[0m  [0m[0m  [0m[0m [0m[0m [0m[0m [0m[0m [0m[0m[1m  6[0m[0m[1m │ [0m[0m[32m+[0m[0m [0m[0m[2m[32m·[0m[0m[2m[32m·[0m[0m[1m[32mt[0m[0m[1m[32my[0m[0m[1m[32mp[0m[0m[1m[32me[0m[0m[1m[2m[32m·[0m[0m[32mC[0m[0m[32mo[0m[0m[32mn[0m[0m[32mn[0m[0m[32me[0m[0m[32mc[0m[0m[32mt[0m[0m[32mi[0m[0m[32mo[0m[0m[32mn[0m[0m[32m,[0m[0m
[0m[0m  [0m[0m  [0m[0m[1m  7[0m[0m [0m[0m[1m  7[0m[0m[1m │ [0m[0m [0m[0m [0m[0m [0m[0m [0m[0mc[0m[0mo[0m[0mn[0m[0mn[0m[0me[0m[0mc[0m[0mt[0m[0mi[0m[0mo[0m[0mn[0m[0ms[0m[0m,[0m[0m
[0m[0m  [0m[0m  [0m[0m[1m  8[0m[0m [0m[0m [0m[0m [0m[0m [0m[0m[1m │ [0m[0m[31m-[0m[0m [0m[0m[2m[31m·[0m[0m[2m[31m·[0m[0m[31mN[0m[0m[31me[0m[0m[31mw[0m[0m[31mC[0m[0m[31mo[0m[0m[31mn[0m[0m[31mn[0m[0m[31me[0m[0m[31mc[0m[0m[31mt[0m[0m[31mi[0m[0m[31mo[0m[0m[31mn[0m[0m[31m,[0m[0m
[0m[0m  [0m[0m  [0m[0m [0m[0m [0m[0m [0m[0m [0m[0m[1m  8[0m[0m[1m │ [0m[0m[32m+[0m[0m [0m[0m[2m[32m·[0m[0m[2m[32m·[0m[0m[1m[32mt[0m[0m[1m[32my[0m[0m[1m[32mp[0m[0m[1m[32me[0m[0m[1m[2m[32m·[0m[0m[32mN[0m[0m[32me[0m[0m[32mw[0m[0m[32mC[0m[0m[32mo[0m[0m[32mn[0m[0m[32mn[0m[0m[32me[0m[0m[32mc[0m[0m[32mt[0m[0m[32mi[0m[0m[32mo[0m[0m[32mn[0m[0m[32m,[0m[0m
[0m[0m  [0m[0m  [0m[0m[1m  9[0m[0m [0m[0m[1m  9[0m[0m[1m │ [0m[0m [0m[0m [0m[0m [0m[0m [0m[0mu[0m[0ms[0m[0me[0m[0mr[0m[0ms[0m[0m,[0m[0m
[0m[0m  [0m[0m  [0m[0m[1m 10[0m[0m [0m[0m[1m 10[0m[0m[1m │ [0m[0m [0m[0m [0m[0m}[0m[0m [0m[0mf[0m[0mr[0m[0mo[0m[0mm[0m[0m [0m[0m'[0m[0m.[0m[0m.[0m[0m/[0m[0m.[0m[0m.[0m[0m/[0m[0md[0m[0mb[0m[0m/[0m[0ms[0m[0mc[0m[0mh[0m[0me[0m[0mm[0m[0ma[0m[0m.[0m[0mj[0m[0ms[0m[0m'[0m[0m
[0m[0m  [0m[0m
[0m
[0msrc/modules/connections/connection.service.ts[0m[0m:[0m[0m1[0m[0m:[0m[0m8[0m[0m [0m[0m]8;;https://biomejs.dev/linter/rules/use-import-type\lint/style/useImportType]8;;\[0m[0m [0m[0m[30m[47m FIXABLE [0m[0m [0m[0m━━━━━━━━━━━━━━━━━━━━━━━━━━━━━━━━━━━━━━━━━━━━━━━━━━━━━━━━━━━━━━━━━━━━━━━━━━━━━━━━━━━━━━━━━━━━━━━━━━━━━━━━━━━━━━[0m[0m

[0m[0m  [0m[0m[1m[33m⚠[0m[0m [0m[0m[33mAll these imports are only used as types.[0m[0m
[0m[0m  [0m[0m
[0m[0m  [0m[0m[1m[31m>[0m[0m [0m[0m[1m1 │ [0m[0mi[0m[0mm[0m[0mp[0m[0mo[0m[0mr[0m[0mt[0m[0m [0m[0m{[0m[0m [0m[0mC[0m[0mo[0m[0mn[0m[0mn[0m[0me[0m[0mc[0m[0mt[0m[0mi[0m[0mo[0m[0mn[0m[0m [0m[0m}[0m[0m [0m[0mf[0m[0mr[0m[0mo[0m[0mm[0m[0m [0m[0m'[0m[0m.[0m[0m.[0m[0m/[0m[0m.[0m[0m.[0m[0m/[0m[0md[0m[0mb[0m[0m/[0m[0ms[0m[0mc[0m[0mh[0m[0me[0m[0mm[0m[0ma[0m[0m.[0m[0mj[0m[0ms[0m[0m'[0m[0m
[0m[0m  [0m[0m [0m[0m[1m   │ [0m[0m [0m[0m [0m[0m [0m[0m [0m[0m [0m[0m [0m[0m [0m[0m[1m[31m^[0m[0m[1m[31m^[0m[0m[1m[31m^[0m[0m[1m[31m^[0m[0m[1m[31m^[0m[0m[1m[31m^[0m[0m[1m[31m^[0m[0m[1m[31m^[0m[0m[1m[31m^[0m[0m[1m[31m^[0m[0m[1m[31m^[0m[0m[1m[31m^[0m[0m[1m[31m^[0m[0m[1m[31m^[0m[0m[1m[31m^[0m[0m[1m[31m^[0m[0m[1m[31m^[0m[0m[1m[31m^[0m[0m[1m[31m^[0m[0m[1m[31m^[0m[0m[1m[31m^[0m[0m[1m[31m^[0m[0m[1m[31m^[0m[0m[1m[31m^[0m[0m[1m[31m^[0m[0m[1m[31m^[0m[0m[1m[31m^[0m[0m[1m[31m^[0m[0m[1m[31m^[0m[0m[1m[31m^[0m[0m[1m[31m^[0m[0m[1m[31m^[0m[0m[1m[31m^[0m[0m[1m[31m^[0m[0m[1m[31m^[0m[0m[1m[31m^[0m[0m[1m[31m^[0m[0m[1m[31m^[0m[0m[1m[31m^[0m[0m[1m[31m^[0m[0m
[0m[0m  [0m[0m  [0m[0m[1m2 │ [0m[0mi[0m[0mm[0m[0mp[0m[0mo[0m[0mr[0m[0mt[0m[0m [0m[0m{[0m[0m [0m[0mN[0m[0mo[0m[0mt[0m[0mF[0m[0mo[0m[0mu[0m[0mn[0m[0md[0m[0mE[0m[0mr[0m[0mr[0m[0mo[0m[0mr[0m[0m [0m[0m}[0m[0m [0m[0mf[0m[0mr[0m[0mo[0m[0mm[0m[0m [0m[0m'[0m[0m.[0m[0m.[0m[0m/[0m[0m.[0m[0m.[0m[0m/[0m[0ms[0m[0mh[0m[0ma[0m[0mr[0m[0me[0m[0md[0m[0m/[0m[0me[0m[0mr[0m[0mr[0m[0mo[0m[0mr[0m[0ms[0m[0m/[0m[0mi[0m[0mn[0m[0md[0m[0me[0m[0mx[0m[0m.[0m[0mj[0m[0ms[0m[0m'[0m[0m
[0m[0m  [0m[0m  [0m[0m[1m3 │ [0m[0mi[0m[0mm[0m[0mp[0m[0mo[0m[0mr[0m[0mt[0m[0m [0m[0mN[0m[0mo[0m[0mt[0m[0mi[0m[0mf[0m[0mi[0m[0mc[0m[0ma[0m[0mt[0m[0mi[0m[0mo[0m[0mn[0m[0mS[0m[0me[0m[0mr[0m[0mv[0m[0mi[0m[0mc[0m[0me[0m[0m [0m[0mf[0m[0mr[0m[0mo[0m[0mm[0m[0m [0m[0m'[0m[0m.[0m[0m.[0m[0m/[0m[0mn[0m[0mo[0m[0mt[0m[0mi[0m[0mf[0m[0mi[0m[0mc[0m[0ma[0m[0mt[0m[0mi[0m[0mo[0m[0mn[0m[0ms[0m[0m/[0m[0mn[0m[0mo[0m[0mt[0m[0mi[0m[0mf[0m[0mi[0m[0mc[0m[0ma[0m[0mt[0m[0mi[0m[0mo[0m[0mn[0m[0m.[0m[0ms[0m[0mo[0m[0mc[0m[0mk[0m[0me[0m[0mt[0m[0m.[0m[0mj[0m[0ms[0m[0m'[0m[0m
[0m[0m  [0m[0m
[0m[0m  [0m[0m[1m[34mℹ[0m[0m [0m[0m[34mImporting the types with [0m[0m[1m[34mimport type[0m[0m[34m ensures that they are removed by the compilers and avoids loading unnecessary modules.[0m[0m
[0m[0m  [0m[0m
[0m[0m  [0m[0m[1m[34mℹ[0m[0m [0m[0m[34mSafe fix: Use [0m[0m[1m[34mimport type[0m[0m[34m.[0m[0m
[0m[0m  [0m[0m
[0m[0m  [0m[0m[1m  1 │ [0m[0mi[0m[0mm[0m[0mp[0m[0mo[0m[0mr[0m[0mt[0m[0m[2m·[0m[0m[32mt[0m[0m[32my[0m[0m[32mp[0m[0m[32me[0m[0m[2m[32m·[0m[0m{[0m[0m[2m·[0m[0mC[0m[0mo[0m[0mn[0m[0mn[0m[0me[0m[0mc[0m[0mt[0m[0mi[0m[0mo[0m[0mn[0m[0m[2m·[0m[0m}[0m[0m[2m·[0m[0mf[0m[0mr[0m[0mo[0m[0mm[0m[0m[2m·[0m[0m'[0m[0m.[0m[0m.[0m[0m/[0m[0m.[0m[0m.[0m[0m/[0m[0md[0m[0mb[0m[0m/[0m[0ms[0m[0mc[0m[0mh[0m[0me[0m[0mm[0m[0ma[0m[0m.[0m[0mj[0m[0ms[0m[0m'[0m[0m
[0m[0m  [0m[0m[1m    │ [0m[0m [0m[0m [0m[0m [0m[0m [0m[0m [0m[0m [0m[0m [0m[0m[32m+[0m[0m[32m+[0m[0m[32m+[0m[0m[32m+[0m[0m[32m+[0m[0m [0m[0m [0m[0m [0m[0m [0m[0m [0m[0m [0m[0m [0m[0m [0m[0m [0m[0m [0m[0m [0m[0m [0m[0m [0m[0m [0m[0m [0m[0m [0m[0m [0m[0m [0m[0m [0m[0m [0m[0m [0m[0m [0m[0m [0m[0m [0m[0m [0m[0m [0m[0m [0m[0m [0m[0m [0m[0m [0m[0m [0m[0m [0m[0m [0m[0m [0m[0m [0m[0m [0m[0m [0m[0m [0m[0m [0m[0m [0m[0m
[0m
[0msrc/modules/connections/connection.service.ts[0m[0m:[0m[0m3[0m[0m:[0m[0m8[0m[0m [0m[0m]8;;https://biomejs.dev/linter/rules/use-import-type\lint/style/useImportType]8;;\[0m[0m [0m[0m[30m[47m FIXABLE [0m[0m [0m[0m━━━━━━━━━━━━━━━━━━━━━━━━━━━━━━━━━━━━━━━━━━━━━━━━━━━━━━━━━━━━━━━━━━━━━━━━━━━━━━━━━━━━━━━━━━━━━━━━━━━━━━━━━━━━━━[0m[0m

[0m[0m  [0m[0m[1m[33m⚠[0m[0m [0m[0m[33mAll these imports are only used as types.[0m[0m
[0m[0m  [0m[0m
[0m[0m  [0m[0m  [0m[0m[1m1 │ [0m[0mi[0m[0mm[0m[0mp[0m[0mo[0m[0mr[0m[0mt[0m[0m [0m[0m{[0m[0m [0m[0mC[0m[0mo[0m[0mn[0m[0mn[0m[0me[0m[0mc[0m[0mt[0m[0mi[0m[0mo[0m[0mn[0m[0m [0m[0m}[0m[0m [0m[0mf[0m[0mr[0m[0mo[0m[0mm[0m[0m [0m[0m'[0m[0m.[0m[0m.[0m[0m/[0m[0m.[0m[0m.[0m[0m/[0m[0md[0m[0mb[0m[0m/[0m[0ms[0m[0mc[0m[0mh[0m[0me[0m[0mm[0m[0ma[0m[0m.[0m[0mj[0m[0ms[0m[0m'[0m[0m
[0m[0m  [0m[0m  [0m[0m[1m2 │ [0m[0mi[0m[0mm[0m[0mp[0m[0mo[0m[0mr[0m[0mt[0m[0m [0m[0m{[0m[0m [0m[0mN[0m[0mo[0m[0mt[0m[0mF[0m[0mo[0m[0mu[0m[0mn[0m[0md[0m[0mE[0m[0mr[0m[0mr[0m[0mo[0m[0mr[0m[0m [0m[0m}[0m[0m [0m[0mf[0m[0mr[0m[0mo[0m[0mm[0m[0m [0m[0m'[0m[0m.[0m[0m.[0m[0m/[0m[0m.[0m[0m.[0m[0m/[0m[0ms[0m[0mh[0m[0ma[0m[0mr[0m[0me[0m[0md[0m[0m/[0m[0me[0m[0mr[0m[0mr[0m[0mo[0m[0mr[0m[0ms[0m[0m/[0m[0mi[0m[0mn[0m[0md[0m[0me[0m[0mx[0m[0m.[0m[0mj[0m[0ms[0m[0m'[0m[0m
[0m[0m  [0m[0m[1m[31m>[0m[0m [0m[0m[1m3 │ [0m[0mi[0m[0mm[0m[0mp[0m[0mo[0m[0mr[0m[0mt[0m[0m [0m[0mN[0m[0mo[0m[0mt[0m[0mi[0m[0mf[0m[0mi[0m[0mc[0m[0ma[0m[0mt[0m[0mi[0m[0mo[0m[0mn[0m[0mS[0m[0me[0m[0mr[0m[0mv[0m[0mi[0m[0mc[0m[0me[0m[0m [0m[0mf[0m[0mr[0m[0mo[0m[0mm[0m[0m [0m[0m'[0m[0m.[0m[0m.[0m[0m/[0m[0mn[0m[0mo[0m[0mt[0m[0mi[0m[0mf[0m[0mi[0m[0mc[0m[0ma[0m[0mt[0m[0mi[0m[0mo[0m[0mn[0m[0ms[0m[0m/[0m[0mn[0m[0mo[0m[0mt[0m[0mi[0m[0mf[0m[0mi[0m[0mc[0m[0ma[0m[0mt[0m[0mi[0m[0mo[0m[0mn[0m[0m.[0m[0ms[0m[0mo[0m[0mc[0m[0mk[0m[0me[0m[0mt[0m[0m.[0m[0mj[0m[0ms[0m[0m'[0m[0m
[0m[0m  [0m[0m [0m[0m[1m   │ [0m[0m [0m[0m [0m[0m [0m[0m [0m[0m [0m[0m [0m[0m [0m[0m[1m[31m^[0m[0m[1m[31m^[0m[0m[1m[31m^[0m[0m[1m[31m^[0m[0m[1m[31m^[0m[0m[1m[31m^[0m[0m[1m[31m^[0m[0m[1m[31m^[0m[0m[1m[31m^[0m[0m[1m[31m^[0m[0m[1m[31m^[0m[0m[1m[31m^[0m[0m[1m[31m^[0m[0m[1m[31m^[0m[0m[1m[31m^[0m[0m[1m[31m^[0m[0m[1m[31m^[0m[0m[1m[31m^[0m[0m[1m[31m^[0m[0m[1m[31m^[0m[0m[1m[31m^[0m[0m[1m[31m^[0m[0m[1m[31m^[0m[0m[1m[31m^[0m[0m[1m[31m^[0m[0m[1m[31m^[0m[0m[1m[31m^[0m[0m[1m[31m^[0m[0m[1m[31m^[0m[0m[1m[31m^[0m[0m[1m[31m^[0m[0m[1m[31m^[0m[0m[1m[31m^[0m[0m[1m[31m^[0m[0m[1m[31m^[0m[0m[1m[31m^[0m[0m[1m[31m^[0m[0m[1m[31m^[0m[0m[1m[31m^[0m[0m[1m[31m^[0m[0m[1m[31m^[0m[0m[1m[31m^[0m[0m[1m[31m^[0m[0m[1m[31m^[0m[0m[1m[31m^[0m[0m[1m[31m^[0m[0m[1m[31m^[0m[0m[1m[31m^[0m[0m[1m[31m^[0m[0m[1m[31m^[0m[0m[1m[31m^[0m[0m[1m[31m^[0m[0m[1m[31m^[0m[0m[1m[31m^[0m[0m[1m[31m^[0m[0m[1m[31m^[0m[0m[1m[31m^[0m[0m[1m[31m^[0m[0m[1m[31m^[0m[0m[1m[31m^[0m[0m[1m[31m^[0m[0m[1m[31m^[0m[0m[1m[31m^[0m[0m[1m[31m^[0m[0m[1m[31m^[0m[0m[1m[31m^[0m[0m
[0m[0m  [0m[0m  [0m[0m[1m4 │ [0m[0mi[0m[0mm[0m[0mp[0m[0mo[0m[0mr[0m[0mt[0m[0m [0m[0m{[0m[0m [0m[0mC[0m[0mo[0m[0mn[0m[0mn[0m[0me[0m[0mc[0m[0mt[0m[0mi[0m[0mo[0m[0mn[0m[0mR[0m[0me[0m[0mp[0m[0mo[0m[0ms[0m[0mi[0m[0mt[0m[0mo[0m[0mr[0m[0my[0m[0m [0m[0m}[0m[0m [0m[0mf[0m[0mr[0m[0mo[0m[0mm[0m[0m [0m[0m'[0m[0m.[0m[0m/[0m[0mc[0m[0mo[0m[0mn[0m[0mn[0m[0me[0m[0mc[0m[0mt[0m[0mi[0m[0mo[0m[0mn[0m[0m.[0m[0mr[0m[0me[0m[0mp[0m[0mo[0m[0ms[0m[0mi[0m[0mt[0m[0mo[0m[0mr[0m[0my[0m[0m.[0m[0mj[0m[0ms[0m[0m'[0m[0m
[0m[0m  [0m[0m  [0m[0m[1m5 │ [0m[0m
[0m[0m  [0m[0m
[0m[0m  [0m[0m[1m[34mℹ[0m[0m [0m[0m[34mImporting the types with [0m[0m[1m[34mimport type[0m[0m[34m ensures that they are removed by the compilers and avoids loading unnecessary modules.[0m[0m
[0m[0m  [0m[0m
[0m[0m  [0m[0m[1m[34mℹ[0m[0m [0m[0m[34mSafe fix: Use [0m[0m[1m[34mimport type[0m[0m[34m.[0m[0m
[0m[0m  [0m[0m
[0m[0m  [0m[0m[1m  3 │ [0m[0mi[0m[0mm[0m[0mp[0m[0mo[0m[0mr[0m[0mt[0m[0m[2m·[0m[0m[32mt[0m[0m[32my[0m[0m[32mp[0m[0m[32me[0m[0m[2m[32m·[0m[0mN[0m[0mo[0m[0mt[0m[0mi[0m[0mf[0m[0mi[0m[0mc[0m[0ma[0m[0mt[0m[0mi[0m[0mo[0m[0mn[0m[0mS[0m[0me[0m[0mr[0m[0mv[0m[0mi[0m[0mc[0m[0me[0m[0m[2m·[0m[0mf[0m[0mr[0m[0mo[0m[0mm[0m[0m[2m·[0m[0m'[0m[0m.[0m[0m.[0m[0m/[0m[0mn[0m[0mo[0m[0mt[0m[0mi[0m[0mf[0m[0mi[0m[0mc[0m[0ma[0m[0mt[0m[0mi[0m[0mo[0m[0mn[0m[0ms[0m[0m/[0m[0mn[0m[0mo[0m[0mt[0m[0mi[0m[0mf[0m[0mi[0m[0mc[0m[0ma[0m[0mt[0m[0mi[0m[0mo[0m[0mn[0m[0m.[0m[0ms[0m[0mo[0m[0mc[0m[0mk[0m[0me[0m[0mt[0m[0m.[0m[0mj[0m[0ms[0m[0m'[0m[0m
[0m[0m  [0m[0m[1m    │ [0m[0m [0m[0m [0m[0m [0m[0m [0m[0m [0m[0m [0m[0m [0m[0m[32m+[0m[0m[32m+[0m[0m[32m+[0m[0m[32m+[0m[0m[32m+[0m[0m [0m[0m [0m[0m [0m[0m [0m[0m [0m[0m [0m[0m [0m[0m [0m[0m [0m[0m [0m[0m [0m[0m [0m[0m [0m[0m [0m[0m [0m[0m [0m[0m [0m[0m [0m[0m [0m[0m [0m[0m [0m[0m [0m[0m [0m[0m [0m[0m [0m[0m [0m[0m [0m[0m [0m[0m [0m[0m [0m[0m [0m[0m [0m[0m [0m[0m [0m[0m [0m[0m [0m[0m [0m[0m [0m[0m [0m[0m [0m[0m [0m[0m [0m[0m [0m[0m [0m[0m [0m[0m [0m[0m [0m[0m [0m[0m [0m[0m [0m[0m [0m[0m [0m[0m [0m[0m [0m[0m [0m[0m [0m[0m [0m[0m [0m[0m [0m[0m [0m[0m [0m[0m [0m[0m [0m[0m [0m[0m [0m[0m [0m[0m
[0m
[0msrc/modules/media/media.controller.ts[0m[0m:[0m[0m1[0m[0m:[0m[0m8[0m[0m [0m[0m]8;;https://biomejs.dev/linter/rules/use-import-type\lint/style/useImportType]8;;\[0m[0m [0m[0m[30m[47m FIXABLE [0m[0m [0m[0m━━━━━━━━━━━━━━━━━━━━━━━━━━━━━━━━━━━━━━━━━━━━━━━━━━━━━━━━━━━━━━━━━━━━━━━━━━━━━━━━━━━━━━━━━━━━━━━━━━━━━━━━━━━━━━━━━━━━━━[0m[0m

[0m[0m  [0m[0m[1m[33m⚠[0m[0m [0m[0m[33mAll these imports are only used as types.[0m[0m
[0m[0m  [0m[0m
[0m[0m  [0m[0m[1m[31m>[0m[0m [0m[0m[1m1 │ [0m[0mi[0m[0mm[0m[0mp[0m[0mo[0m[0mr[0m[0mt[0m[0m [0m[0m{[0m[0m [0m[0mN[0m[0me[0m[0mx[0m[0mt[0m[0mF[0m[0mu[0m[0mn[0m[0mc[0m[0mt[0m[0mi[0m[0mo[0m[0mn[0m[0m,[0m[0m [0m[0mR[0m[0me[0m[0mq[0m[0mu[0m[0me[0m[0ms[0m[0mt[0m[0m,[0m[0m [0m[0mR[0m[0me[0m[0ms[0m[0mp[0m[0mo[0m[0mn[0m[0ms[0m[0me[0m[0m [0m[0m}[0m[0m [0m[0mf[0m[0mr[0m[0mo[0m[0mm[0m[0m [0m[0m'[0m[0me[0m[0mx[0m[0mp[0m[0mr[0m[0me[0m[0ms[0m[0ms[0m[0m'[0m[0m
[0m[0m  [0m[0m [0m[0m[1m   │ [0m[0m [0m[0m [0m[0m [0m[0m [0m[0m [0m[0m [0m[0m [0m[0m[1m[31m^[0m[0m[1m[31m^[0m[0m[1m[31m^[0m[0m[1m[31m^[0m[0m[1m[31m^[0m[0m[1m[31m^[0m[0m[1m[31m^[0m[0m[1m[31m^[0m[0m[1m[31m^[0m[0m[1m[31m^[0m[0m[1m[31m^[0m[0m[1m[31m^[0m[0m[1m[31m^[0m[0m[1m[31m^[0m[0m[1m[31m^[0m[0m[1m[31m^[0m[0m[1m[31m^[0m[0m[1m[31m^[0m[0m[1m[31m^[0m[0m[1m[31m^[0m[0m[1m[31m^[0m[0m[1m[31m^[0m[0m[1m[31m^[0m[0m[1m[31m^[0m[0m[1m[31m^[0m[0m[1m[31m^[0m[0m[1m[31m^[0m[0m[1m[31m^[0m[0m[1m[31m^[0m[0m[1m[31m^[0m[0m[1m[31m^[0m[0m[1m[31m^[0m[0m[1m[31m^[0m[0m[1m[31m^[0m[0m[1m[31m^[0m[0m[1m[31m^[0m[0m[1m[31m^[0m[0m[1m[31m^[0m[0m[1m[31m^[0m[0m[1m[31m^[0m[0m[1m[31m^[0m[0m[1m[31m^[0m[0m[1m[31m^[0m[0m[1m[31m^[0m[0m[1m[31m^[0m[0m[1m[31m^[0m[0m[1m[31m^[0m[0m[1m[31m^[0m[0m[1m[31m^[0m[0m[1m[31m^[0m[0m
[0m[0m  [0m[0m  [0m[0m[1m2 │ [0m[0mi[0m[0mm[0m[0mp[0m[0mo[0m[0mr[0m[0mt[0m[0m [0m[0m{[0m[0m [0m[0mb[0m[0ma[0m[0ms[0m[0me[0m[0mn[0m[0ma[0m[0mm[0m[0me[0m[0m [0m[0m}[0m[0m [0m[0mf[0m[0mr[0m[0mo[0m[0mm[0m[0m [0m[0m'[0m[0mn[0m[0mo[0m[0md[0m[0me[0m[0m:[0m[0mp[0m[0ma[0m[0mt[0m[0mh[0m[0m'[0m[0m
[0m[0m  [0m[0m  [0m[0m[1m3 │ [0m[0mi[0m[0mm[0m[0mp[0m[0mo[0m[0mr[0m[0mt[0m[0m [0m[0m{[0m[0m [0m[0mR[0m[0me[0m[0ma[0m[0md[0m[0ma[0m[0mb[0m[0ml[0m[0me[0m[0m [0m[0m}[0m[0m [0m[0mf[0m[0mr[0m[0mo[0m[0mm[0m[0m [0m[0m'[0m[0mn[0m[0mo[0m[0md[0m[0me[0m[0m:[0m[0ms[0m[0mt[0m[0mr[0m[0me[0m[0ma[0m[0mm[0m[0m'[0m[0m
[0m[0m  [0m[0m
[0m[0m  [0m[0m[1m[34mℹ[0m[0m [0m[0m[34mImporting the types with [0m[0m[1m[34mimport type[0m[0m[34m ensures that they are removed by the compilers and avoids loading unnecessary modules.[0m[0m
[0m[0m  [0m[0m
[0m[0m  [0m[0m[1m[34mℹ[0m[0m [0m[0m[34mSafe fix: Use [0m[0m[1m[34mimport type[0m[0m[34m.[0m[0m
[0m[0m  [0m[0m
[0m[0m  [0m[0m[1m  1 │ [0m[0mi[0m[0mm[0m[0mp[0m[0mo[0m[0mr[0m[0mt[0m[0m[2m·[0m[0m[32mt[0m[0m[32my[0m[0m[32mp[0m[0m[32me[0m[0m[2m[32m·[0m[0m{[0m[0m[2m·[0m[0mN[0m[0me[0m[0mx[0m[0mt[0m[0mF[0m[0mu[0m[0mn[0m[0mc[0m[0mt[0m[0mi[0m[0mo[0m[0mn[0m[0m,[0m[0m[2m·[0m[0mR[0m[0me[0m[0mq[0m[0mu[0m[0me[0m[0ms[0m[0mt[0m[0m,[0m[0m[2m·[0m[0mR[0m[0me[0m[0ms[0m[0mp[0m[0mo[0m[0mn[0m[0ms[0m[0me[0m[0m[2m·[0m[0m}[0m[0m[2m·[0m[0mf[0m[0mr[0m[0mo[0m[0mm[0m[0m[2m·[0m[0m'[0m[0me[0m[0mx[0m[0mp[0m[0mr[0m[0me[0m[0ms[0m[0ms[0m[0m'[0m[0m
[0m[0m  [0m[0m[1m    │ [0m[0m [0m[0m [0m[0m [0m[0m [0m[0m [0m[0m [0m[0m [0m[0m[32m+[0m[0m[32m+[0m[0m[32m+[0m[0m[32m+[0m[0m[32m+[0m[0m [0m[0m [0m[0m [0m[0m [0m[0m [0m[0m [0m[0m [0m[0m [0m[0m [0m[0m [0m[0m [0m[0m [0m[0m [0m[0m [0m[0m [0m[0m [0m[0m [0m[0m [0m[0m [0m[0m [0m[0m [0m[0m [0m[0m [0m[0m [0m[0m [0m[0m [0m[0m [0m[0m [0m[0m [0m[0m [0m[0m [0m[0m [0m[0m [0m[0m [0m[0m [0m[0m [0m[0m [0m[0m [0m[0m [0m[0m [0m[0m [0m[0m [0m[0m [0m[0m [0m[0m [0m[0m [0m[0m [0m[0m [0m[0m [0m[0m [0m[0m
[0m
[0msrc/modules/notifications/notification.socket.ts[0m[0m:[0m[0m1[0m[0m:[0m[0m8[0m[0m [0m[0m]8;;https://biomejs.dev/linter/rules/use-import-type\lint/style/useImportType]8;;\[0m[0m [0m[0m[30m[47m FIXABLE [0m[0m [0m[0m━━━━━━━━━━━━━━━━━━━━━━━━━━━━━━━━━━━━━━━━━━━━━━━━━━━━━━━━━━━━━━━━━━━━━━━━━━━━━━━━━━━━━━━━━━━━━━━━━━━━━━━━━━━[0m[0m

[0m[0m  [0m[0m[1m[33m⚠[0m[0m [0m[0m[33mAll these imports are only used as types.[0m[0m
[0m[0m  [0m[0m
[0m[0m  [0m[0m[1m[31m>[0m[0m [0m[0m[1m1 │ [0m[0mi[0m[0mm[0m[0mp[0m[0mo[0m[0mr[0m[0mt[0m[0m [0m[0m{[0m[0m [0m[0mS[0m[0me[0m[0mr[0m[0mv[0m[0me[0m[0mr[0m[0m [0m[0m}[0m[0m [0m[0mf[0m[0mr[0m[0mo[0m[0mm[0m[0m [0m[0m'[0m[0ms[0m[0mo[0m[0mc[0m[0mk[0m[0me[0m[0mt[0m[0m.[0m[0mi[0m[0mo[0m[0m'[0m[0m
[0m[0m  [0m[0m [0m[0m[1m   │ [0m[0m [0m[0m [0m[0m [0m[0m [0m[0m [0m[0m [0m[0m [0m[0m[1m[31m^[0m[0m[1m[31m^[0m[0m[1m[31m^[0m[0m[1m[31m^[0m[0m[1m[31m^[0m[0m[1m[31m^[0m[0m[1m[31m^[0m[0m[1m[31m^[0m[0m[1m[31m^[0m[0m[1m[31m^[0m[0m[1m[31m^[0m[0m[1m[31m^[0m[0m[1m[31m^[0m[0m[1m[31m^[0m[0m[1m[31m^[0m[0m[1m[31m^[0m[0m[1m[31m^[0m[0m[1m[31m^[0m[0m[1m[31m^[0m[0m[1m[31m^[0m[0m[1m[31m^[0m[0m[1m[31m^[0m[0m[1m[31m^[0m[0m[1m[31m^[0m[0m[1m[31m^[0m[0m[1m[31m^[0m[0m[1m[31m^[0m[0m
[0m[0m  [0m[0m  [0m[0m[1m2 │ [0m[0m
[0m[0m  [0m[0m  [0m[0m[1m3 │ [0m[0mi[0m[0mm[0m[0mp[0m[0mo[0m[0mr[0m[0mt[0m[0m [0m[0m{[0m[0m [0m[0mu[0m[0ms[0m[0me[0m[0mr[0m[0mS[0m[0mo[0m[0mc[0m[0mk[0m[0me[0m[0mt[0m[0mM[0m[0ma[0m[0mp[0m[0m [0m[0m}[0m[0m [0m[0mf[0m[0mr[0m[0mo[0m[0mm[0m[0m [0m[0m'[0m[0m.[0m[0m.[0m[0m/[0m[0m.[0m[0m.[0m[0m/[0m[0ms[0m[0mo[0m[0mc[0m[0mk[0m[0me[0m[0mt[0m[0m/[0m[0ms[0m[0mo[0m[0mc[0m[0mk[0m[0me[0m[0mt[0m[0m.[0m[0mj[0m[0ms[0m[0m'[0m[0m
[0m[0m  [0m[0m
[0m[0m  [0m[0m[1m[34mℹ[0m[0m [0m[0m[34mImporting the types with [0m[0m[1m[34mimport type[0m[0m[34m ensures that they are removed by the compilers and avoids loading unnecessary modules.[0m[0m
[0m[0m  [0m[0m
[0m[0m  [0m[0m[1m[34mℹ[0m[0m [0m[0m[34mSafe fix: Use [0m[0m[1m[34mimport type[0m[0m[34m.[0m[0m
[0m[0m  [0m[0m
[0m[0m  [0m[0m[1m  1 │ [0m[0mi[0m[0mm[0m[0mp[0m[0mo[0m[0mr[0m[0mt[0m[0m[2m·[0m[0m[32mt[0m[0m[32my[0m[0m[32mp[0m[0m[32me[0m[0m[2m[32m·[0m[0m{[0m[0m[2m·[0m[0mS[0m[0me[0m[0mr[0m[0mv[0m[0me[0m[0mr[0m[0m[2m·[0m[0m}[0m[0m[2m·[0m[0mf[0m[0mr[0m[0mo[0m[0mm[0m[0m[2m·[0m[0m'[0m[0ms[0m[0mo[0m[0mc[0m[0mk[0m[0me[0m[0mt[0m[0m.[0m[0mi[0m[0mo[0m[0m'[0m[0m
[0m[0m  [0m[0m[1m    │ [0m[0m [0m[0m [0m[0m [0m[0m [0m[0m [0m[0m [0m[0m [0m[0m[32m+[0m[0m[32m+[0m[0m[32m+[0m[0m[32m+[0m[0m[32m+[0m[0m [0m[0m [0m[0m [0m[0m [0m[0m [0m[0m [0m[0m [0m[0m [0m[0m [0m[0m [0m[0m [0m[0m [0m[0m [0m[0m [0m[0m [0m[0m [0m[0m [0m[0m [0m[0m [0m[0m [0m[0m [0m[0m [0m[0m [0m[0m [0m[0m [0m[0m [0m[0m [0m[0m
[0m
[0msrc/modules/posts/post.controller.ts[0m[0m:[0m[0m1[0m[0m:[0m[0m8[0m[0m [0m[0m]8;;https://biomejs.dev/linter/rules/use-import-type\lint/style/useImportType]8;;\[0m[0m [0m[0m[30m[47m FIXABLE [0m[0m [0m[0m━━━━━━━━━━━━━━━━━━━━━━━━━━━━━━━━━━━━━━━━━━━━━━━━━━━━━━━━━━━━━━━━━━━━━━━━━━━━━━━━━━━━━━━━━━━━━━━━━━━━━━━━━━━━━━━━━━━━━━━[0m[0m

[0m[0m  [0m[0m[1m[33m⚠[0m[0m [0m[0m[33mAll these imports are only used as types.[0m[0m
[0m[0m  [0m[0m
[0m[0m  [0m[0m[1m[31m>[0m[0m [0m[0m[1m1 │ [0m[0mi[0m[0mm[0m[0mp[0m[0mo[0m[0mr[0m[0mt[0m[0m [0m[0m{[0m[0m [0m[0mt[0m[0my[0m[0mp[0m[0me[0m[0m [0m[0mR[0m[0me[0m[0mq[0m[0mu[0m[0me[0m[0ms[0m[0mt[0m[0m,[0m[0m [0m[0mt[0m[0my[0m[0mp[0m[0me[0m[0m [0m[0mR[0m[0me[0m[0ms[0m[0mp[0m[0mo[0m[0mn[0m[0ms[0m[0me[0m[0m [0m[0m}[0m[0m [0m[0mf[0m[0mr[0m[0mo[0m[0mm[0m[0m [0m[0m'[0m[0me[0m[0mx[0m[0mp[0m[0mr[0m[0me[0m[0ms[0m[0ms[0m[0m'[0m[0m
[0m[0m  [0m[0m [0m[0m[1m   │ [0m[0m [0m[0m [0m[0m [0m[0m [0m[0m [0m[0m [0m[0m [0m[0m[1m[31m^[0m[0m[1m[31m^[0m[0m[1m[31m^[0m[0m[1m[31m^[0m[0m[1m[31m^[0m[0m[1m[31m^[0m[0m[1m[31m^[0m[0m[1m[31m^[0m[0m[1m[31m^[0m[0m[1m[31m^[0m[0m[1m[31m^[0m[0m[1m[31m^[0m[0m[1m[31m^[0m[0m[1m[31m^[0m[0m[1m[31m^[0m[0m[1m[31m^[0m[0m[1m[31m^[0m[0m[1m[31m^[0m[0m[1m[31m^[0m[0m[1m[31m^[0m[0m[1m[31m^[0m[0m[1m[31m^[0m[0m[1m[31m^[0m[0m[1m[31m^[0m[0m[1m[31m^[0m[0m[1m[31m^[0m[0m[1m[31m^[0m[0m[1m[31m^[0m[0m[1m[31m^[0m[0m[1m[31m^[0m[0m[1m[31m^[0m[0m[1m[31m^[0m[0m[1m[31m^[0m[0m[1m[31m^[0m[0m[1m[31m^[0m[0m[1m[31m^[0m[0m[1m[31m^[0m[0m[1m[31m^[0m[0m[1m[31m^[0m[0m[1m[31m^[0m[0m[1m[31m^[0m[0m[1m[31m^[0m[0m[1m[31m^[0m[0m[1m[31m^[0m[0m[1m[31m^[0m[0m[1m[31m^[0m[0m
[0m[0m  [0m[0m  [0m[0m[1m2 │ [0m[0m
[0m[0m  [0m[0m  [0m[0m[1m3 │ [0m[0mi[0m[0mm[0m[0mp[0m[0mo[0m[0mr[0m[0mt[0m[0m [0m[0mt[0m[0my[0m[0mp[0m[0me[0m[0m [0m[0m{[0m[0m
[0m[0m  [0m[0m
[0m[0m  [0m[0m[1m[34mℹ[0m[0m [0m[0m[34mImporting the types with [0m[0m[1m[34mimport type[0m[0m[34m ensures that they are removed by the compilers and avoids loading unnecessary modules.[0m[0m
[0m[0m  [0m[0m
[0m[0m  [0m[0m[1m[34mℹ[0m[0m [0m[0m[34mSafe fix: Use [0m[0m[1m[34mimport type[0m[0m[34m.[0m[0m
[0m[0m  [0m[0m
[0m[0m  [0m[0m  [0m[0m[1m  1[0m[0m [0m[0m [0m[0m [0m[0m [0m[0m[1m │ [0m[0m[31m-[0m[0m [0m[0m[31mi[0m[0m[31mm[0m[0m[31mp[0m[0m[31mo[0m[0m[31mr[0m[0m[31mt[0m[0m[2m[31m·[0m[0m[1m[31m{[0m[0m[2m[31m·[0m[0m[1m[31mt[0m[0m[1m[31my[0m[0m[1m[31mp[0m[0m[1m[31me[0m[0m[2m[31m·[0m[0m[31mR[0m[0m[31me[0m[0m[31mq[0m[0m[31mu[0m[0m[31me[0m[0m[31ms[0m[0m[31mt[0m[0m[31m,[0m[0m[1m[2m[31m·[0m[0m[1m[31mt[0m[0m[1m[31my[0m[0m[1m[31mp[0m[0m[1m[31me[0m[0m[2m[31m·[0m[0m[31mR[0m[0m[31me[0m[0m[31ms[0m[0m[31mp[0m[0m[31mo[0m[0m[31mn[0m[0m[31ms[0m[0m[31me[0m[0m[2m[31m·[0m[0m[31m}[0m[0m[2m[31m·[0m[0m[31mf[0m[0m[31mr[0m[0m[31mo[0m[0m[31mm[0m[0m[2m[31m·[0m[0m[31m'[0m[0m[31me[0m[0m[31mx[0m[0m[31mp[0m[0m[31mr[0m[0m[31me[0m[0m[31ms[0m[0m[31ms[0m[0m[31m'[0m[0m
[0m[0m  [0m[0m  [0m[0m [0m[0m [0m[0m [0m[0m [0m[0m[1m  1[0m[0m[1m │ [0m[0m[32m+[0m[0m [0m[0m[32mi[0m[0m[32mm[0m[0m[32mp[0m[0m[32mo[0m[0m[32mr[0m[0m[32mt[0m[0m[2m[32m·[0m[0m[1m[32mt[0m[0m[1m[32my[0m[0m[1m[32mp[0m[0m[1m[32me[0m[0m[2m[32m·[0m[0m[1m[32m{[0m[0m[2m[32m·[0m[0m[32mR[0m[0m[32me[0m[0m[32mq[0m[0m[32mu[0m[0m[32me[0m[0m[32ms[0m[0m[32mt[0m[0m[32m,[0m[0m[2m[32m·[0m[0m[32mR[0m[0m[32me[0m[0m[32ms[0m[0m[32mp[0m[0m[32mo[0m[0m[32mn[0m[0m[32ms[0m[0m[32me[0m[0m[2m[32m·[0m[0m[32m}[0m[0m[2m[32m·[0m[0m[32mf[0m[0m[32mr[0m[0m[32mo[0m[0m[32mm[0m[0m[2m[32m·[0m[0m[32m'[0m[0m[32me[0m[0m[32mx[0m[0m[32mp[0m[0m[32mr[0m[0m[32me[0m[0m[32ms[0m[0m[32ms[0m[0m[32m'[0m[0m
[0m[0m  [0m[0m  [0m[0m[1m  2[0m[0m [0m[0m[1m  2[0m[0m[1m │ [0m[0m [0m[0m [0m[0m
[0m[0m  [0m[0m  [0m[0m[1m  3[0m[0m [0m[0m[1m  3[0m[0m[1m │ [0m[0m [0m[0m [0m[0mi[0m[0mm[0m[0mp[0m[0mo[0m[0mr[0m[0mt[0m[0m [0m[0mt[0m[0my[0m[0mp[0m[0me[0m[0m [0m[0m{[0m[0m
[0m[0m  [0m[0m
[0m
[0msrc/modules/posts/post.service.ts[0m[0m:[0m[0m4[0m[0m:[0m[0m8[0m[0m [0m[0m]8;;https://biomejs.dev/linter/rules/use-import-type\lint/style/useImportType]8;;\[0m[0m [0m[0m[30m[47m FIXABLE [0m[0m [0m[0m━━━━━━━━━━━━━━━━━━━━━━━━━━━━━━━━━━━━━━━━━━━━━━━━━━━━━━━━━━━━━━━━━━━━━━━━━━━━━━━━━━━━━━━━━━━━━━━━━━━━━━━━━━━━━━━━━━━━━━━━━━[0m[0m

[0m[0m  [0m[0m[1m[33m⚠[0m[0m [0m[0m[33mSome named imports are only used as types.[0m[0m
[0m[0m  [0m[0m
[0m[0m  [0m[0m [0m[0m  [0m[0m[1m3 │ [0m[0mi[0m[0mm[0m[0mp[0m[0mo[0m[0mr[0m[0mt[0m[0m [0m[0m{[0m[0m [0m[0md[0m[0mb[0m[0m [0m[0m}[0m[0m [0m[0mf[0m[0mr[0m[0mo[0m[0mm[0m[0m [0m[0m'[0m[0m.[0m[0m.[0m[0m/[0m[0m.[0m[0m.[0m[0m/[0m[0md[0m[0mb[0m[0m/[0m[0mc[0m[0mo[0m[0mn[0m[0mn[0m[0me[0m[0mc[0m[0mt[0m[0mi[0m[0mo[0m[0mn[0m[0m.[0m[0mj[0m[0ms[0m[0m'[0m[0m
[0m[0m  [0m[0m [0m[0m[1m[31m>[0m[0m [0m[0m[1m4 │ [0m[0mi[0m[0mm[0m[0mp[0m[0mo[0m[0mr[0m[0mt[0m[0m [0m[0m{[0m[0m
[0m[0m  [0m[0m [0m[0m [0m[0m[1m   │ [0m[0m [0m[0m [0m[0m [0m[0m [0m[0m [0m[0m [0m[0m [0m[0m[1m[31m^[0m[0m
[0m[0m  [0m[0m [0m[0m[1m[31m>[0m[0m [0m[0m[1m5 │ [0m[0m [0m[0m [0m[0mc[0m[0mo[0m[0mm[0m[0mm[0m[0me[0m[0mn[0m[0mt[0m[0ms[0m[0m,[0m[0m
[0m[0m  [0m[0m [0m[0m [0m[0m[1m    ...
[0m[0m  [0m[0m[1m[31m>[0m[0m [0m[0m[1m10 │ [0m[0m [0m[0m [0m[0mv[0m[0mo[0m[0mt[0m[0me[0m[0ms[0m[0m,[0m[0m
[0m[0m  [0m[0m[1m[31m>[0m[0m [0m[0m[1m11 │ [0m[0m}[0m[0m [0m[0mf[0m[0mr[0m[0mo[0m[0mm[0m[0m [0m[0m'[0m[0m.[0m[0m.[0m[0m/[0m[0m.[0m[0m.[0m[0m/[0m[0md[0m[0mb[0m[0m/[0m[0ms[0m[0mc[0m[0mh[0m[0me[0m[0mm[0m[0ma[0m[0m.[0m[0mj[0m[0ms[0m[0m'[0m[0m
[0m[0m  [0m[0m [0m[0m [0m[0m[1m   │ [0m[0m[1m[31m^[0m[0m[1m[31m^[0m[0m[1m[31m^[0m[0m[1m[31m^[0m[0m[1m[31m^[0m[0m[1m[31m^[0m[0m[1m[31m^[0m[0m[1m[31m^[0m[0m[1m[31m^[0m[0m[1m[31m^[0m[0m[1m[31m^[0m[0m[1m[31m^[0m[0m[1m[31m^[0m[0m[1m[31m^[0m[0m[1m[31m^[0m[0m[1m[31m^[0m[0m[1m[31m^[0m[0m[1m[31m^[0m[0m[1m[31m^[0m[0m[1m[31m^[0m[0m[1m[31m^[0m[0m[1m[31m^[0m[0m[1m[31m^[0m[0m[1m[31m^[0m[0m[1m[31m^[0m[0m[1m[31m^[0m[0m[1m[31m^[0m[0m
[0m[0m  [0m[0m  [0m[0m[1m12 │ [0m[0mi[0m[0mm[0m[0mp[0m[0mo[0m[0mr[0m[0mt[0m[0m [0m[0m{[0m[0m
[0m[0m  [0m[0m  [0m[0m[1m13 │ [0m[0m [0m[0m [0m[0mA[0m[0mu[0m[0mt[0m[0mh[0m[0mo[0m[0mr[0m[0mi[0m[0mz[0m[0ma[0m[0mt[0m[0mi[0m[0mo[0m[0mn[0m[0mE[0m[0mr[0m[0mr[0m[0mo[0m[0mr[0m[0m,[0m[0m
[0m[0m  [0m[0m
[0m[0m  [0m[0m[1m[34mℹ[0m[0m [0m[0m[34mThis import is only used as a type.[0m[0m
[0m[0m  [0m[0m
[0m[0m  [0m[0m [0m[0m  [0m[0m[1m7 │ [0m[0m [0m[0m [0m[0mp[0m[0mo[0m[0ms[0m[0mt[0m[0ms[0m[0m,[0m[0m
[0m[0m  [0m[0m [0m[0m  [0m[0m[1m8 │ [0m[0m [0m[0m [0m[0mu[0m[0ms[0m[0me[0m[0mr[0m[0ms[0m[0m,[0m[0m
[0m[0m  [0m[0m [0m[0m[1m[31m>[0m[0m [0m[0m[1m9 │ [0m[0m [0m[0m [0m[0mV[0m[0mo[0m[0mt[0m[0me[0m[0m,[0m[0m
[0m[0m  [0m[0m [0m[0m [0m[0m[1m   │ [0m[0m [0m[0m [0m[0m[1m[31m^[0m[0m[1m[31m^[0m[0m[1m[31m^[0m[0m[1m[31m^[0m[0m
[0m[0m  [0m[0m  [0m[0m[1m10 │ [0m[0m [0m[0m [0m[0mv[0m[0mo[0m[0mt[0m[0me[0m[0ms[0m[0m,[0m[0m
[0m[0m  [0m[0m  [0m[0m[1m11 │ [0m[0m}[0m[0m [0m[0mf[0m[0mr[0m[0mo[0m[0mm[0m[0m [0m[0m'[0m[0m.[0m[0m.[0m[0m/[0m[0m.[0m[0m.[0m[0m/[0m[0md[0m[0mb[0m[0m/[0m[0ms[0m[0mc[0m[0mh[0m[0me[0m[0mm[0m[0ma[0m[0m.[0m[0mj[0m[0ms[0m[0m'[0m[0m
[0m[0m  [0m[0m
[0m[0m  [0m[0m[1m[34mℹ[0m[0m [0m[0m[34mImporting the types with [0m[0m[1m[34mimport type[0m[0m[34m ensures that they are removed by the compilers and avoids loading unnecessary modules.[0m[0m
[0m[0m  [0m[0m
[0m[0m  [0m[0m[1m[34mℹ[0m[0m [0m[0m[34mSafe fix: Add inline [0m[0m[1m[34mtype[0m[0m[34m keywords.[0m[0m
[0m[0m  [0m[0m
[0m[0m  [0m[0m[1m  9 │ [0m[0m[2m·[0m[0m[2m·[0m[0m[32mt[0m[0m[32my[0m[0m[32mp[0m[0m[32me[0m[0m[2m[32m·[0m[0mV[0m[0mo[0m[0mt[0m[0me[0m[0m,[0m[0m
[0m[0m  [0m[0m[1m    │ [0m[0m [0m[0m [0m[0m[32m+[0m[0m[32m+[0m[0m[32m+[0m[0m[32m+[0m[0m[32m+[0m[0m [0m[0m [0m[0m [0m[0m [0m[0m [0m[0m
[0m
[0msrc/modules/users/user.controller.ts[0m[0m:[0m[0m1[0m[0m:[0m[0m8[0m[0m [0m[0m]8;;https://biomejs.dev/linter/rules/use-import-type\lint/style/useImportType]8;;\[0m[0m [0m[0m[30m[47m FIXABLE [0m[0m [0m[0m━━━━━━━━━━━━━━━━━━━━━━━━━━━━━━━━━━━━━━━━━━━━━━━━━━━━━━━━━━━━━━━━━━━━━━━━━━━━━━━━━━━━━━━━━━━━━━━━━━━━━━━━━━━━━━━━━━━━━━━[0m[0m

[0m[0m  [0m[0m[1m[33m⚠[0m[0m [0m[0m[33mAll these imports are only used as types.[0m[0m
[0m[0m  [0m[0m
[0m[0m  [0m[0m[1m[31m>[0m[0m [0m[0m[1m1 │ [0m[0mi[0m[0mm[0m[0mp[0m[0mo[0m[0mr[0m[0mt[0m[0m [0m[0m{[0m[0m [0m[0mR[0m[0me[0m[0mq[0m[0mu[0m[0me[0m[0ms[0m[0mt[0m[0m,[0m[0m [0m[0mR[0m[0me[0m[0ms[0m[0mp[0m[0mo[0m[0mn[0m[0ms[0m[0me[0m[0m [0m[0m}[0m[0m [0m[0mf[0m[0mr[0m[0mo[0m[0mm[0m[0m [0m[0m'[0m[0me[0m[0mx[0m[0mp[0m[0mr[0m[0me[0m[0ms[0m[0ms[0m[0m'[0m[0m
[0m[0m  [0m[0m [0m[0m[1m   │ [0m[0m [0m[0m [0m[0m [0m[0m [0m[0m [0m[0m [0m[0m [0m[0m[1m[31m^[0m[0m[1m[31m^[0m[0m[1m[31m^[0m[0m[1m[31m^[0m[0m[1m[31m^[0m[0m[1m[31m^[0m[0m[1m[31m^[0m[0m[1m[31m^[0m[0m[1m[31m^[0m[0m[1m[31m^[0m[0m[1m[31m^[0m[0m[1m[31m^[0m[0m[1m[31m^[0m[0m[1m[31m^[0m[0m[1m[31m^[0m[0m[1m[31m^[0m[0m[1m[31m^[0m[0m[1m[31m^[0m[0m[1m[31m^[0m[0m[1m[31m^[0m[0m[1m[31m^[0m[0m[1m[31m^[0m[0m[1m[31m^[0m[0m[1m[31m^[0m[0m[1m[31m^[0m[0m[1m[31m^[0m[0m[1m[31m^[0m[0m[1m[31m^[0m[0m[1m[31m^[0m[0m[1m[31m^[0m[0m[1m[31m^[0m[0m[1m[31m^[0m[0m[1m[31m^[0m[0m[1m[31m^[0m[0m[1m[31m^[0m[0m[1m[31m^[0m[0m
[0m[0m  [0m[0m  [0m[0m[1m2 │ [0m[0m
[0m[0m  [0m[0m  [0m[0m[1m3 │ [0m[0mi[0m[0mm[0m[0mp[0m[0mo[0m[0mr[0m[0mt[0m[0m [0m[0me[0m[0mn[0m[0mv[0m[0m [0m[0mf[0m[0mr[0m[0mo[0m[0mm[0m[0m [0m[0m'[0m[0m.[0m[0m.[0m[0m/[0m[0m.[0m[0m.[0m[0m/[0m[0mc[0m[0mo[0m[0mn[0m[0mf[0m[0mi[0m[0mg[0m[0m/[0m[0me[0m[0mn[0m[0mv[0m[0m.[0m[0mj[0m[0ms[0m[0m'[0m[0m
[0m[0m  [0m[0m
[0m[0m  [0m[0m[1m[34mℹ[0m[0m [0m[0m[34mImporting the types with [0m[0m[1m[34mimport type[0m[0m[34m ensures that they are removed by the compilers and avoids loading unnecessary modules.[0m[0m
[0m[0m  [0m[0m
[0m[0m  [0m[0m[1m[34mℹ[0m[0m [0m[0m[34mSafe fix: Use [0m[0m[1m[34mimport type[0m[0m[34m.[0m[0m
[0m[0m  [0m[0m
[0m[0m  [0m[0m[1m  1 │ [0m[0mi[0m[0mm[0m[0mp[0m[0mo[0m[0mr[0m[0mt[0m[0m[2m·[0m[0m[32mt[0m[0m[32my[0m[0m[32mp[0m[0m[32me[0m[0m[2m[32m·[0m[0m{[0m[0m[2m·[0m[0mR[0m[0me[0m[0mq[0m[0mu[0m[0me[0m[0ms[0m[0mt[0m[0m,[0m[0m[2m·[0m[0mR[0m[0me[0m[0ms[0m[0mp[0m[0mo[0m[0mn[0m[0ms[0m[0me[0m[0m[2m·[0m[0m}[0m[0m[2m·[0m[0mf[0m[0mr[0m[0mo[0m[0mm[0m[0m[2m·[0m[0m'[0m[0me[0m[0mx[0m[0mp[0m[0mr[0m[0me[0m[0ms[0m[0ms[0m[0m'[0m[0m
[0m[0m  [0m[0m[1m    │ [0m[0m [0m[0m [0m[0m [0m[0m [0m[0m [0m[0m [0m[0m [0m[0m[32m+[0m[0m[32m+[0m[0m[32m+[0m[0m[32m+[0m[0m[32m+[0m[0m [0m[0m [0m[0m [0m[0m [0m[0m [0m[0m [0m[0m [0m[0m [0m[0m [0m[0m [0m[0m [0m[0m [0m[0m [0m[0m [0m[0m [0m[0m [0m[0m [0m[0m [0m[0m [0m[0m [0m[0m [0m[0m [0m[0m [0m[0m [0m[0m [0m[0m [0m[0m [0m[0m [0m[0m [0m[0m [0m[0m [0m[0m [0m[0m [0m[0m [0m[0m [0m[0m [0m[0m
[0m
[0msrc/modules/users/user.controller.ts[0m[0m:[0m[0m4[0m[0m:[0m[0m8[0m[0m [0m[0m]8;;https://biomejs.dev/linter/rules/use-import-type\lint/style/useImportType]8;;\[0m[0m [0m[0m[30m[47m FIXABLE [0m[0m [0m[0m━━━━━━━━━━━━━━━━━━━━━━━━━━━━━━━━━━━━━━━━━━━━━━━━━━━━━━━━━━━━━━━━━━━━━━━━━━━━━━━━━━━━━━━━━━━━━━━━━━━━━━━━━━━━━━━━━━━━━━━[0m[0m

[0m[0m  [0m[0m[1m[33m⚠[0m[0m [0m[0m[33mAll these imports are only used as types.[0m[0m
[0m[0m  [0m[0m
[0m[0m  [0m[0m  [0m[0m[1m3 │ [0m[0mi[0m[0mm[0m[0mp[0m[0mo[0m[0mr[0m[0mt[0m[0m [0m[0me[0m[0mn[0m[0mv[0m[0m [0m[0mf[0m[0mr[0m[0mo[0m[0mm[0m[0m [0m[0m'[0m[0m.[0m[0m.[0m[0m/[0m[0m.[0m[0m.[0m[0m/[0m[0mc[0m[0mo[0m[0mn[0m[0mf[0m[0mi[0m[0mg[0m[0m/[0m[0me[0m[0mn[0m[0mv[0m[0m.[0m[0mj[0m[0ms[0m[0m'[0m[0m
[0m[0m  [0m[0m[1m[31m>[0m[0m [0m[0m[1m4 │ [0m[0mi[0m[0mm[0m[0mp[0m[0mo[0m[0mr[0m[0mt[0m[0m [0m[0m{[0m[0m [0m[0mt[0m[0my[0m[0mp[0m[0me[0m[0m [0m[0mL[0m[0mo[0m[0mg[0m[0mi[0m[0mn[0m[0mU[0m[0ms[0m[0me[0m[0mr[0m[0m,[0m[0m [0m[0mt[0m[0my[0m[0mp[0m[0me[0m[0m [0m[0mN[0m[0me[0m[0mw[0m[0mU[0m[0ms[0m[0me[0m[0mr[0m[0m [0m[0m}[0m[0m [0m[0mf[0m[0mr[0m[0mo[0m[0mm[0m[0m [0m[0m'[0m[0m.[0m[0m.[0m[0m/[0m[0m.[0m[0m.[0m[0m/[0m[0md[0m[0mb[0m[0m/[0m[0ms[0m[0mc[0m[0mh[0m[0me[0m[0mm[0m[0ma[0m[0m.[0m[0mj[0m[0ms[0m[0m'[0m[0m
[0m[0m  [0m[0m [0m[0m[1m   │ [0m[0m [0m[0m [0m[0m [0m[0m [0m[0m [0m[0m [0m[0m [0m[0m[1m[31m^[0m[0m[1m[31m^[0m[0m[1m[31m^[0m[0m[1m[31m^[0m[0m[1m[31m^[0m[0m[1m[31m^[0m[0m[1m[31m^[0m[0m[1m[31m^[0m[0m[1m[31m^[0m[0m[1m[31m^[0m[0m[1m[31m^[0m[0m[1m[31m^[0m[0m[1m[31m^[0m[0m[1m[31m^[0m[0m[1m[31m^[0m[0m[1m[31m^[0m[0m[1m[31m^[0m[0m[1m[31m^[0m[0m[1m[31m^[0m[0m[1m[31m^[0m[0m[1m[31m^[0m[0m[1m[31m^[0m[0m[1m[31m^[0m[0m[1m[31m^[0m[0m[1m[31m^[0m[0m[1m[31m^[0m[0m[1m[31m^[0m[0m[1m[31m^[0m[0m[1m[31m^[0m[0m[1m[31m^[0m[0m[1m[31m^[0m[0m[1m[31m^[0m[0m[1m[31m^[0m[0m[1m[31m^[0m[0m[1m[31m^[0m[0m[1m[31m^[0m[0m[1m[31m^[0m[0m[1m[31m^[0m[0m[1m[31m^[0m[0m[1m[31m^[0m[0m[1m[31m^[0m[0m[1m[31m^[0m[0m[1m[31m^[0m[0m[1m[31m^[0m[0m[1m[31m^[0m[0m[1m[31m^[0m[0m[1m[31m^[0m[0m[1m[31m^[0m[0m[1m[31m^[0m[0m[1m[31m^[0m[0m[1m[31m^[0m[0m[1m[31m^[0m[0m[1m[31m^[0m[0m[1m[31m^[0m[0m[1m[31m^[0m[0m[1m[31m^[0m[0m[1m[31m^[0m[0m[1m[31m^[0m[0m
[0m[0m  [0m[0m  [0m[0m[1m5 │ [0m[0mi[0m[0mm[0m[0mp[0m[0mo[0m[0mr[0m[0mt[0m[0m [0m[0m{[0m[0m [0m[0mg[0m[0me[0m[0mn[0m[0me[0m[0mr[0m[0ma[0m[0mt[0m[0me[0m[0mC[0m[0ms[0m[0mr[0m[0mf[0m[0mT[0m[0mo[0m[0mk[0m[0me[0m[0mn[0m[0m [0m[0m}[0m[0m [0m[0mf[0m[0mr[0m[0mo[0m[0mm[0m[0m [0m[0m'[0m[0m.[0m[0m.[0m[0m/[0m[0m.[0m[0m.[0m[0m/[0m[0mu[0m[0mt[0m[0mi[0m[0ml[0m[0ms[0m[0m/[0m[0mt[0m[0mo[0m[0mk[0m[0me[0m[0mn[0m[0m.[0m[0mj[0m[0ms[0m[0m'[0m[0m
[0m[0m  [0m[0m  [0m[0m[1m6 │ [0m[0mi[0m[0mm[0m[0mp[0m[0mo[0m[0mr[0m[0mt[0m[0m [0m[0mU[0m[0ms[0m[0me[0m[0mr[0m[0mS[0m[0me[0m[0mr[0m[0mv[0m[0mi[0m[0mc[0m[0me[0m[0m [0m[0mf[0m[0mr[0m[0mo[0m[0mm[0m[0m [0m[0m'[0m[0m.[0m[0m/[0m[0mu[0m[0ms[0m[0me[0m[0mr[0m[0m.[0m[0ms[0m[0me[0m[0mr[0m[0mv[0m[0mi[0m[0mc[0m[0me[0m[0m.[0m[0mj[0m[0ms[0m[0m'[0m[0m
[0m[0m  [0m[0m
[0m[0m  [0m[0m[1m[34mℹ[0m[0m [0m[0m[34mImporting the types with [0m[0m[1m[34mimport type[0m[0m[34m ensures that they are removed by the compilers and avoids loading unnecessary modules.[0m[0m
[0m[0m  [0m[0m
[0m[0m  [0m[0m[1m[34mℹ[0m[0m [0m[0m[34mSafe fix: Use [0m[0m[1m[34mimport type[0m[0m[34m.[0m[0m
[0m[0m  [0m[0m
[0m[0m  [0m[0m  [0m[0m[1m 2[0m[0m [0m[0m[1m 2[0m[0m[1m │ [0m[0m [0m[0m [0m[0m
[0m[0m  [0m[0m  [0m[0m[1m 3[0m[0m [0m[0m[1m 3[0m[0m[1m │ [0m[0m [0m[0m [0m[0mi[0m[0mm[0m[0mp[0m[0mo[0m[0mr[0m[0mt[0m[0m [0m[0me[0m[0mn[0m[0mv[0m[0m [0m[0mf[0m[0mr[0m[0mo[0m[0mm[0m[0m [0m[0m'[0m[0m.[0m[0m.[0m[0m/[0m[0m.[0m[0m.[0m[0m/[0m[0mc[0m[0mo[0m[0mn[0m[0mf[0m[0mi[0m[0mg[0m[0m/[0m[0me[0m[0mn[0m[0mv[0m[0m.[0m[0mj[0m[0ms[0m[0m'[0m[0m
[0m[0m  [0m[0m  [0m[0m[1m 4[0m[0m [0m[0m [0m[0m [0m[0m[1m │ [0m[0m[31m-[0m[0m [0m[0m[31mi[0m[0m[31mm[0m[0m[31mp[0m[0m[31mo[0m[0m[31mr[0m[0m[31mt[0m[0m[2m[31m·[0m[0m[1m[31m{[0m[0m[2m[31m·[0m[0m[1m[31mt[0m[0m[1m[31my[0m[0m[1m[31mp[0m[0m[1m[31me[0m[0m[2m[31m·[0m[0m[31mL[0m[0m[31mo[0m[0m[31mg[0m[0m[31mi[0m[0m[31mn[0m[0m[31mU[0m[0m[31ms[0m[0m[31me[0m[0m[31mr[0m[0m[31m,[0m[0m[1m[2m[31m·[0m[0m[1m[31mt[0m[0m[1m[31my[0m[0m[1m[31mp[0m[0m[1m[31me[0m[0m[2m[31m·[0m[0m[31mN[0m[0m[31me[0m[0m[31mw[0m[0m[31mU[0m[0m[31ms[0m[0m[31me[0m[0m[31mr[0m[0m[2m[31m·[0m[0m[31m}[0m[0m[2m[31m·[0m[0m[31mf[0m[0m[31mr[0m[0m[31mo[0m[0m[31mm[0m[0m[2m[31m·[0m[0m[31m'[0m[0m[31m.[0m[0m[31m.[0m[0m[31m/[0m[0m[31m.[0m[0m[31m.[0m[0m[31m/[0m[0m[31md[0m[0m[31mb[0m[0m[31m/[0m[0m[31ms[0m[0m[31mc[0m[0m[31mh[0m[0m[31me[0m[0m[31mm[0m[0m[31ma[0m[0m[31m.[0m[0m[31mj[0m[0m[31ms[0m[0m[31m'[0m[0m
[0m[0m  [0m[0m  [0m[0m [0m[0m [0m[0m [0m[0m[1m 4[0m[0m[1m │ [0m[0m[32m+[0m[0m [0m[0m[32mi[0m[0m[32mm[0m[0m[32mp[0m[0m[32mo[0m[0m[32mr[0m[0m[32mt[0m[0m[2m[32m·[0m[0m[1m[32mt[0m[0m[1m[32my[0m[0m[1m[32mp[0m[0m[1m[32me[0m[0m[2m[32m·[0m[0m[1m[32m{[0m[0m[2m[32m·[0m[0m[32mL[0m[0m[32mo[0m[0m[32mg[0m[0m[32mi[0m[0m[32mn[0m[0m[32mU[0m[0m[32ms[0m[0m[32me[0m[0m[32mr[0m[0m[32m,[0m[0m[2m[32m·[0m[0m[32mN[0m[0m[32me[0m[0m[32mw[0m[0m[32mU[0m[0m[32ms[0m[0m[32me[0m[0m[32mr[0m[0m[2m[32m·[0m[0m[32m}[0m[0m[2m[32m·[0m[0m[32mf[0m[0m[32mr[0m[0m[32mo[0m[0m[32mm[0m[0m[2m[32m·[0m[0m[32m'[0m[0m[32m.[0m[0m[32m.[0m[0m[32m/[0m[0m[32m.[0m[0m[32m.[0m[0m[32m/[0m[0m[32md[0m[0m[32mb[0m[0m[32m/[0m[0m[32ms[0m[0m[32mc[0m[0m[32mh[0m[0m[32me[0m[0m[32mm[0m[0m[32ma[0m[0m[32m.[0m[0m[32mj[0m[0m[32ms[0m[0m[32m'[0m[0m
[0m[0m  [0m[0m  [0m[0m[1m 5[0m[0m [0m[0m[1m 5[0m[0m[1m │ [0m[0m [0m[0m [0m[0mi[0m[0mm[0m[0mp[0m[0mo[0m[0mr[0m[0mt[0m[0m [0m[0m{[0m[0m [0m[0mg[0m[0me[0m[0mn[0m[0me[0m[0mr[0m[0ma[0m[0mt[0m[0me[0m[0mC[0m[0ms[0m[0mr[0m[0mf[0m[0mT[0m[0mo[0m[0mk[0m[0me[0m[0mn[0m[0m [0m[0m}[0m[0m [0m[0mf[0m[0mr[0m[0mo[0m[0mm[0m[0m [0m[0m'[0m[0m.[0m[0m.[0m[0m/[0m[0m.[0m[0m.[0m[0m/[0m[0mu[0m[0mt[0m[0mi[0m[0ml[0m[0ms[0m[0m/[0m[0mt[0m[0mo[0m[0mk[0m[0me[0m[0mn[0m[0m.[0m[0mj[0m[0ms[0m[0m'[0m[0m
[0m[0m  [0m[0m  [0m[0m[1m 6[0m[0m [0m[0m[1m 6[0m[0m[1m │ [0m[0m [0m[0m [0m[0mi[0m[0mm[0m[0mp[0m[0mo[0m[0mr[0m[0mt[0m[0m [0m[0mU[0m[0ms[0m[0me[0m[0mr[0m[0mS[0m[0me[0m[0mr[0m[0mv[0m[0mi[0m[0mc[0m[0me[0m[0m [0m[0mf[0m[0mr[0m[0mo[0m[0mm[0m[0m [0m[0m'[0m[0m.[0m[0m/[0m[0mu[0m[0ms[0m[0me[0m[0mr[0m[0m.[0m[0ms[0m[0me[0m[0mr[0m[0mv[0m[0mi[0m[0mc[0m[0me[0m[0m.[0m[0mj[0m[0ms[0m[0m'[0m[0m
[0m[0m  [0m[0m
[0m
[0msrc/modules/users/user.repository.ts[0m[0m:[0m[0m4[0m[0m:[0m[0m8[0m[0m [0m[0m]8;;https://biomejs.dev/linter/rules/use-import-type\lint/style/useImportType]8;;\[0m[0m [0m[0m[30m[47m FIXABLE [0m[0m [0m[0m━━━━━━━━━━━━━━━━━━━━━━━━━━━━━━━━━━━━━━━━━━━━━━━━━━━━━━━━━━━━━━━━━━━━━━━━━━━━━━━━━━━━━━━━━━━━━━━━━━━━━━━━━━━━━━━━━━━━━━━[0m[0m

[0m[0m  [0m[0m[1m[33m⚠[0m[0m [0m[0m[33mSome named imports are only used as types.[0m[0m
[0m[0m  [0m[0m
[0m[0m  [0m[0m  [0m[0m[1m3 │ [0m[0mi[0m[0mm[0m[0mp[0m[0mo[0m[0mr[0m[0mt[0m[0m [0m[0m{[0m[0m [0m[0md[0m[0mb[0m[0m [0m[0m}[0m[0m [0m[0mf[0m[0mr[0m[0mo[0m[0mm[0m[0m [0m[0m'[0m[0m.[0m[0m.[0m[0m/[0m[0m.[0m[0m.[0m[0m/[0m[0md[0m[0mb[0m[0m/[0m[0mc[0m[0mo[0m[0mn[0m[0mn[0m[0me[0m[0mc[0m[0mt[0m[0mi[0m[0mo[0m[0mn[0m[0m.[0m[0mj[0m[0ms[0m[0m'[0m[0m
[0m[0m  [0m[0m[1m[31m>[0m[0m [0m[0m[1m4 │ [0m[0mi[0m[0mm[0m[0mp[0m[0mo[0m[0mr[0m[0mt[0m[0m [0m[0m{[0m[0m [0m[0mN[0m[0me[0m[0mw[0m[0mU[0m[0ms[0m[0me[0m[0mr[0m[0m,[0m[0m [0m[0mU[0m[0ms[0m[0me[0m[0mr[0m[0m,[0m[0m [0m[0mu[0m[0ms[0m[0me[0m[0mr[0m[0ms[0m[0m [0m[0m}[0m[0m [0m[0mf[0m[0mr[0m[0mo[0m[0mm[0m[0m [0m[0m'[0m[0m.[0m[0m.[0m[0m/[0m[0m.[0m[0m.[0m[0m/[0m[0md[0m[0mb[0m[0m/[0m[0ms[0m[0mc[0m[0mh[0m[0me[0m[0mm[0m[0ma[0m[0m.[0m[0mj[0m[0ms[0m[0m'[0m[0m
[0m[0m  [0m[0m [0m[0m[1m   │ [0m[0m [0m[0m [0m[0m [0m[0m [0m[0m [0m[0m [0m[0m [0m[0m[1m[31m^[0m[0m[1m[31m^[0m[0m[1m[31m^[0m[0m[1m[31m^[0m[0m[1m[31m^[0m[0m[1m[31m^[0m[0m[1m[31m^[0m[0m[1m[31m^[0m[0m[1m[31m^[0m[0m[1m[31m^[0m[0m[1m[31m^[0m[0m[1m[31m^[0m[0m[1m[31m^[0m[0m[1m[31m^[0m[0m[1m[31m^[0m[0m[1m[31m^[0m[0m[1m[31m^[0m[0m[1m[31m^[0m[0m[1m[31m^[0m[0m[1m[31m^[0m[0m[1m[31m^[0m[0m[1m[31m^[0m[0m[1m[31m^[0m[0m[1m[31m^[0m[0m[1m[31m^[0m[0m[1m[31m^[0m[0m[1m[31m^[0m[0m[1m[31m^[0m[0m[1m[31m^[0m[0m[1m[31m^[0m[0m[1m[31m^[0m[0m[1m[31m^[0m[0m[1m[31m^[0m[0m[1m[31m^[0m[0m[1m[31m^[0m[0m[1m[31m^[0m[0m[1m[31m^[0m[0m[1m[31m^[0m[0m[1m[31m^[0m[0m[1m[31m^[0m[0m[1m[31m^[0m[0m[1m[31m^[0m[0m[1m[31m^[0m[0m[1m[31m^[0m[0m[1m[31m^[0m[0m[1m[31m^[0m[0m[1m[31m^[0m[0m[1m[31m^[0m[0m[1m[31m^[0m[0m[1m[31m^[0m[0m
[0m[0m  [0m[0m  [0m[0m[1m5 │ [0m[0m
[0m[0m  [0m[0m  [0m[0m[1m6 │ [0m[0mc[0m[0ml[0m[0ma[0m[0ms[0m[0ms[0m[0m [0m[0mU[0m[0ms[0m[0me[0m[0mr[0m[0mR[0m[0me[0m[0mp[0m[0mo[0m[0ms[0m[0mi[0m[0mt[0m[0mo[0m[0mr[0m[0my[0m[0m [0m[0m{[0m[0m
[0m[0m  [0m[0m
[0m[0m  [0m[0m[1m[34mℹ[0m[0m [0m[0m[34mThis import is only used as a type.[0m[0m
[0m[0m  [0m[0m
[0m[0m  [0m[0m  [0m[0m[1m3 │ [0m[0mi[0m[0mm[0m[0mp[0m[0mo[0m[0mr[0m[0mt[0m[0m [0m[0m{[0m[0m [0m[0md[0m[0mb[0m[0m [0m[0m}[0m[0m [0m[0mf[0m[0mr[0m[0mo[0m[0mm[0m[0m [0m[0m'[0m[0m.[0m[0m.[0m[0m/[0m[0m.[0m[0m.[0m[0m/[0m[0md[0m[0mb[0m[0m/[0m[0mc[0m[0mo[0m[0mn[0m[0mn[0m[0me[0m[0mc[0m[0mt[0m[0mi[0m[0mo[0m[0mn[0m[0m.[0m[0mj[0m[0ms[0m[0m'[0m[0m
[0m[0m  [0m[0m[1m[31m>[0m[0m [0m[0m[1m4 │ [0m[0mi[0m[0mm[0m[0mp[0m[0mo[0m[0mr[0m[0mt[0m[0m [0m[0m{[0m[0m [0m[0mN[0m[0me[0m[0mw[0m[0mU[0m[0ms[0m[0me[0m[0mr[0m[0m,[0m[0m [0m[0mU[0m[0ms[0m[0me[0m[0mr[0m[0m,[0m[0m [0m[0mu[0m[0ms[0m[0me[0m[0mr[0m[0ms[0m[0m [0m[0m}[0m[0m [0m[0mf[0m[0mr[0m[0mo[0m[0mm[0m[0m [0m[0m'[0m[0m.[0m[0m.[0m[0m/[0m[0m.[0m[0m.[0m[0m/[0m[0md[0m[0mb[0m[0m/[0m[0ms[0m[0mc[0m[0mh[0m[0me[0m[0mm[0m[0ma[0m[0m.[0m[0mj[0m[0ms[0m[0m'[0m[0m
[0m[0m  [0m[0m [0m[0m[1m   │ [0m[0m [0m[0m [0m[0m [0m[0m [0m[0m [0m[0m [0m[0m [0m[0m [0m[0m [0m[0m[1m[31m^[0m[0m[1m[31m^[0m[0m[1m[31m^[0m[0m[1m[31m^[0m[0m[1m[31m^[0m[0m[1m[31m^[0m[0m[1m[31m^[0m[0m
[0m[0m  [0m[0m  [0m[0m[1m5 │ [0m[0m
[0m[0m  [0m[0m  [0m[0m[1m6 │ [0m[0mc[0m[0ml[0m[0ma[0m[0ms[0m[0ms[0m[0m [0m[0mU[0m[0ms[0m[0me[0m[0mr[0m[0mR[0m[0me[0m[0mp[0m[0mo[0m[0ms[0m[0mi[0m[0mt[0m[0mo[0m[0mr[0m[0my[0m[0m [0m[0m{[0m[0m
[0m[0m  [0m[0m
[0m[0m  [0m[0m[1m[34mℹ[0m[0m [0m[0m[34mThis import is only used as a type.[0m[0m
[0m[0m  [0m[0m
[0m[0m  [0m[0m  [0m[0m[1m3 │ [0m[0mi[0m[0mm[0m[0mp[0m[0mo[0m[0mr[0m[0mt[0m[0m [0m[0m{[0m[0m [0m[0md[0m[0mb[0m[0m [0m[0m}[0m[0m [0m[0mf[0m[0mr[0m[0mo[0m[0mm[0m[0m [0m[0m'[0m[0m.[0m[0m.[0m[0m/[0m[0m.[0m[0m.[0m[0m/[0m[0md[0m[0mb[0m[0m/[0m[0mc[0m[0mo[0m[0mn[0m[0mn[0m[0me[0m[0mc[0m[0mt[0m[0mi[0m[0mo[0m[0mn[0m[0m.[0m[0mj[0m[0ms[0m[0m'[0m[0m
[0m[0m  [0m[0m[1m[31m>[0m[0m [0m[0m[1m4 │ [0m[0mi[0m[0mm[0m[0mp[0m[0mo[0m[0mr[0m[0mt[0m[0m [0m[0m{[0m[0m [0m[0mN[0m[0me[0m[0mw[0m[0mU[0m[0ms[0m[0me[0m[0mr[0m[0m,[0m[0m [0m[0mU[0m[0ms[0m[0me[0m[0mr[0m[0m,[0m[0m [0m[0mu[0m[0ms[0m[0me[0m[0mr[0m[0ms[0m[0m [0m[0m}[0m[0m [0m[0mf[0m[0mr[0m[0mo[0m[0mm[0m[0m [0m[0m'[0m[0m.[0m[0m.[0m[0m/[0m[0m.[0m[0m.[0m[0m/[0m[0md[0m[0mb[0m[0m/[0m[0ms[0m[0mc[0m[0mh[0m[0me[0m[0mm[0m[0ma[0m[0m.[0m[0mj[0m[0ms[0m[0m'[0m[0m
[0m[0m  [0m[0m [0m[0m[1m   │ [0m[0m [0m[0m [0m[0m [0m[0m [0m[0m [0m[0m [0m[0m [0m[0m [0m[0m [0m[0m [0m[0m [0m[0m [0m[0m [0m[0m [0m[0m [0m[0m [0m[0m [0m[0m [0m[0m[1m[31m^[0m[0m[1m[31m^[0m[0m[1m[31m^[0m[0m[1m[31m^[0m[0m
[0m[0m  [0m[0m  [0m[0m[1m5 │ [0m[0m
[0m[0m  [0m[0m  [0m[0m[1m6 │ [0m[0mc[0m[0ml[0m[0ma[0m[0ms[0m[0ms[0m[0m [0m[0mU[0m[0ms[0m[0me[0m[0mr[0m[0mR[0m[0me[0m[0mp[0m[0mo[0m[0ms[0m[0mi[0m[0mt[0m[0mo[0m[0mr[0m[0my[0m[0m [0m[0m{[0m[0m
[0m[0m  [0m[0m
[0m[0m  [0m[0m[1m[34mℹ[0m[0m [0m[0m[34mImporting the types with [0m[0m[1m[34mimport type[0m[0m[34m ensures that they are removed by the compilers and avoids loading unnecessary modules.[0m[0m
[0m[0m  [0m[0m
[0m[0m  [0m[0m[1m[34mℹ[0m[0m [0m[0m[34mSafe fix: Add inline [0m[0m[1m[34mtype[0m[0m[34m keywords.[0m[0m
[0m[0m  [0m[0m
[0m[0m  [0m[0m[1m  4 │ [0m[0mi[0m[0mm[0m[0mp[0m[0mo[0m[0mr[0m[0mt[0m[0m[2m·[0m[0m{[0m[0m[2m·[0m[0m[32mt[0m[0m[32my[0m[0m[32mp[0m[0m[32me[0m[0m[2m[32m·[0m[0mN[0m[0me[0m[0mw[0m[0mU[0m[0ms[0m[0me[0m[0mr[0m[0m,[0m[0m[2m·[0m[0m[32mt[0m[0m[32my[0m[0m[32mp[0m[0m[32me[0m[0m[2m[32m·[0m[0mU[0m[0ms[0m[0me[0m[0mr[0m[0m,[0m[0m[2m·[0m[0mu[0m[0ms[0m[0me[0m[0mr[0m[0ms[0m[0m[2m·[0m[0m}[0m[0m[2m·[0m[0mf[0m[0mr[0m[0mo[0m[0mm[0m[0m[2m·[0m[0m'[0m[0m.[0m[0m.[0m[0m/[0m[0m.[0m[0m.[0m[0m/[0m[0md[0m[0mb[0m[0m/[0m[0ms[0m[0mc[0m[0mh[0m[0me[0m[0mm[0m[0ma[0m[0m.[0m[0mj[0m[0ms[0m[0m'[0m[0m
[0m[0m  [0m[0m[1m    │ [0m[0m [0m[0m [0m[0m [0m[0m [0m[0m [0m[0m [0m[0m [0m[0m [0m[0m [0m[0m[32m+[0m[0m[32m+[0m[0m[32m+[0m[0m[32m+[0m[0m[32m+[0m[0m [0m[0m [0m[0m [0m[0m [0m[0m [0m[0m [0m[0m [0m[0m [0m[0m [0m[0m[32m+[0m[0m[32m+[0m[0m[32m+[0m[0m[32m+[0m[0m[32m+[0m[0m [0m[0m [0m[0m [0m[0m [0m[0m [0m[0m [0m[0m [0m[0m [0m[0m [0m[0m [0m[0m [0m[0m [0m[0m [0m[0m [0m[0m [0m[0m [0m[0m [0m[0m [0m[0m [0m[0m [0m[0m [0m[0m [0m[0m [0m[0m [0m[0m [0m[0m [0m[0m [0m[0m [0m[0m [0m[0m [0m[0m [0m[0m [0m[0m [0m[0m [0m[0m [0m[0m [0m[0m [0m[0m [0m[0m [0m[0m
[0m
[0msrc/modules/users/user.service.ts[0m[0m:[0m[0m4[0m[0m:[0m[0m8[0m[0m [0m[0m]8;;https://biomejs.dev/linter/rules/use-import-type\lint/style/useImportType]8;;\[0m[0m [0m[0m[30m[47m FIXABLE [0m[0m [0m[0m━━━━━━━━━━━━━━━━━━━━━━━━━━━━━━━━━━━━━━━━━━━━━━━━━━━━━━━━━━━━━━━━━━━━━━━━━━━━━━━━━━━━━━━━━━━━━━━━━━━━━━━━━━━━━━━━━━━━━━━━━━[0m[0m

[0m[0m  [0m[0m[1m[33m⚠[0m[0m [0m[0m[33mAll these imports are only used as types.[0m[0m
[0m[0m  [0m[0m
[0m[0m  [0m[0m  [0m[0m[1m3 │ [0m[0mi[0m[0mm[0m[0mp[0m[0mo[0m[0mr[0m[0mt[0m[0m [0m[0me[0m[0mn[0m[0mv[0m[0m [0m[0mf[0m[0mr[0m[0mo[0m[0mm[0m[0m [0m[0m'[0m[0m.[0m[0m.[0m[0m/[0m[0m.[0m[0m.[0m[0m/[0m[0mc[0m[0mo[0m[0mn[0m[0mf[0m[0mi[0m[0mg[0m[0m/[0m[0me[0m[0mn[0m[0mv[0m[0m.[0m[0mj[0m[0ms[0m[0m'[0m[0m
[0m[0m  [0m[0m[1m[31m>[0m[0m [0m[0m[1m4 │ [0m[0mi[0m[0mm[0m[0mp[0m[0mo[0m[0mr[0m[0mt[0m[0m [0m[0m{[0m[0m [0m[0mt[0m[0my[0m[0mp[0m[0me[0m[0m [0m[0mL[0m[0mo[0m[0mg[0m[0mi[0m[0mn[0m[0mU[0m[0ms[0m[0me[0m[0mr[0m[0m,[0m[0m [0m[0mt[0m[0my[0m[0mp[0m[0me[0m[0m [0m[0mN[0m[0me[0m[0mw[0m[0mU[0m[0ms[0m[0me[0m[0mr[0m[0m,[0m[0m [0m[0mt[0m[0my[0m[0mp[0m[0me[0m[0m [0m[0mU[0m[0ms[0m[0me[0m[0mr[0m[0m [0m[0m}[0m[0m [0m[0mf[0m[0mr[0m[0mo[0m[0mm[0m[0m [0m[0m'[0m[0m.[0m[0m.[0m[0m/[0m[0m.[0m[0m.[0m[0m/[0m[0md[0m[0mb[0m[0m/[0m[0ms[0m[0mc[0m[0mh[0m[0me[0m[0mm[0m[0ma[0m[0m.[0m[0mj[0m[0ms[0m[0m'[0m[0m
[0m[0m  [0m[0m [0m[0m[1m   │ [0m[0m [0m[0m [0m[0m [0m[0m [0m[0m [0m[0m [0m[0m [0m[0m[1m[31m^[0m[0m[1m[31m^[0m[0m[1m[31m^[0m[0m[1m[31m^[0m[0m[1m[31m^[0m[0m[1m[31m^[0m[0m[1m[31m^[0m[0m[1m[31m^[0m[0m[1m[31m^[0m[0m[1m[31m^[0m[0m[1m[31m^[0m[0m[1m[31m^[0m[0m[1m[31m^[0m[0m[1m[31m^[0m[0m[1m[31m^[0m[0m[1m[31m^[0m[0m[1m[31m^[0m[0m[1m[31m^[0m[0m[1m[31m^[0m[0m[1m[31m^[0m[0m[1m[31m^[0m[0m[1m[31m^[0m[0m[1m[31m^[0m[0m[1m[31m^[0m[0m[1m[31m^[0m[0m[1m[31m^[0m[0m[1m[31m^[0m[0m[1m[31m^[0m[0m[1m[31m^[0m[0m[1m[31m^[0m[0m[1m[31m^[0m[0m[1m[31m^[0m[0m[1m[31m^[0m[0m[1m[31m^[0m[0m[1m[31m^[0m[0m[1m[31m^[0m[0m[1m[31m^[0m[0m[1m[31m^[0m[0m[1m[31m^[0m[0m[1m[31m^[0m[0m[1m[31m^[0m[0m[1m[31m^[0m[0m[1m[31m^[0m[0m[1m[31m^[0m[0m[1m[31m^[0m[0m[1m[31m^[0m[0m[1m[31m^[0m[0m[1m[31m^[0m[0m[1m[31m^[0m[0m[1m[31m^[0m[0m[1m[31m^[0m[0m[1m[31m^[0m[0m[1m[31m^[0m[0m[1m[31m^[0m[0m[1m[31m^[0m[0m[1m[31m^[0m[0m[1m[31m^[0m[0m[1m[31m^[0m[0m[1m[31m^[0m[0m[1m[31m^[0m[0m[1m[31m^[0m[0m[1m[31m^[0m[0m[1m[31m^[0m[0m[1m[31m^[0m[0m[1m[31m^[0m[0m[1m[31m^[0m[0m[1m[31m^[0m[0m[1m[31m^[0m[0m[1m[31m^[0m[0m
[0m[0m  [0m[0m  [0m[0m[1m5 │ [0m[0mi[0m[0mm[0m[0mp[0m[0mo[0m[0mr[0m[0mt[0m[0m [0m[0m{[0m[0m [0m[0mA[0m[0mu[0m[0mt[0m[0mh[0m[0me[0m[0mn[0m[0mt[0m[0mi[0m[0mc[0m[0ma[0m[0mt[0m[0mi[0m[0mo[0m[0mn[0m[0mE[0m[0mr[0m[0mr[0m[0mo[0m[0mr[0m[0m [0m[0m}[0m[0m [0m[0mf[0m[0mr[0m[0mo[0m[0mm[0m[0m [0m[0m'[0m[0m.[0m[0m.[0m[0m/[0m[0m.[0m[0m.[0m[0m/[0m[0ms[0m[0mh[0m[0ma[0m[0mr[0m[0me[0m[0md[0m[0m/[0m[0me[0m[0mr[0m[0mr[0m[0mo[0m[0mr[0m[0ms[0m[0m/[0m[0mi[0m[0mn[0m[0md[0m[0me[0m[0mx[0m[0m.[0m[0mj[0m[0ms[0m[0m'[0m[0m
[0m[0m  [0m[0m  [0m[0m[1m6 │ [0m[0mi[0m[0mm[0m[0mp[0m[0mo[0m[0mr[0m[0mt[0m[0m [0m[0mU[0m[0ms[0m[0me[0m[0mr[0m[0mR[0m[0me[0m[0mp[0m[0mo[0m[0ms[0m[0mi[0m[0mt[0m[0mo[0m[0mr[0m[0my[0m[0m [0m[0mf[0m[0mr[0m[0mo[0m[0mm[0m[0m [0m[0m'[0m[0m.[0m[0m/[0m[0mu[0m[0ms[0m[0me[0m[0mr[0m[0m.[0m[0mr[0m[0me[0m[0mp[0m[0mo[0m[0ms[0m[0mi[0m[0mt[0m[0mo[0m[0mr[0m[0my[0m[0m.[0m[0mj[0m[0ms[0m[0m'[0m[0m
[0m[0m  [0m[0m
[0m[0m  [0m[0m[1m[34mℹ[0m[0m [0m[0m[34mImporting the types with [0m[0m[1m[34mimport type[0m[0m[34m ensures that they are removed by the compilers and avoids loading unnecessary modules.[0m[0m
[0m[0m  [0m[0m
[0m[0m  [0m[0m[1m[34mℹ[0m[0m [0m[0m[34mSafe fix: Use [0m[0m[1m[34mimport type[0m[0m[34m.[0m[0m
[0m[0m  [0m[0m
[0m[0m  [0m[0m  [0m[0m[1m 2[0m[0m [0m[0m[1m 2[0m[0m[1m │ [0m[0m [0m[0m [0m[0m
[0m[0m  [0m[0m  [0m[0m[1m 3[0m[0m [0m[0m[1m 3[0m[0m[1m │ [0m[0m [0m[0m [0m[0mi[0m[0mm[0m[0mp[0m[0mo[0m[0mr[0m[0mt[0m[0m [0m[0me[0m[0mn[0m[0mv[0m[0m [0m[0mf[0m[0mr[0m[0mo[0m[0mm[0m[0m [0m[0m'[0m[0m.[0m[0m.[0m[0m/[0m[0m.[0m[0m.[0m[0m/[0m[0mc[0m[0mo[0m[0mn[0m[0mf[0m[0mi[0m[0mg[0m[0m/[0m[0me[0m[0mn[0m[0mv[0m[0m.[0m[0mj[0m[0ms[0m[0m'[0m[0m
[0m[0m  [0m[0m  [0m[0m[1m 4[0m[0m [0m[0m [0m[0m [0m[0m[1m │ [0m[0m[31m-[0m[0m [0m[0m[31mi[0m[0m[31mm[0m[0m[31mp[0m[0m[31mo[0m[0m[31mr[0m[0m[31mt[0m[0m[2m[31m·[0m[0m[31m{[0m[0m[1m[2m[31m·[0m[0m[1m[31mt[0m[0m[1m[31my[0m[0m[1m[31mp[0m[0m[1m[31me[0m[0m[2m[31m·[0m[0m[31mL[0m[0m[31mo[0m[0m[31mg[0m[0m[31mi[0m[0m[31mn[0m[0m[31mU[0m[0m[31ms[0m[0m[31me[0m[0m[31mr[0m[0m[31m,[0m[0m[2m[31m·[0m[0m[1m[31mt[0m[0m[1m[31my[0m[0m[1m[31mp[0m[0m[1m[31me[0m[0m[1m[2m[31m·[0m[0m[31mN[0m[0m[31me[0m[0m[31mw[0m[0m[31mU[0m[0m[31ms[0m[0m[31me[0m[0m[31mr[0m[0m[31m,[0m[0m[1m[2m[31m·[0m[0m[1m[31mt[0m[0m[1m[31my[0m[0m[1m[31mp[0m[0m[1m[31me[0m[0m[2m[31m·[0m[0m[31mU[0m[0m[31ms[0m[0m[31me[0m[0m[31mr[0m[0m[2m[31m·[0m[0m[31m}[0m[0m[2m[31m·[0m[0m[31mf[0m[0m[31mr[0m[0m[31mo[0m[0m[31mm[0m[0m[2m[31m·[0m[0m[31m'[0m[0m[31m.[0m[0m[31m.[0m[0m[31m/[0m[0m[31m.[0m[0m[31m.[0m[0m[31m/[0m[0m[31md[0m[0m[31mb[0m[0m[31m/[0m[0m[31ms[0m[0m[31mc[0m[0m[31mh[0m[0m[31me[0m[0m[31mm[0m[0m[31ma[0m[0m[31m.[0m[0m[31mj[0m[0m[31ms[0m[0m[31m'[0m[0m
[0m[0m  [0m[0m  [0m[0m [0m[0m [0m[0m [0m[0m[1m 4[0m[0m[1m │ [0m[0m[32m+[0m[0m [0m[0m[32mi[0m[0m[32mm[0m[0m[32mp[0m[0m[32mo[0m[0m[32mr[0m[0m[32mt[0m[0m[2m[32m·[0m[0m[1m[32mt[0m[0m[1m[32my[0m[0m[1m[32mp[0m[0m[1m[32me[0m[0m[1m[2m[32m·[0m[0m[32m{[0m[0m[2m[32m·[0m[0m[32mL[0m[0m[32mo[0m[0m[32mg[0m[0m[32mi[0m[0m[32mn[0m[0m[32mU[0m[0m[32ms[0m[0m[32me[0m[0m[32mr[0m[0m[32m,[0m[0m[2m[32m·[0m[0m[32mN[0m[0m[32me[0m[0m[32mw[0m[0m[32mU[0m[0m[32ms[0m[0m[32me[0m[0m[32mr[0m[0m[32m,[0m[0m[2m[32m·[0m[0m[32mU[0m[0m[32ms[0m[0m[32me[0m[0m[32mr[0m[0m[2m[32m·[0m[0m[32m}[0m[0m[2m[32m·[0m[0m[32mf[0m[0m[32mr[0m[0m[32mo[0m[0m[32mm[0m[0m[2m[32m·[0m[0m[32m'[0m[0m[32m.[0m[0m[32m.[0m[0m[32m/[0m[0m[32m.[0m[0m[32m.[0m[0m[32m/[0m[0m[32md[0m[0m[32mb[0m[0m[32m/[0m[0m[32ms[0m[0m[32mc[0m[0m[32mh[0m[0m[32me[0m[0m[32mm[0m[0m[32ma[0m[0m[32m.[0m[0m[32mj[0m[0m[32ms[0m[0m[32m'[0m[0m
[0m[0m  [0m[0m  [0m[0m[1m 5[0m[0m [0m[0m[1m 5[0m[0m[1m │ [0m[0m [0m[0m [0m[0mi[0m[0mm[0m[0mp[0m[0mo[0m[0mr[0m[0mt[0m[0m [0m[0m{[0m[0m [0m[0mA[0m[0mu[0m[0mt[0m[0mh[0m[0me[0m[0mn[0m[0mt[0m[0mi[0m[0mc[0m[0ma[0m[0mt[0m[0mi[0m[0mo[0m[0mn[0m[0mE[0m[0mr[0m[0mr[0m[0mo[0m[0mr[0m[0m [0m[0m}[0m[0m [0m[0mf[0m[0mr[0m[0mo[0m[0mm[0m[0m [0m[0m'[0m[0m.[0m[0m.[0m[0m/[0m[0m.[0m[0m.[0m[0m/[0m[0ms[0m[0mh[0m[0ma[0m[0mr[0m[0me[0m[0md[0m[0m/[0m[0me[0m[0mr[0m[0mr[0m[0mo[0m[0mr[0m[0ms[0m[0m/[0m[0mi[0m[0mn[0m[0md[0m[0me[0m[0mx[0m[0m.[0m[0mj[0m[0ms[0m[0m'[0m[0m
[0m[0m  [0m[0m  [0m[0m[1m 6[0m[0m [0m[0m[1m 6[0m[0m[1m │ [0m[0m [0m[0m [0m[0mi[0m[0mm[0m[0mp[0m[0mo[0m[0mr[0m[0mt[0m[0m [0m[0mU[0m[0ms[0m[0me[0m[0mr[0m[0mR[0m[0me[0m[0mp[0m[0mo[0m[0ms[0m[0mi[0m[0mt[0m[0mo[0m[0mr[0m[0my[0m[0m [0m[0mf[0m[0mr[0m[0mo[0m[0mm[0m[0m [0m[0m'[0m[0m.[0m[0m/[0m[0mu[0m[0ms[0m[0me[0m[0mr[0m[0m.[0m[0mr[0m[0me[0m[0mp[0m[0mo[0m[0ms[0m[0mi[0m[0mt[0m[0mo[0m[0mr[0m[0my[0m[0m.[0m[0mj[0m[0ms[0m[0m'[0m[0m
[0m[0m  [0m[0m
[0m
[0msrc/shared/errorHandler.ts[0m[0m:[0m[0m10[0m[0m:[0m[0m3[0m[0m [0m[0m]8;;https://biomejs.dev/linter/rules/no-unused-function-parameters\lint/correctness/noUnusedFunctionParameters]8;;\[0m[0m [0m[0m[30m[47m FIXABLE [0m[0m [0m[0m━━━━━━━━━━━━━━━━━━━━━━━━━━━━━━━━━━━━━━━━━━━━━━━━━━━━━━━━━━━━━━━━━━━━━━━━━━━━━━━━━━━━━━━━━━━━━━━━━━━━━━━━━━━━━[0m[0m

[0m[0m  [0m[0m[1m[33m⚠[0m[0m [0m[0m[33mThis [0m[0m[1m[33mparameter[0m[0m[33m is unused.[0m[0m
[0m[0m  [0m[0m
[0m[0m  [0m[0m [0m[0m  [0m[0m[1m8 │ [0m[0me[0m[0mx[0m[0mp[0m[0mo[0m[0mr[0m[0mt[0m[0m [0m[0mc[0m[0mo[0m[0mn[0m[0ms[0m[0mt[0m[0m [0m[0mh[0m[0ma[0m[0mn[0m[0md[0m[0ml[0m[0me[0m[0mA[0m[0mp[0m[0mp[0m[0mE[0m[0mr[0m[0mr[0m[0mo[0m[0mr[0m[0m [0m[0m=[0m[0m [0m[0m([0m[0m
[0m[0m  [0m[0m [0m[0m  [0m[0m[1m9 │ [0m[0m [0m[0m [0m[0me[0m[0mr[0m[0mr[0m[0mo[0m[0mr[0m[0m:[0m[0m [0m[0mu[0m[0mn[0m[0mk[0m[0mn[0m[0mo[0m[0mw[0m[0mn[0m[0m,[0m[0m
[0m[0m  [0m[0m[1m[31m>[0m[0m [0m[0m[1m10 │ [0m[0m [0m[0m [0m[0mr[0m[0me[0m[0mq[0m[0m:[0m[0m [0m[0mR[0m[0me[0m[0mq[0m[0mu[0m[0me[0m[0ms[0m[0mt[0m[0m,[0m[0m
[0m[0m  [0m[0m [0m[0m [0m[0m[1m   │ [0m[0m [0m[0m [0m[0m[1m[31m^[0m[0m[1m[31m^[0m[0m[1m[31m^[0m[0m
[0m[0m  [0m[0m  [0m[0m[1m11 │ [0m[0m [0m[0m [0m[0mr[0m[0me[0m[0ms[0m[0m:[0m[0m [0m[0mR[0m[0me[0m[0ms[0m[0mp[0m[0mo[0m[0mn[0m[0ms[0m[0me[0m[0m,[0m[0m
[0m[0m  [0m[0m  [0m[0m[1m12 │ [0m[0m [0m[0m [0m[0m_[0m[0mn[0m[0me[0m[0mx[0m[0mt[0m[0m:[0m[0m [0m[0mN[0m[0me[0m[0mx[0m[0mt[0m[0mF[0m[0mu[0m[0mn[0m[0mc[0m[0mt[0m[0mi[0m[0mo[0m[0mn[0m[0m
[0m[0m  [0m[0m
[0m[0m  [0m[0m[1m[34mℹ[0m[0m [0m[0m[34mUnused parameters might be the result of an incomplete refactoring.[0m[0m
[0m[0m  [0m[0m
[0m[0m  [0m[0m[1m[34mℹ[0m[0m [0m[0m[34mUnsafe fix: If this is intentional, prepend [0m[0m[1m[34mreq[0m[0m[34m with an underscore.[0m[0m
[0m[0m  [0m[0m
[0m[0m  [0m[0m  [0m[0m[1m 8[0m[0m [0m[0m[1m 8[0m[0m[1m │ [0m[0m [0m[0m [0m[0me[0m[0mx[0m[0mp[0m[0mo[0m[0mr[0m[0mt[0m[0m [0m[0mc[0m[0mo[0m[0mn[0m[0ms[0m[0mt[0m[0m [0m[0mh[0m[0ma[0m[0mn[0m[0md[0m[0ml[0m[0me[0m[0mA[0m[0mp[0m[0mp[0m[0mE[0m[0mr[0m[0mr[0m[0mo[0m[0mr[0m[0m [0m[0m=[0m[0m [0m[0m([0m[0m
[0m[0m  [0m[0m  [0m[0m[1m 9[0m[0m [0m[0m[1m 9[0m[0m[1m │ [0m[0m [0m[0m [0m[0m [0m[0m [0m[0me[0m[0mr[0m[0mr[0m[0mo[0m[0mr[0m[0m:[0m[0m [0m[0mu[0m[0mn[0m[0mk[0m[0mn[0m[0mo[0m[0mw[0m[0mn[0m[0m,[0m[0m
[0m[0m  [0m[0m  [0m[0m[1m10[0m[0m [0m[0m [0m[0m [0m[0m[1m │ [0m[0m[31m-[0m[0m [0m[0m[2m[31m·[0m[0m[2m[31m·[0m[0m[1m[31mr[0m[0m[1m[31me[0m[0m[1m[31mq[0m[0m[31m:[0m[0m[2m[31m·[0m[0m[31mR[0m[0m[31me[0m[0m[31mq[0m[0m[31mu[0m[0m[31me[0m[0m[31ms[0m[0m[31mt[0m[0m[31m,[0m[0m
[0m[0m  [0m[0m  [0m[0m [0m[0m [0m[0m [0m[0m[1m10[0m[0m[1m │ [0m[0m[32m+[0m[0m [0m[0m[2m[32m·[0m[0m[2m[32m·[0m[0m[1m[32m_[0m[0m[1m[32mr[0m[0m[1m[32me[0m[0m[1m[32mq[0m[0m[32m:[0m[0m[2m[32m·[0m[0m[32mR[0m[0m[32me[0m[0m[32mq[0m[0m[32mu[0m[0m[32me[0m[0m[32ms[0m[0m[32mt[0m[0m[32m,[0m[0m
[0m[0m  [0m[0m  [0m[0m[1m11[0m[0m [0m[0m[1m11[0m[0m[1m │ [0m[0m [0m[0m [0m[0m [0m[0m [0m[0mr[0m[0me[0m[0ms[0m[0m:[0m[0m [0m[0mR[0m[0me[0m[0ms[0m[0mp[0m[0mo[0m[0mn[0m[0ms[0m[0me[0m[0m,[0m[0m
[0m[0m  [0m[0m  [0m[0m[1m12[0m[0m [0m[0m[1m12[0m[0m[1m │ [0m[0m [0m[0m [0m[0m [0m[0m [0m[0m_[0m[0mn[0m[0me[0m[0mx[0m[0mt[0m[0m:[0m[0m [0m[0mN[0m[0me[0m[0mx[0m[0mt[0m[0mF[0m[0mu[0m[0mn[0m[0mc[0m[0mt[0m[0mi[0m[0mo[0m[0mn[0m[0m
[0m[0m  [0m[0m
[0m
[0msrc/socket/socket.ts[0m[0m:[0m[0m1[0m[0m:[0m[0m8[0m[0m [0m[0m]8;;https://biomejs.dev/linter/rules/use-import-type\lint/style/useImportType]8;;\[0m[0m [0m[0m[30m[47m FIXABLE [0m[0m [0m[0m━━━━━━━━━━━━━━━━━━━━━━━━━━━━━━━━━━━━━━━━━━━━━━━━━━━━━━━━━━━━━━━━━━━━━━━━━━━━━━━━━━━━━━━━━━━━━━━━━━━━━━━━━━━━━━━━━━━━━━━━━━━━━━━━━━━━━━━[0m[0m

[0m[0m  [0m[0m[1m[33m⚠[0m[0m [0m[0m[33mAll these imports are only used as types.[0m[0m
[0m[0m  [0m[0m
[0m[0m  [0m[0m[1m[31m>[0m[0m [0m[0m[1m1 │ [0m[0mi[0m[0mm[0m[0mp[0m[0mo[0m[0mr[0m[0mt[0m[0m [0m[0m{[0m[0m [0m[0mS[0m[0me[0m[0mr[0m[0mv[0m[0me[0m[0mr[0m[0m [0m[0ma[0m[0ms[0m[0m [0m[0mH[0m[0mT[0m[0mT[0m[0mP[0m[0mS[0m[0me[0m[0mr[0m[0mv[0m[0me[0m[0mr[0m[0m [0m[0m}[0m[0m [0m[0mf[0m[0mr[0m[0mo[0m[0mm[0m[0m [0m[0m'[0m[0mh[0m[0mt[0m[0mt[0m[0mp[0m[0m'[0m[0m
[0m[0m  [0m[0m [0m[0m[1m   │ [0m[0m [0m[0m [0m[0m [0m[0m [0m[0m [0m[0m [0m[0m [0m[0m[1m[31m^[0m[0m[1m[31m^[0m[0m[1m[31m^[0m[0m[1m[31m^[0m[0m[1m[31m^[0m[0m[1m[31m^[0m[0m[1m[31m^[0m[0m[1m[31m^[0m[0m[1m[31m^[0m[0m[1m[31m^[0m[0m[1m[31m^[0m[0m[1m[31m^[0m[0m[1m[31m^[0m[0m[1m[31m^[0m[0m[1m[31m^[0m[0m[1m[31m^[0m[0m[1m[31m^[0m[0m[1m[31m^[0m[0m[1m[31m^[0m[0m[1m[31m^[0m[0m[1m[31m^[0m[0m[1m[31m^[0m[0m[1m[31m^[0m[0m[1m[31m^[0m[0m[1m[31m^[0m[0m[1m[31m^[0m[0m[1m[31m^[0m[0m[1m[31m^[0m[0m[1m[31m^[0m[0m[1m[31m^[0m[0m[1m[31m^[0m[0m[1m[31m^[0m[0m[1m[31m^[0m[0m[1m[31m^[0m[0m[1m[31m^[0m[0m[1m[31m^[0m[0m
[0m[0m  [0m[0m  [0m[0m[1m2 │ [0m[0mi[0m[0mm[0m[0mp[0m[0mo[0m[0mr[0m[0mt[0m[0m [0m[0m{[0m[0m [0m[0mS[0m[0me[0m[0mr[0m[0mv[0m[0me[0m[0mr[0m[0m [0m[0m}[0m[0m [0m[0mf[0m[0mr[0m[0mo[0m[0mm[0m[0m [0m[0m'[0m[0ms[0m[0mo[0m[0mc[0m[0mk[0m[0me[0m[0mt[0m[0m.[0m[0mi[0m[0mo[0m[0m'[0m[0m
[0m[0m  [0m[0m  [0m[0m[1m3 │ [0m[0m
[0m[0m  [0m[0m
[0m[0m  [0m[0m[1m[34mℹ[0m[0m [0m[0m[34mImporting the types with [0m[0m[1m[34mimport type[0m[0m[34m ensures that they are removed by the compilers and avoids loading unnecessary modules.[0m[0m
[0m[0m  [0m[0m
[0m[0m  [0m[0m[1m[34mℹ[0m[0m [0m[0m[34mSafe fix: Use [0m[0m[1m[34mimport type[0m[0m[34m.[0m[0m
[0m[0m  [0m[0m
[0m[0m  [0m[0m[1m  1 │ [0m[0mi[0m[0mm[0m[0mp[0m[0mo[0m[0mr[0m[0mt[0m[0m[2m·[0m[0m[32mt[0m[0m[32my[0m[0m[32mp[0m[0m[32me[0m[0m[2m[32m·[0m[0m{[0m[0m[2m·[0m[0mS[0m[0me[0m[0mr[0m[0mv[0m[0me[0m[0mr[0m[0m[2m·[0m[0ma[0m[0ms[0m[0m[2m·[0m[0mH[0m[0mT[0m[0mT[0m[0mP[0m[0mS[0m[0me[0m[0mr[0m[0mv[0m[0me[0m[0mr[0m[0m[2m·[0m[0m}[0m[0m[2m·[0m[0mf[0m[0mr[0m[0mo[0m[0mm[0m[0m[2m·[0m[0m'[0m[0mh[0m[0mt[0m[0mt[0m[0mp[0m[0m'[0m[0m
[0m[0m  [0m[0m[1m    │ [0m[0m [0m[0m [0m[0m [0m[0m [0m[0m [0m[0m [0m[0m [0m[0m[32m+[0m[0m[32m+[0m[0m[32m+[0m[0m[32m+[0m[0m[32m+[0m[0m [0m[0m [0m[0m [0m[0m [0m[0m [0m[0m [0m[0m [0m[0m [0m[0m [0m[0m [0m[0m [0m[0m [0m[0m [0m[0m [0m[0m [0m[0m [0m[0m [0m[0m [0m[0m [0m[0m [0m[0m [0m[0m [0m[0m [0m[0m [0m[0m [0m[0m [0m[0m [0m[0m [0m[0m [0m[0m [0m[0m [0m[0m [0m[0m [0m[0m [0m[0m [0m[0m [0m[0m
[0m
[0mtest/integration/post.routes.test.ts[0m[0m:[0m[0m6[0m[0m:[0m[0m8[0m[0m [0m[0m]8;;https://biomejs.dev/linter/rules/use-import-type\lint/style/useImportType]8;;\[0m[0m [0m[0m[30m[47m FIXABLE [0m[0m [0m[0m━━━━━━━━━━━━━━━━━━━━━━━━━━━━━━━━━━━━━━━━━━━━━━━━━━━━━━━━━━━━━━━━━━━━━━━━━━━━━━━━━━━━━━━━━━━━━━━━━━━━━━━━━━━━━━━━━━━━━━━[0m[0m

[0m[0m  [0m[0m[1m[33m⚠[0m[0m [0m[0m[33mAll these imports are only used as types.[0m[0m
[0m[0m  [0m[0m
[0m[0m  [0m[0m  [0m[0m[1m5 │ [0m[0mi[0m[0mm[0m[0mp[0m[0mo[0m[0mr[0m[0mt[0m[0m [0m[0ma[0m[0mp[0m[0mp[0m[0m [0m[0mf[0m[0mr[0m[0mo[0m[0mm[0m[0m [0m[0m'[0m[0m.[0m[0m.[0m[0m/[0m[0m.[0m[0m.[0m[0m/[0m[0ms[0m[0mr[0m[0mc[0m[0m/[0m[0ma[0m[0mp[0m[0mp[0m[0m.[0m[0mj[0m[0ms[0m[0m'[0m[0m
[0m[0m  [0m[0m[1m[31m>[0m[0m [0m[0m[1m6 │ [0m[0mi[0m[0mm[0m[0mp[0m[0mo[0m[0mr[0m[0mt[0m[0m [0m[0m{[0m[0m [0m[0mP[0m[0mo[0m[0ms[0m[0mt[0m[0mC[0m[0mr[0m[0me[0m[0ma[0m[0mt[0m[0me[0m[0mR[0m[0me[0m[0ms[0m[0mp[0m[0mo[0m[0mn[0m[0me[0m[0ms[0m[0m [0m[0m}[0m[0m [0m[0mf[0m[0mr[0m[0mo[0m[0mm[0m[0m [0m[0m'[0m[0m.[0m[0m/[0m[0mt[0m[0my[0m[0mp[0m[0me[0m[0ms[0m[0m.[0m[0mj[0m[0ms[0m[0m'[0m[0m
[0m[0m  [0m[0m [0m[0m[1m   │ [0m[0m [0m[0m [0m[0m [0m[0m [0m[0m [0m[0m [0m[0m [0m[0m[1m[31m^[0m[0m[1m[31m^[0m[0m[1m[31m^[0m[0m[1m[31m^[0m[0m[1m[31m^[0m[0m[1m[31m^[0m[0m[1m[31m^[0m[0m[1m[31m^[0m[0m[1m[31m^[0m[0m[1m[31m^[0m[0m[1m[31m^[0m[0m[1m[31m^[0m[0m[1m[31m^[0m[0m[1m[31m^[0m[0m[1m[31m^[0m[0m[1m[31m^[0m[0m[1m[31m^[0m[0m[1m[31m^[0m[0m[1m[31m^[0m[0m[1m[31m^[0m[0m[1m[31m^[0m[0m[1m[31m^[0m[0m[1m[31m^[0m[0m[1m[31m^[0m[0m[1m[31m^[0m[0m[1m[31m^[0m[0m[1m[31m^[0m[0m[1m[31m^[0m[0m[1m[31m^[0m[0m[1m[31m^[0m[0m[1m[31m^[0m[0m[1m[31m^[0m[0m[1m[31m^[0m[0m[1m[31m^[0m[0m[1m[31m^[0m[0m[1m[31m^[0m[0m[1m[31m^[0m[0m[1m[31m^[0m[0m[1m[31m^[0m[0m[1m[31m^[0m[0m
[0m[0m  [0m[0m  [0m[0m[1m7 │ [0m[0m
[0m[0m  [0m[0m  [0m[0m[1m8 │ [0m[0mc[0m[0mo[0m[0mn[0m[0ms[0m[0mt[0m[0m [0m[0mg[0m[0me[0m[0mt[0m[0mA[0m[0mu[0m[0mt[0m[0mh[0m[0me[0m[0mn[0m[0mt[0m[0mi[0m[0mc[0m[0ma[0m[0mt[0m[0me[0m[0md[0m[0mA[0m[0mg[0m[0me[0m[0mn[0m[0mt[0m[0m [0m[0m=[0m[0m [0m[0ma[0m[0ms[0m[0my[0m[0mn[0m[0mc[0m[0m [0m[0m([0m[0m)[0m[0m [0m[0m=[0m[0m>[0m[0m [0m[0m{[0m[0m
[0m[0m  [0m[0m
[0m[0m  [0m[0m[1m[34mℹ[0m[0m [0m[0m[34mImporting the types with [0m[0m[1m[34mimport type[0m[0m[34m ensures that they are removed by the compilers and avoids loading unnecessary modules.[0m[0m
[0m[0m  [0m[0m
[0m[0m  [0m[0m[1m[34mℹ[0m[0m [0m[0m[34mSafe fix: Use [0m[0m[1m[34mimport type[0m[0m[34m.[0m[0m
[0m[0m  [0m[0m
[0m[0m  [0m[0m[1m  6 │ [0m[0mi[0m[0mm[0m[0mp[0m[0mo[0m[0mr[0m[0mt[0m[0m[2m·[0m[0m[32mt[0m[0m[32my[0m[0m[32mp[0m[0m[32me[0m[0m[2m[32m·[0m[0m{[0m[0m[2m·[0m[0mP[0m[0mo[0m[0ms[0m[0mt[0m[0mC[0m[0mr[0m[0me[0m[0ma[0m[0mt[0m[0me[0m[0mR[0m[0me[0m[0ms[0m[0mp[0m[0mo[0m[0mn[0m[0me[0m[0ms[0m[0m[2m·[0m[0m}[0m[0m[2m·[0m[0mf[0m[0mr[0m[0mo[0m[0mm[0m[0m[2m·[0m[0m'[0m[0m.[0m[0m/[0m[0mt[0m[0my[0m[0mp[0m[0me[0m[0ms[0m[0m.[0m[0mj[0m[0ms[0m[0m'[0m[0m
[0m[0m  [0m[0m[1m    │ [0m[0m [0m[0m [0m[0m [0m[0m [0m[0m [0m[0m [0m[0m [0m[0m[32m+[0m[0m[32m+[0m[0m[32m+[0m[0m[32m+[0m[0m[32m+[0m[0m [0m[0m [0m[0m [0m[0m [0m[0m [0m[0m [0m[0m [0m[0m [0m[0m [0m[0m [0m[0m [0m[0m [0m[0m [0m[0m [0m[0m [0m[0m [0m[0m [0m[0m [0m[0m [0m[0m [0m[0m [0m[0m [0m[0m [0m[0m [0m[0m [0m[0m [0m[0m [0m[0m [0m[0m [0m[0m [0m[0m [0m[0m [0m[0m [0m[0m [0m[0m [0m[0m [0m[0m [0m[0m [0m[0m [0m[0m [0m[0m
[0m
[0mdrizzle.config.ts[0m[0m [0m[0mformat[0m[0m [0m[0m━━━━━━━━━━━━━━━━━━━━━━━━━━━━━━━━━━━━━━━━━━━━━━━━━━━━━━━━━━━━━━━━━━━━━━━━━━━━━━━━━━━━━━━━━━━━━━━━━━━━━━━━━━━━━━━━━━━━━━━━━━━━━━━━━━━━━━━━━━━━━━━━━━━━━━━━━━━━━━━━━━━━━━━━━━[0m[0m

[0m[0m  [0m[0m[1m[31m✖[0m[0m [0m[0m[31mFile content differs from formatting output[0m[0m
[0m[0m  [0m[0m
[0m[0m  [0m[0m  [0m[0m[1m 1[0m[0m [0m[0m [0m[0m [0m[0m[1m │ [0m[0m[31m-[0m[0m [0m[0m[31mi[0m[0m[31mm[0m[0m[31mp[0m[0m[31mo[0m[0m[31mr[0m[0m[31mt[0m[0m[2m[31m·[0m[0m[31m{[0m[0m[2m[31m·[0m[0m[31md[0m[0m[31me[0m[0m[31mf[0m[0m[31mi[0m[0m[31mn[0m[0m[31me[0m[0m[31mC[0m[0m[31mo[0m[0m[31mn[0m[0m[31mf[0m[0m[31mi[0m[0m[31mg[0m[0m[2m[31m·[0m[0m[31m}[0m[0m[2m[31m·[0m[0m[31mf[0m[0m[31mr[0m[0m[31mo[0m[0m[31mm[0m[0m[2m[31m·[0m[0m[1m[31m'[0m[0m[31md[0m[0m[31mr[0m[0m[31mi[0m[0m[31mz[0m[0m[31mz[0m[0m[31ml[0m[0m[31me[0m[0m[31m-[0m[0m[31mk[0m[0m[31mi[0m[0m[31mt[0m[0m[1m[31m'[0m[0m
[0m[0m  [0m[0m  [0m[0m [0m[0m [0m[0m [0m[0m[1m 1[0m[0m[1m │ [0m[0m[32m+[0m[0m [0m[0m[32mi[0m[0m[32mm[0m[0m[32mp[0m[0m[32mo[0m[0m[32mr[0m[0m[32mt[0m[0m[2m[32m·[0m[0m[32m{[0m[0m[2m[32m·[0m[0m[32md[0m[0m[32me[0m[0m[32mf[0m[0m[32mi[0m[0m[32mn[0m[0m[32me[0m[0m[32mC[0m[0m[32mo[0m[0m[32mn[0m[0m[32mf[0m[0m[32mi[0m[0m[32mg[0m[0m[2m[32m·[0m[0m[32m}[0m[0m[2m[32m·[0m[0m[32mf[0m[0m[32mr[0m[0m[32mo[0m[0m[32mm[0m[0m[2m[32m·[0m[0m[1m[32m"[0m[0m[32md[0m[0m[32mr[0m[0m[32mi[0m[0m[32mz[0m[0m[32mz[0m[0m[32ml[0m[0m[32me[0m[0m[32m-[0m[0m[32mk[0m[0m[32mi[0m[0m[32mt[0m[0m[1m[32m"[0m[0m[1m[32m;[0m[0m
[0m[0m  [0m[0m  [0m[0m[1m 2[0m[0m [0m[0m[1m 2[0m[0m[1m │ [0m[0m [0m[0m [0m[0m
[0m[0m  [0m[0m  [0m[0m[1m 3[0m[0m [0m[0m[1m 3[0m[0m[1m │ [0m[0m [0m[0m [0m[0me[0m[0mx[0m[0mp[0m[0mo[0m[0mr[0m[0mt[0m[0m [0m[0md[0m[0me[0m[0mf[0m[0ma[0m[0mu[0m[0ml[0m[0mt[0m[0m [0m[0md[0m[0me[0m[0mf[0m[0mi[0m[0mn[0m[0me[0m[0mC[0m[0mo[0m[0mn[0m[0mf[0m[0mi[0m[0mg[0m[0m([0m[0m{[0m[0m
[0m[0m  [0m[0m  [0m[0m[1m 4[0m[0m [0m[0m [0m[0m [0m[0m[1m │ [0m[0m[31m-[0m[0m [0m[0m[1m[2m[31m·[0m[0m[1m[2m[31m·[0m[0m[31md[0m[0m[31mb[0m[0m[31mC[0m[0m[31mr[0m[0m[31me[0m[0m[31md[0m[0m[31me[0m[0m[31mn[0m[0m[31mt[0m[0m[31mi[0m[0m[31ma[0m[0m[31ml[0m[0m[31ms[0m[0m[31m:[0m[0m[2m[31m·[0m[0m[31m{[0m[0m
[0m[0m  [0m[0m  [0m[0m[1m 5[0m[0m [0m[0m [0m[0m [0m[0m[1m │ [0m[0m[31m-[0m[0m [0m[0m[1m[2m[31m·[0m[0m[1m[2m[31m·[0m[0m[1m[2m[31m·[0m[0m[1m[2m[31m·[0m[0m[31m/[0m[0m[31m/[0m[0m[2m[31m·[0m[0m[31me[0m[0m[31ms[0m[0m[31ml[0m[0m[31mi[0m[0m[31mn[0m[0m[31mt[0m[0m[31m-[0m[0m[31md[0m[0m[31mi[0m[0m[31ms[0m[0m[31ma[0m[0m[31mb[0m[0m[31ml[0m[0m[31me[0m[0m[31m-[0m[0m[31mn[0m[0m[31me[0m[0m[31mx[0m[0m[31mt[0m[0m[31m-[0m[0m[31ml[0m[0m[31mi[0m[0m[31mn[0m[0m[31me[0m[0m[2m[31m·[0m[0m[31m@[0m[0m[31mt[0m[0m[31my[0m[0m[31mp[0m[0m[31me[0m[0m[31ms[0m[0m[31mc[0m[0m[31mr[0m[0m[31mi[0m[0m[31mp[0m[0m[31mt[0m[0m[31m-[0m[0m[31me[0m[0m[31ms[0m[0m[31ml[0m[0m[31mi[0m[0m[31mn[0m[0m[31mt[0m[0m[31m/[0m[0m[31mn[0m[0m[31mo[0m[0m[31m-[0m[0m[31mn[0m[0m[31mo[0m[0m[31mn[0m[0m[31m-[0m[0m[31mn[0m[0m[31mu[0m[0m[31ml[0m[0m[31ml[0m[0m[31m-[0m[0m[31ma[0m[0m[31ms[0m[0m[31ms[0m[0m[31me[0m[0m[31mr[0m[0m[31mt[0m[0m[31mi[0m[0m[31mo[0m[0m[31mn[0m[0m
[0m[0m  [0m[0m  [0m[0m[1m 6[0m[0m [0m[0m [0m[0m [0m[0m[1m │ [0m[0m[31m-[0m[0m [0m[0m[1m[2m[31m·[0m[0m[1m[2m[31m·[0m[0m[1m[2m[31m·[0m[0m[1m[2m[31m·[0m[0m[31mu[0m[0m[31mr[0m[0m[31ml[0m[0m[31m:[0m[0m[2m[31m·[0m[0m[31mp[0m[0m[31mr[0m[0m[31mo[0m[0m[31mc[0m[0m[31me[0m[0m[31ms[0m[0m[31ms[0m[0m[31m.[0m[0m[31me[0m[0m[31mn[0m[0m[31mv[0m[0m[31m.[0m[0m[31mD[0m[0m[31mA[0m[0m[31mT[0m[0m[31mA[0m[0m[31mB[0m[0m[31mA[0m[0m[31mS[0m[0m[31mE[0m[0m[31m_[0m[0m[31mU[0m[0m[31mR[0m[0m[31mL[0m[0m[31m![0m[0m[31m,[0m[0m
[0m[0m  [0m[0m  [0m[0m[1m 7[0m[0m [0m[0m [0m[0m [0m[0m[1m │ [0m[0m[31m-[0m[0m [0m[0m[1m[2m[31m·[0m[0m[1m[2m[31m·[0m[0m[31m}[0m[0m[31m,[0m[0m
[0m[0m  [0m[0m  [0m[0m[1m 8[0m[0m [0m[0m [0m[0m [0m[0m[1m │ [0m[0m[31m-[0m[0m [0m[0m[1m[2m[31m·[0m[0m[1m[2m[31m·[0m[0m[31md[0m[0m[31mi[0m[0m[31ma[0m[0m[31ml[0m[0m[31me[0m[0m[31mc[0m[0m[31mt[0m[0m[31m:[0m[0m[2m[31m·[0m[0m[1m[31m'[0m[0m[31mp[0m[0m[31mo[0m[0m[31ms[0m[0m[31mt[0m[0m[31mg[0m[0m[31mr[0m[0m[31me[0m[0m[31ms[0m[0m[31mq[0m[0m[31ml[0m[0m[1m[31m'[0m[0m[31m,[0m[0m
[0m[0m  [0m[0m  [0m[0m[1m 9[0m[0m [0m[0m [0m[0m [0m[0m[1m │ [0m[0m[31m-[0m[0m [0m[0m[1m[2m[31m·[0m[0m[1m[2m[31m·[0m[0m[31mo[0m[0m[31mu[0m[0m[31mt[0m[0m[31m:[0m[0m[2m[31m·[0m[0m[1m[31m'[0m[0m[31m.[0m[0m[31m/[0m[0m[31md[0m[0m[31mr[0m[0m[31mi[0m[0m[31mz[0m[0m[31mz[0m[0m[31ml[0m[0m[31me[0m[0m[1m[31m'[0m[0m[31m,[0m[0m
[0m[0m  [0m[0m  [0m[0m[1m10[0m[0m [0m[0m [0m[0m [0m[0m[1m │ [0m[0m[31m-[0m[0m [0m[0m[1m[2m[31m·[0m[0m[1m[2m[31m·[0m[0m[31ms[0m[0m[31mc[0m[0m[31mh[0m[0m[31me[0m[0m[31mm[0m[0m[31ma[0m[0m[31m:[0m[0m[2m[31m·[0m[0m[1m[31m'[0m[0m[31m.[0m[0m[31m/[0m[0m[31ms[0m[0m[31mr[0m[0m[31mc[0m[0m[31m/[0m[0m[31md[0m[0m[31mb[0m[0m[31m/[0m[0m[31ms[0m[0m[31mc[0m[0m[31mh[0m[0m[31me[0m[0m[31mm[0m[0m[31ma[0m[0m[31m.[0m[0m[31mt[0m[0m[31ms[0m[0m[1m[31m'[0m[0m[31m,[0m[0m
[0m[0m  [0m[0m  [0m[0m[1m11[0m[0m [0m[0m [0m[0m [0m[0m[1m │ [0m[0m[31m-[0m[0m [0m[0m[31m}[0m[0m[31m)[0m[0m
[0m[0m  [0m[0m  [0m[0m [0m[0m [0m[0m [0m[0m[1m 4[0m[0m[1m │ [0m[0m[32m+[0m[0m [0m[0m[1m[2m[32m→ [0m[0m[32md[0m[0m[32mb[0m[0m[32mC[0m[0m[32mr[0m[0m[32me[0m[0m[32md[0m[0m[32me[0m[0m[32mn[0m[0m[32mt[0m[0m[32mi[0m[0m[32ma[0m[0m[32ml[0m[0m[32ms[0m[0m[32m:[0m[0m[2m[32m·[0m[0m[32m{[0m[0m
[0m[0m  [0m[0m  [0m[0m [0m[0m [0m[0m [0m[0m[1m 5[0m[0m[1m │ [0m[0m[32m+[0m[0m [0m[0m[1m[2m[32m→ [0m[0m[1m[2m[32m→ [0m[0m[32m/[0m[0m[32m/[0m[0m[2m[32m·[0m[0m[32me[0m[0m[32ms[0m[0m[32ml[0m[0m[32mi[0m[0m[32mn[0m[0m[32mt[0m[0m[32m-[0m[0m[32md[0m[0m[32mi[0m[0m[32ms[0m[0m[32ma[0m[0m[32mb[0m[0m[32ml[0m[0m[32me[0m[0m[32m-[0m[0m[32mn[0m[0m[32me[0m[0m[32mx[0m[0m[32mt[0m[0m[32m-[0m[0m[32ml[0m[0m[32mi[0m[0m[32mn[0m[0m[32me[0m[0m[2m[32m·[0m[0m[32m@[0m[0m[32mt[0m[0m[32my[0m[0m[32mp[0m[0m[32me[0m[0m[32ms[0m[0m[32mc[0m[0m[32mr[0m[0m[32mi[0m[0m[32mp[0m[0m[32mt[0m[0m[32m-[0m[0m[32me[0m[0m[32ms[0m[0m[32ml[0m[0m[32mi[0m[0m[32mn[0m[0m[32mt[0m[0m[32m/[0m[0m[32mn[0m[0m[32mo[0m[0m[32m-[0m[0m[32mn[0m[0m[32mo[0m[0m[32mn[0m[0m[32m-[0m[0m[32mn[0m[0m[32mu[0m[0m[32ml[0m[0m[32ml[0m[0m[32m-[0m[0m[32ma[0m[0m[32ms[0m[0m[32ms[0m[0m[32me[0m[0m[32mr[0m[0m[32mt[0m[0m[32mi[0m[0m[32mo[0m[0m[32mn[0m[0m
[0m[0m  [0m[0m  [0m[0m [0m[0m [0m[0m [0m[0m[1m 6[0m[0m[1m │ [0m[0m[32m+[0m[0m [0m[0m[1m[2m[32m→ [0m[0m[1m[2m[32m→ [0m[0m[32mu[0m[0m[32mr[0m[0m[32ml[0m[0m[32m:[0m[0m[2m[32m·[0m[0m[32mp[0m[0m[32mr[0m[0m[32mo[0m[0m[32mc[0m[0m[32me[0m[0m[32ms[0m[0m[32ms[0m[0m[32m.[0m[0m[32me[0m[0m[32mn[0m[0m[32mv[0m[0m[32m.[0m[0m[32mD[0m[0m[32mA[0m[0m[32mT[0m[0m[32mA[0m[0m[32mB[0m[0m[32mA[0m[0m[32mS[0m[0m[32mE[0m[0m[32m_[0m[0m[32mU[0m[0m[32mR[0m[0m[32mL[0m[0m[32m![0m[0m[32m,[0m[0m
[0m[0m  [0m[0m  [0m[0m [0m[0m [0m[0m [0m[0m[1m 7[0m[0m[1m │ [0m[0m[32m+[0m[0m [0m[0m[1m[2m[32m→ [0m[0m[32m}[0m[0m[32m,[0m[0m
[0m[0m  [0m[0m  [0m[0m [0m[0m [0m[0m [0m[0m[1m 8[0m[0m[1m │ [0m[0m[32m+[0m[0m [0m[0m[1m[2m[32m→ [0m[0m[32md[0m[0m[32mi[0m[0m[32ma[0m[0m[32ml[0m[0m[32me[0m[0m[32mc[0m[0m[32mt[0m[0m[32m:[0m[0m[2m[32m·[0m[0m[1m[32m"[0m[0m[32mp[0m[0m[32mo[0m[0m[32ms[0m[0m[32mt[0m[0m[32mg[0m[0m[32mr[0m[0m[32me[0m[0m[32ms[0m[0m[32mq[0m[0m[32ml[0m[0m[1m[32m"[0m[0m[32m,[0m[0m
[0m[0m  [0m[0m  [0m[0m [0m[0m [0m[0m [0m[0m[1m 9[0m[0m[1m │ [0m[0m[32m+[0m[0m [0m[0m[1m[2m[32m→ [0m[0m[32mo[0m[0m[32mu[0m[0m[32mt[0m[0m[32m:[0m[0m[2m[32m·[0m[0m[1m[32m"[0m[0m[32m.[0m[0m[32m/[0m[0m[32md[0m[0m[32mr[0m[0m[32mi[0m[0m[32mz[0m[0m[32mz[0m[0m[32ml[0m[0m[32me[0m[0m[1m[32m"[0m[0m[32m,[0m[0m
[0m[0m  [0m[0m  [0m[0m [0m[0m [0m[0m [0m[0m[1m10[0m[0m[1m │ [0m[0m[32m+[0m[0m [0m[0m[1m[2m[32m→ [0m[0m[32ms[0m[0m[32mc[0m[0m[32mh[0m[0m[32me[0m[0m[32mm[0m[0m[32ma[0m[0m[32m:[0m[0m[2m[32m·[0m[0m[1m[32m"[0m[0m[32m.[0m[0m[32m/[0m[0m[32ms[0m[0m[32mr[0m[0m[32mc[0m[0m[32m/[0m[0m[32md[0m[0m[32mb[0m[0m[32m/[0m[0m[32ms[0m[0m[32mc[0m[0m[32mh[0m[0m[32me[0m[0m[32mm[0m[0m[32ma[0m[0m[32m.[0m[0m[32mt[0m[0m[32ms[0m[0m[1m[32m"[0m[0m[32m,[0m[0m
[0m[0m  [0m[0m  [0m[0m [0m[0m [0m[0m [0m[0m[1m11[0m[0m[1m │ [0m[0m[32m+[0m[0m [0m[0m[32m}[0m[0m[32m)[0m[0m[1m[32m;[0m[0m
[0m[0m  [0m[0m  [0m[0m[1m12[0m[0m [0m[0m[1m12[0m[0m[1m │ [0m[0m [0m[0m [0m[0m
[0m[0m  [0m[0m
[0m
[0mdrizzle/meta/0000_snapshot.json[0m[0m [0m[0mformat[0m[0m [0m[0m━━━━━━━━━━━━━━━━━━━━━━━━━━━━━━━━━━━━━━━━━━━━━━━━━━━━━━━━━━━━━━━━━━━━━━━━━━━━━━━━━━━━━━━━━━━━━━━━━━━━━━━━━━━━━━━━━━━━━━━━━━━━━━━━━━━━━━━━━━━━━━━━━━━━━━━━━━━━[0m[0m

[0m[41m[30m ELIFECYCLE [39m[49m [31mCommand failed.[39m
