

> ephemeral-client@ ci /home/toya/projects/ephemeral-server/apps/web-client
> biome ci

[0msrc/components/landing/GlowingOrb.tsx[0m[0m:[0m[0m59[0m[0m:[0m[0m11[0m[0m [0m[0m]8;;https://biomejs.dev/linter/rules/use-template\lint/style/useTemplate]8;;\[0m[0m [0m[0m[30m[47m FIXABLE [0m[0m [0m[0m━━━━━━━━━━━━━━━━━━━━━━━━━━━━━━━━━━━━━━━━━━━━━━━━━━━━━━━━━━━━━━━━━━━━━━━━━━━━━━━━━━━━━━━━━━━━━━━━━━━━━━━━━━━━━━━━━━━━━━[0m[0m

[0m[0m  [0m[0m[1m[34mℹ[0m[0m [0m[0m[1m[34mTemplate[0m[0m[34m literals are preferred over [0m[0m[1m[34mstring concatenation.[0m[0m
[0m[0m  [0m[0m
[0m[0m  [0m[0m  [0m[0m[1m57 │ [0m[0m	[0m[0m	[0m[0m	[0m[0m	[0m[0mf[0m[0mi[0m[0ml[0m[0mt[0m[0me[0m[0mr[0m[0m:[0m[0m [0m[0m"[0m[0mb[0m[0ml[0m[0mu[0m[0mr[0m[0m([0m[0m4[0m[0m0[0m[0mp[0m[0mx[0m[0m)[0m[0m"[0m[0m,[0m[0m
[0m[0m  [0m[0m  [0m[0m[1m58 │ [0m[0m	[0m[0m	[0m[0m	[0m[0m	[0m[0mp[0m[0mo[0m[0ms[0m[0mi[0m[0mt[0m[0mi[0m[0mo[0m[0mn[0m[0m:[0m[0m [0m[0m"[0m[0ma[0m[0mb[0m[0ms[0m[0mo[0m[0ml[0m[0mu[0m[0mt[0m[0me[0m[0m"[0m[0m,[0m[0m
[0m[0m  [0m[0m[1m[31m>[0m[0m [0m[0m[1m59 │ [0m[0m	[0m[0m	[0m[0m	[0m[0m	[0m[0ml[0m[0me[0m[0mf[0m[0mt[0m[0m:[0m[0m [0m[0mM[0m[0ma[0m[0mt[0m[0mh[0m[0m.[0m[0mr[0m[0ma[0m[0mn[0m[0md[0m[0mo[0m[0mm[0m[0m([0m[0m)[0m[0m [0m[0m*[0m[0m [0m[0m1[0m[0m0[0m[0m0[0m[0m [0m[0m+[0m[0m [0m[0m"[0m[0m%[0m[0m"[0m[0m,[0m[0m
[0m[0m  [0m[0m [0m[0m [0m[0m[1m   │ [0m[0m	[0m[0m	[0m[0m	[0m[0m	[0m[0m [0m[0m [0m[0m [0m[0m [0m[0m [0m[0m [0m[0m[1m[31m^[0m[0m[1m[31m^[0m[0m[1m[31m^[0m[0m[1m[31m^[0m[0m[1m[31m^[0m[0m[1m[31m^[0m[0m[1m[31m^[0m[0m[1m[31m^[0m[0m[1m[31m^[0m[0m[1m[31m^[0m[0m[1m[31m^[0m[0m[1m[31m^[0m[0m[1m[31m^[0m[0m[1m[31m^[0m[0m[1m[31m^[0m[0m[1m[31m^[0m[0m[1m[31m^[0m[0m[1m[31m^[0m[0m[1m[31m^[0m[0m[1m[31m^[0m[0m[1m[31m^[0m[0m[1m[31m^[0m[0m[1m[31m^[0m[0m[1m[31m^[0m[0m[1m[31m^[0m[0m
[0m[0m  [0m[0m  [0m[0m[1m60 │ [0m[0m	[0m[0m	[0m[0m	[0m[0m	[0m[0mt[0m[0mo[0m[0mp[0m[0m:[0m[0m [0m[0mM[0m[0ma[0m[0mt[0m[0mh[0m[0m.[0m[0mr[0m[0ma[0m[0mn[0m[0md[0m[0mo[0m[0mm[0m[0m([0m[0m)[0m[0m [0m[0m*[0m[0m [0m[0m1[0m[0m0[0m[0m0[0m[0m [0m[0m+[0m[0m [0m[0m"[0m[0m%[0m[0m"[0m[0m,[0m[0m
[0m[0m  [0m[0m  [0m[0m[1m61 │ [0m[0m	[0m[0m	[0m[0m	[0m[0m	[0m[0mt[0m[0mr[0m[0ma[0m[0mn[0m[0ms[0m[0mf[0m[0mo[0m[0mr[0m[0mm[0m[0m:[0m[0m [0m[0m"[0m[0mt[0m[0mr[0m[0ma[0m[0mn[0m[0ms[0m[0ml[0m[0ma[0m[0mt[0m[0me[0m[0m([0m[0m-[0m[0m5[0m[0m0[0m[0m%[0m[0m,[0m[0m [0m[0m-[0m[0m5[0m[0m0[0m[0m%[0m[0m)[0m[0m"[0m[0m,[0m[0m
[0m[0m  [0m[0m
[0m[0m  [0m[0m[1m[34mℹ[0m[0m [0m[0m[34mUnsafe fix: Use a [0m[0m[1m[34mtemplate literal[0m[0m[34m.[0m[0m
[0m[0m  [0m[0m
[0m[0m  [0m[0m  [0m[0m[1m57[0m[0m [0m[0m[1m57[0m[0m[1m │ [0m[0m [0m[0m [0m[0m	[0m[0m	[0m[0m	[0m[0m	[0m[0mf[0m[0mi[0m[0ml[0m[0mt[0m[0me[0m[0mr[0m[0m:[0m[0m [0m[0m"[0m[0mb[0m[0ml[0m[0mu[0m[0mr[0m[0m([0m[0m4[0m[0m0[0m[0mp[0m[0mx[0m[0m)[0m[0m"[0m[0m,[0m[0m
[0m[0m  [0m[0m  [0m[0m[1m58[0m[0m [0m[0m[1m58[0m[0m[1m │ [0m[0m [0m[0m [0m[0m	[0m[0m	[0m[0m	[0m[0m	[0m[0mp[0m[0mo[0m[0ms[0m[0mi[0m[0mt[0m[0mi[0m[0mo[0m[0mn[0m[0m:[0m[0m [0m[0m"[0m[0ma[0m[0mb[0m[0ms[0m[0mo[0m[0ml[0m[0mu[0m[0mt[0m[0me[0m[0m"[0m[0m,[0m[0m
[0m[0m  [0m[0m  [0m[0m[1m59[0m[0m [0m[0m [0m[0m [0m[0m[1m │ [0m[0m[31m-[0m[0m [0m[0m[2m[31m→ [0m[0m[2m[31m→ [0m[0m[2m[31m→ [0m[0m[2m[31m→ [0m[0m[31ml[0m[0m[31me[0m[0m[31mf[0m[0m[31mt[0m[0m[31m:[0m[0m[2m[31m·[0m[0m[31mM[0m[0m[31ma[0m[0m[31mt[0m[0m[31mh[0m[0m[31m.[0m[0m[31mr[0m[0m[31ma[0m[0m[31mn[0m[0m[31md[0m[0m[31mo[0m[0m[31mm[0m[0m[31m([0m[0m[31m)[0m[0m[2m[31m·[0m[0m[31m*[0m[0m[2m[31m·[0m[0m[31m1[0m[0m[31m0[0m[0m[31m0[0m[0m[1m[2m[31m·[0m[0m[1m[31m+[0m[0m[1m[2m[31m·[0m[0m[1m[31m"[0m[0m[31m%[0m[0m[1m[31m"[0m[0m[31m,[0m[0m
[0m[0m  [0m[0m  [0m[0m [0m[0m [0m[0m [0m[0m[1m59[0m[0m[1m │ [0m[0m[32m+[0m[0m [0m[0m[2m[32m→ [0m[0m[2m[32m→ [0m[0m[2m[32m→ [0m[0m[2m[32m→ [0m[0m[32ml[0m[0m[32me[0m[0m[32mf[0m[0m[32mt[0m[0m[32m:[0m[0m[2m[32m·[0m[0m[1m[32m`[0m[0m[1m[32m$[0m[0m[1m[32m{[0m[0m[32mM[0m[0m[32ma[0m[0m[32mt[0m[0m[32mh[0m[0m[32m.[0m[0m[32mr[0m[0m[32ma[0m[0m[32mn[0m[0m[32md[0m[0m[32mo[0m[0m[32mm[0m[0m[32m([0m[0m[32m)[0m[0m[2m[32m·[0m[0m[32m*[0m[0m[2m[32m·[0m[0m[32m1[0m[0m[32m0[0m[0m[32m0[0m[0m[1m[32m}[0m[0m[32m%[0m[0m[1m[32m`[0m[0m[32m,[0m[0m
[0m[0m  [0m[0m  [0m[0m[1m60[0m[0m [0m[0m[1m60[0m[0m[1m │ [0m[0m [0m[0m [0m[0m	[0m[0m	[0m[0m	[0m[0m	[0m[0mt[0m[0mo[0m[0mp[0m[0m:[0m[0m [0m[0mM[0m[0ma[0m[0mt[0m[0mh[0m[0m.[0m[0mr[0m[0ma[0m[0mn[0m[0md[0m[0mo[0m[0mm[0m[0m([0m[0m)[0m[0m [0m[0m*[0m[0m [0m[0m1[0m[0m0[0m[0m0[0m[0m [0m[0m+[0m[0m [0m[0m"[0m[0m%[0m[0m"[0m[0m,[0m[0m
[0m[0m  [0m[0m  [0m[0m[1m61[0m[0m [0m[0m[1m61[0m[0m[1m │ [0m[0m [0m[0m [0m[0m	[0m[0m	[0m[0m	[0m[0m	[0m[0mt[0m[0mr[0m[0ma[0m[0mn[0m[0ms[0m[0mf[0m[0mo[0m[0mr[0m[0mm[0m[0m:[0m[0m [0m[0m"[0m[0mt[0m[0mr[0m[0ma[0m[0mn[0m[0ms[0m[0ml[0m[0ma[0m[0mt[0m[0me[0m[0m([0m[0m-[0m[0m5[0m[0m0[0m[0m%[0m[0m,[0m[0m [0m[0m-[0m[0m5[0m[0m0[0m[0m%[0m[0m)[0m[0m"[0m[0m,[0m[0m
[0m[0m  [0m[0m
[0m
[0msrc/components/landing/GlowingOrb.tsx[0m[0m:[0m[0m60[0m[0m:[0m[0m10[0m[0m [0m[0m]8;;https://biomejs.dev/linter/rules/use-template\lint/style/useTemplate]8;;\[0m[0m [0m[0m[30m[47m FIXABLE [0m[0m [0m[0m━━━━━━━━━━━━━━━━━━━━━━━━━━━━━━━━━━━━━━━━━━━━━━━━━━━━━━━━━━━━━━━━━━━━━━━━━━━━━━━━━━━━━━━━━━━━━━━━━━━━━━━━━━━━━━━━━━━━━━[0m[0m

[0m[0m  [0m[0m[1m[34mℹ[0m[0m [0m[0m[1m[34mTemplate[0m[0m[34m literals are preferred over [0m[0m[1m[34mstring concatenation.[0m[0m
[0m[0m  [0m[0m
[0m[0m  [0m[0m  [0m[0m[1m58 │ [0m[0m	[0m[0m	[0m[0m	[0m[0m	[0m[0mp[0m[0mo[0m[0ms[0m[0mi[0m[0mt[0m[0mi[0m[0mo[0m[0mn[0m[0m:[0m[0m [0m[0m"[0m[0ma[0m[0mb[0m[0ms[0m[0mo[0m[0ml[0m[0mu[0m[0mt[0m[0me[0m[0m"[0m[0m,[0m[0m
[0m[0m  [0m[0m  [0m[0m[1m59 │ [0m[0m	[0m[0m	[0m[0m	[0m[0m	[0m[0ml[0m[0me[0m[0mf[0m[0mt[0m[0m:[0m[0m [0m[0mM[0m[0ma[0m[0mt[0m[0mh[0m[0m.[0m[0mr[0m[0ma[0m[0mn[0m[0md[0m[0mo[0m[0mm[0m[0m([0m[0m)[0m[0m [0m[0m*[0m[0m [0m[0m1[0m[0m0[0m[0m0[0m[0m [0m[0m+[0m[0m [0m[0m"[0m[0m%[0m[0m"[0m[0m,[0m[0m
[0m[0m  [0m[0m[1m[31m>[0m[0m [0m[0m[1m60 │ [0m[0m	[0m[0m	[0m[0m	[0m[0m	[0m[0mt[0m[0mo[0m[0mp[0m[0m:[0m[0m [0m[0mM[0m[0ma[0m[0mt[0m[0mh[0m[0m.[0m[0mr[0m[0ma[0m[0mn[0m[0md[0m[0mo[0m[0mm[0m[0m([0m[0m)[0m[0m [0m[0m*[0m[0m [0m[0m1[0m[0m0[0m[0m0[0m[0m [0m[0m+[0m[0m [0m[0m"[0m[0m%[0m[0m"[0m[0m,[0m[0m
[0m[0m  [0m[0m [0m[0m [0m[0m[1m   │ [0m[0m	[0m[0m	[0m[0m	[0m[0m	[0m[0m [0m[0m [0m[0m [0m[0m [0m[0m [0m[0m[1m[31m^[0m[0m[1m[31m^[0m[0m[1m[31m^[0m[0m[1m[31m^[0m[0m[1m[31m^[0m[0m[1m[31m^[0m[0m[1m[31m^[0m[0m[1m[31m^[0m[0m[1m[31m^[0m[0m[1m[31m^[0m[0m[1m[31m^[0m[0m[1m[31m^[0m[0m[1m[31m^[0m[0m[1m[31m^[0m[0m[1m[31m^[0m[0m[1m[31m^[0m[0m[1m[31m^[0m[0m[1m[31m^[0m[0m[1m[31m^[0m[0m[1m[31m^[0m[0m[1m[31m^[0m[0m[1m[31m^[0m[0m[1m[31m^[0m[0m[1m[31m^[0m[0m[1m[31m^[0m[0m
[0m[0m  [0m[0m  [0m[0m[1m61 │ [0m[0m	[0m[0m	[0m[0m	[0m[0m	[0m[0mt[0m[0mr[0m[0ma[0m[0mn[0m[0ms[0m[0mf[0m[0mo[0m[0mr[0m[0mm[0m[0m:[0m[0m [0m[0m"[0m[0mt[0m[0mr[0m[0ma[0m[0mn[0m[0ms[0m[0ml[0m[0ma[0m[0mt[0m[0me[0m[0m([0m[0m-[0m[0m5[0m[0m0[0m[0m%[0m[0m,[0m[0m [0m[0m-[0m[0m5[0m[0m0[0m[0m%[0m[0m)[0m[0m"[0m[0m,[0m[0m
[0m[0m  [0m[0m  [0m[0m[1m62 │ [0m[0m	[0m[0m	[0m[0m	[0m[0m}[0m[0m}[0m[0m
[0m[0m  [0m[0m
[0m[0m  [0m[0m[1m[34mℹ[0m[0m [0m[0m[34mUnsafe fix: Use a [0m[0m[1m[34mtemplate literal[0m[0m[34m.[0m[0m
[0m[0m  [0m[0m
[0m[0m  [0m[0m  [0m[0m[1m58[0m[0m [0m[0m[1m58[0m[0m[1m │ [0m[0m [0m[0m [0m[0m	[0m[0m	[0m[0m	[0m[0m	[0m[0mp[0m[0mo[0m[0ms[0m[0mi[0m[0mt[0m[0mi[0m[0mo[0m[0mn[0m[0m:[0m[0m [0m[0m"[0m[0ma[0m[0mb[0m[0ms[0m[0mo[0m[0ml[0m[0mu[0m[0mt[0m[0me[0m[0m"[0m[0m,[0m[0m
[0m[0m  [0m[0m  [0m[0m[1m59[0m[0m [0m[0m[1m59[0m[0m[1m │ [0m[0m [0m[0m [0m[0m	[0m[0m	[0m[0m	[0m[0m	[0m[0ml[0m[0me[0m[0mf[0m[0mt[0m[0m:[0m[0m [0m[0mM[0m[0ma[0m[0mt[0m[0mh[0m[0m.[0m[0mr[0m[0ma[0m[0mn[0m[0md[0m[0mo[0m[0mm[0m[0m([0m[0m)[0m[0m [0m[0m*[0m[0m [0m[0m1[0m[0m0[0m[0m0[0m[0m [0m[0m+[0m[0m [0m[0m"[0m[0m%[0m[0m"[0m[0m,[0m[0m
[0m[0m  [0m[0m  [0m[0m[1m60[0m[0m [0m[0m [0m[0m [0m[0m[1m │ [0m[0m[31m-[0m[0m [0m[0m[2m[31m→ [0m[0m[2m[31m→ [0m[0m[2m[31m→ [0m[0m[2m[31m→ [0m[0m[31mt[0m[0m[31mo[0m[0m[31mp[0m[0m[31m:[0m[0m[2m[31m·[0m[0m[31mM[0m[0m[31ma[0m[0m[31mt[0m[0m[31mh[0m[0m[31m.[0m[0m[31mr[0m[0m[31ma[0m[0m[31mn[0m[0m[31md[0m[0m[31mo[0m[0m[31mm[0m[0m[31m([0m[0m[31m)[0m[0m[2m[31m·[0m[0m[31m*[0m[0m[2m[31m·[0m[0m[31m1[0m[0m[31m0[0m[0m[31m0[0m[0m[1m[2m[31m·[0m[0m[1m[31m+[0m[0m[1m[2m[31m·[0m[0m[1m[31m"[0m[0m[31m%[0m[0m[1m[31m"[0m[0m[31m,[0m[0m
[0m[0m  [0m[0m  [0m[0m [0m[0m [0m[0m [0m[0m[1m60[0m[0m[1m │ [0m[0m[32m+[0m[0m [0m[0m[2m[32m→ [0m[0m[2m[32m→ [0m[0m[2m[32m→ [0m[0m[2m[32m→ [0m[0m[32mt[0m[0m[32mo[0m[0m[32mp[0m[0m[32m:[0m[0m[2m[32m·[0m[0m[1m[32m`[0m[0m[1m[32m$[0m[0m[1m[32m{[0m[0m[32mM[0m[0m[32ma[0m[0m[32mt[0m[0m[32mh[0m[0m[32m.[0m[0m[32mr[0m[0m[32ma[0m[0m[32mn[0m[0m[32md[0m[0m[32mo[0m[0m[32mm[0m[0m[32m([0m[0m[32m)[0m[0m[2m[32m·[0m[0m[32m*[0m[0m[2m[32m·[0m[0m[32m1[0m[0m[32m0[0m[0m[32m0[0m[0m[1m[32m}[0m[0m[32m%[0m[0m[1m[32m`[0m[0m[32m,[0m[0m
[0m[0m  [0m[0m  [0m[0m[1m61[0m[0m [0m[0m[1m61[0m[0m[1m │ [0m[0m [0m[0m [0m[0m	[0m[0m	[0m[0m	[0m[0m	[0m[0mt[0m[0mr[0m[0ma[0m[0mn[0m[0ms[0m[0mf[0m[0mo[0m[0mr[0m[0mm[0m[0m:[0m[0m [0m[0m"[0m[0mt[0m[0mr[0m[0ma[0m[0mn[0m[0ms[0m[0ml[0m[0ma[0m[0mt[0m[0me[0m[0m([0m[0m-[0m[0m5[0m[0m0[0m[0m%[0m[0m,[0m[0m [0m[0m-[0m[0m5[0m[0m0[0m[0m%[0m[0m)[0m[0m"[0m[0m,[0m[0m
[0m[0m  [0m[0m  [0m[0m[1m62[0m[0m [0m[0m[1m62[0m[0m[1m │ [0m[0m [0m[0m [0m[0m	[0m[0m	[0m[0m	[0m[0m}[0m[0m}[0m[0m
[0m[0m  [0m[0m
[0m
[0mvite.config.ts[0m[0m:[0m[0m5[0m[0m:[0m[0m25[0m[0m [0m[0m]8;;https://biomejs.dev/linter/rules/use-nodejs-import-protocol\lint/style/useNodejsImportProtocol]8;;\[0m[0m [0m[0m[30m[47m FIXABLE [0m[0m [0m[0m━━━━━━━━━━━━━━━━━━━━━━━━━━━━━━━━━━━━━━━━━━━━━━━━━━━━━━━━━━━━━━━━━━━━━━━━━━━━━━━━━━━━━━━━━━━━━━━━━━━━━━━━━━━━━━━━━━━━━━━━━━━━━━━━━━[0m[0m

[0m[0m  [0m[0m[1m[34mℹ[0m[0m [0m[0m[34mA Node.js builtin module should be imported with the [0m[0m[1m[34mnode:[0m[0m[34m protocol.[0m[0m
[0m[0m  [0m[0m
[0m[0m  [0m[0m  [0m[0m[1m3 │ [0m[0mi[0m[0mm[0m[0mp[0m[0mo[0m[0mr[0m[0mt[0m[0m [0m[0m{[0m[0m [0m[0mt[0m[0ma[0m[0mn[0m[0ms[0m[0mt[0m[0ma[0m[0mc[0m[0mk[0m[0mR[0m[0mo[0m[0mu[0m[0mt[0m[0me[0m[0mr[0m[0m [0m[0m}[0m[0m [0m[0mf[0m[0mr[0m[0mo[0m[0mm[0m[0m [0m[0m"[0m[0m@[0m[0mt[0m[0ma[0m[0mn[0m[0ms[0m[0mt[0m[0ma[0m[0mc[0m[0mk[0m[0m/[0m[0mr[0m[0mo[0m[0mu[0m[0mt[0m[0me[0m[0mr[0m[0m-[0m[0mp[0m[0ml[0m[0mu[0m[0mg[0m[0mi[0m[0mn[0m[0m/[0m[0mv[0m[0mi[0m[0mt[0m[0me[0m[0m"[0m[0m;[0m[0m
[0m[0m  [0m[0m  [0m[0m[1m4 │ [0m[0mi[0m[0mm[0m[0mp[0m[0mo[0m[0mr[0m[0mt[0m[0m [0m[0mr[0m[0me[0m[0ma[0m[0mc[0m[0mt[0m[0m [0m[0mf[0m[0mr[0m[0mo[0m[0mm[0m[0m [0m[0m"[0m[0m@[0m[0mv[0m[0mi[0m[0mt[0m[0me[0m[0mj[0m[0ms[0m[0m/[0m[0mp[0m[0ml[0m[0mu[0m[0mg[0m[0mi[0m[0mn[0m[0m-[0m[0mr[0m[0me[0m[0ma[0m[0mc[0m[0mt[0m[0m"[0m[0m;[0m[0m
[0m[0m  [0m[0m[1m[31m>[0m[0m [0m[0m[1m5 │ [0m[0mi[0m[0mm[0m[0mp[0m[0mo[0m[0mr[0m[0mt[0m[0m [0m[0m{[0m[0m [0m[0mr[0m[0me[0m[0ms[0m[0mo[0m[0ml[0m[0mv[0m[0me[0m[0m [0m[0m}[0m[0m [0m[0mf[0m[0mr[0m[0mo[0m[0mm[0m[0m [0m[0m"[0m[0mp[0m[0ma[0m[0mt[0m[0mh[0m[0m"[0m[0m;[0m[0m
[0m[0m  [0m[0m [0m[0m[1m   │ [0m[0m [0m[0m [0m[0m [0m[0m [0m[0m [0m[0m [0m[0m [0m[0m [0m[0m [0m[0m [0m[0m [0m[0m [0m[0m [0m[0m [0m[0m [0m[0m [0m[0m [0m[0m [0m[0m [0m[0m [0m[0m [0m[0m [0m[0m [0m[0m [0m[0m[1m[31m^[0m[0m[1m[31m^[0m[0m[1m[31m^[0m[0m[1m[31m^[0m[0m[1m[31m^[0m[0m[1m[31m^[0m[0m
[0m[0m  [0m[0m  [0m[0m[1m6 │ [0m[0mi[0m[0mm[0m[0mp[0m[0mo[0m[0mr[0m[0mt[0m[0m [0m[0m{[0m[0m [0m[0md[0m[0me[0m[0mf[0m[0mi[0m[0mn[0m[0me[0m[0mC[0m[0mo[0m[0mn[0m[0mf[0m[0mi[0m[0mg[0m[0m,[0m[0m [0m[0ml[0m[0mo[0m[0ma[0m[0md[0m[0mE[0m[0mn[0m[0mv[0m[0m [0m[0m}[0m[0m [0m[0mf[0m[0mr[0m[0mo[0m[0mm[0m[0m [0m[0m"[0m[0mv[0m[0mi[0m[0mt[0m[0me[0m[0m"[0m[0m;[0m[0m
[0m[0m  [0m[0m  [0m[0m[1m7 │ [0m[0mi[0m[0mm[0m[0mp[0m[0mo[0m[0mr[0m[0mt[0m[0m [0m[0mv[0m[0mi[0m[0mt[0m[0me[0m[0mC[0m[0mo[0m[0mm[0m[0mp[0m[0mr[0m[0me[0m[0ms[0m[0ms[0m[0mi[0m[0mo[0m[0mn[0m[0m [0m[0mf[0m[0mr[0m[0mo[0m[0mm[0m[0m [0m[0m"[0m[0mv[0m[0mi[0m[0mt[0m[0me[0m[0m-[0m[0mp[0m[0ml[0m[0mu[0m[0mg[0m[0mi[0m[0mn[0m[0m-[0m[0mc[0m[0mo[0m[0mm[0m[0mp[0m[0mr[0m[0me[0m[0ms[0m[0ms[0m[0mi[0m[0mo[0m[0mn[0m[0m"[0m[0m;[0m[0m
[0m[0m  [0m[0m
[0m[0m  [0m[0m[1m[34mℹ[0m[0m [0m[0m[34mUsing the [0m[0m[1m[34mnode:[0m[0m[34m protocol is more explicit and signals that the imported module belongs to Node.js.[0m[0m
[0m[0m  [0m[0m
[0m[0m  [0m[0m[1m[34mℹ[0m[0m [0m[0m[34mUnsafe fix: Add the [0m[0m[1m[34mnode:[0m[0m[34m protocol.[0m[0m
[0m[0m  [0m[0m
[0m[0m  [0m[0m  [0m[0m[1m 3[0m[0m [0m[0m[1m 3[0m[0m[1m │ [0m[0m [0m[0m [0m[0mi[0m[0mm[0m[0mp[0m[0mo[0m[0mr[0m[0mt[0m[0m [0m[0m{[0m[0m [0m[0mt[0m[0ma[0m[0mn[0m[0ms[0m[0mt[0m[0ma[0m[0mc[0m[0mk[0m[0mR[0m[0mo[0m[0mu[0m[0mt[0m[0me[0m[0mr[0m[0m [0m[0m}[0m[0m [0m[0mf[0m[0mr[0m[0mo[0m[0mm[0m[0m [0m[0m"[0m[0m@[0m[0mt[0m[0ma[0m[0mn[0m[0ms[0m[0mt[0m[0ma[0m[0mc[0m[0mk[0m[0m/[0m[0mr[0m[0mo[0m[0mu[0m[0mt[0m[0me[0m[0mr[0m[0m-[0m[0mp[0m[0ml[0m[0mu[0m[0mg[0m[0mi[0m[0mn[0m[0m/[0m[0mv[0m[0mi[0m[0mt[0m[0me[0m[0m"[0m[0m;[0m[0m
[0m[0m  [0m[0m  [0m[0m[1m 4[0m[0m [0m[0m[1m 4[0m[0m[1m │ [0m[0m [0m[0m [0m[0mi[0m[0mm[0m[0mp[0m[0mo[0m[0mr[0m[0mt[0m[0m [0m[0mr[0m[0me[0m[0ma[0m[0mc[0m[0mt[0m[0m [0m[0mf[0m[0mr[0m[0mo[0m[0mm[0m[0m [0m[0m"[0m[0m@[0m[0mv[0m[0mi[0m[0mt[0m[0me[0m[0mj[0m[0ms[0m[0m/[0m[0mp[0m[0ml[0m[0mu[0m[0mg[0m[0mi[0m[0mn[0m[0m-[0m[0mr[0m[0me[0m[0ma[0m[0mc[0m[0mt[0m[0m"[0m[0m;[0m[0m
[0m[0m  [0m[0m  [0m[0m[1m 5[0m[0m [0m[0m [0m[0m [0m[0m[1m │ [0m[0m[31m-[0m[0m [0m[0m[31mi[0m[0m[31mm[0m[0m[31mp[0m[0m[31mo[0m[0m[31mr[0m[0m[31mt[0m[0m[2m[31m·[0m[0m[31m{[0m[0m[2m[31m·[0m[0m[31mr[0m[0m[31me[0m[0m[31ms[0m[0m[31mo[0m[0m[31ml[0m[0m[31mv[0m[0m[31me[0m[0m[2m[31m·[0m[0m[31m}[0m[0m[2m[31m·[0m[0m[31mf[0m[0m[31mr[0m[0m[31mo[0m[0m[31mm[0m[0m[2m[31m·[0m[0m[31m"[0m[0m[1m[31mp[0m[0m[1m[31ma[0m[0m[1m[31mt[0m[0m[1m[31mh[0m[0m[31m"[0m[0m[31m;[0m[0m
[0m[0m  [0m[0m  [0m[0m [0m[0m [0m[0m [0m[0m[1m 5[0m[0m[1m │ [0m[0m[32m+[0m[0m [0m[0m[32mi[0m[0m[32mm[0m[0m[32mp[0m[0m[32mo[0m[0m[32mr[0m[0m[32mt[0m[0m[2m[32m·[0m[0m[32m{[0m[0m[2m[32m·[0m[0m[32mr[0m[0m[32me[0m[0m[32ms[0m[0m[32mo[0m[0m[32ml[0m[0m[32mv[0m[0m[32me[0m[0m[2m[32m·[0m[0m[32m}[0m[0m[2m[32m·[0m[0m[32mf[0m[0m[32mr[0m[0m[32mo[0m[0m[32mm[0m[0m[2m[32m·[0m[0m[32m"[0m[0m[1m[32mn[0m[0m[1m[32mo[0m[0m[1m[32md[0m[0m[1m[32me[0m[0m[1m[32m:[0m[0m[1m[32mp[0m[0m[1m[32ma[0m[0m[1m[32mt[0m[0m[1m[32mh[0m[0m[32m"[0m[0m[32m;[0m[0m
[0m[0m  [0m[0m  [0m[0m[1m 6[0m[0m [0m[0m[1m 6[0m[0m[1m │ [0m[0m [0m[0m [0m[0mi[0m[0mm[0m[0mp[0m[0mo[0m[0mr[0m[0mt[0m[0m [0m[0m{[0m[0m [0m[0md[0m[0me[0m[0mf[0m[0mi[0m[0mn[0m[0me[0m[0mC[0m[0mo[0m[0mn[0m[0mf[0m[0mi[0m[0mg[0m[0m,[0m[0m [0m[0ml[0m[0mo[0m[0ma[0m[0md[0m[0mE[0m[0mn[0m[0mv[0m[0m [0m[0m}[0m[0m [0m[0mf[0m[0mr[0m[0mo[0m[0mm[0m[0m [0m[0m"[0m[0mv[0m[0mi[0m[0mt[0m[0me[0m[0m"[0m[0m;[0m[0m
[0m[0m  [0m[0m  [0m[0m[1m 7[0m[0m [0m[0m[1m 7[0m[0m[1m │ [0m[0m [0m[0m [0m[0mi[0m[0mm[0m[0mp[0m[0mo[0m[0mr[0m[0mt[0m[0m [0m[0mv[0m[0mi[0m[0mt[0m[0me[0m[0mC[0m[0mo[0m[0mm[0m[0mp[0m[0mr[0m[0me[0m[0ms[0m[0ms[0m[0mi[0m[0mo[0m[0mn[0m[0m [0m[0mf[0m[0mr[0m[0mo[0m[0mm[0m[0m [0m[0m"[0m[0mv[0m[0mi[0m[0mt[0m[0me[0m[0m-[0m[0mp[0m[0ml[0m[0mu[0m[0mg[0m[0mi[0m[0mn[0m[0m-[0m[0mc[0m[0mo[0m[0mm[0m[0mp[0m[0mr[0m[0me[0m[0ms[0m[0ms[0m[0mi[0m[0mo[0m[0mn[0m[0m"[0m[0m;[0m[0m
[0m[0m  [0m[0m
[0m
[0msrc/components/feed/CreatePost.tsx[0m[0m:[0m[0m36[0m[0m:[0m[0m7[0m[0m [0m[0m]8;;https://biomejs.dev/linter/rules/use-optional-chain\lint/complexity/useOptionalChain]8;;\[0m[0m [0m[0m[30m[47m FIXABLE [0m[0m [0m[0m━━━━━━━━━━━━━━━━━━━━━━━━━━━━━━━━━━━━━━━━━━━━━━━━━━━━━━━━━━━━━━━━━━━━━━━━━━━━━━━━━━━━━━━━━━━━━━━━━━━━━━━━━━━━━━━━[0m[0m

[0m[0m  [0m[0m[1m[33m⚠[0m[0m [0m[0m[33mChange to an optional chain.[0m[0m
[0m[0m  [0m[0m
[0m[0m  [0m[0m  [0m[0m[1m34 │ [0m[0m	[0m[0mc[0m[0mo[0m[0mn[0m[0ms[0m[0mt[0m[0m [0m[0mh[0m[0ma[0m[0mn[0m[0md[0m[0ml[0m[0me[0m[0mF[0m[0mi[0m[0ml[0m[0me[0m[0mS[0m[0me[0m[0ml[0m[0me[0m[0mc[0m[0mt[0m[0m [0m[0m=[0m[0m [0m[0m([0m[0me[0m[0m:[0m[0m [0m[0mR[0m[0me[0m[0ma[0m[0mc[0m[0mt[0m[0m.[0m[0mC[0m[0mh[0m[0ma[0m[0mn[0m[0mg[0m[0me[0m[0mE[0m[0mv[0m[0me[0m[0mn[0m[0mt[0m[0m<[0m[0mH[0m[0mT[0m[0mM[0m[0mL[0m[0mI[0m[0mn[0m[0mp[0m[0mu[0m[0mt[0m[0mE[0m[0ml[0m[0me[0m[0mm[0m[0me[0m[0mn[0m[0mt[0m[0m>[0m[0m)[0m[0m [0m[0m=[0m[0m>[0m[0m [0m[0m{[0m[0m
[0m[0m  [0m[0m  [0m[0m[1m35 │ [0m[0m	[0m[0m	[0m[0mc[0m[0mo[0m[0mn[0m[0ms[0m[0mt[0m[0m [0m[0mf[0m[0mi[0m[0ml[0m[0me[0m[0m [0m[0m=[0m[0m [0m[0me[0m[0m.[0m[0mt[0m[0ma[0m[0mr[0m[0mg[0m[0me[0m[0mt[0m[0m.[0m[0mf[0m[0mi[0m[0ml[0m[0me[0m[0ms[0m[0m?[0m[0m.[0m[0m[[0m[0m0[0m[0m][0m[0m;[0m[0m
[0m[0m  [0m[0m[1m[31m>[0m[0m [0m[0m[1m36 │ [0m[0m	[0m[0m	[0m[0mi[0m[0mf[0m[0m [0m[0m([0m[0mf[0m[0mi[0m[0ml[0m[0me[0m[0m [0m[0m&[0m[0m&[0m[0m [0m[0mf[0m[0mi[0m[0ml[0m[0me[0m[0m.[0m[0mt[0m[0my[0m[0mp[0m[0me[0m[0m.[0m[0ms[0m[0mt[0m[0ma[0m[0mr[0m[0mt[0m[0ms[0m[0mW[0m[0mi[0m[0mt[0m[0mh[0m[0m([0m[0m"[0m[0mi[0m[0mm[0m[0ma[0m[0mg[0m[0me[0m[0m/[0m[0m"[0m[0m)[0m[0m)[0m[0m [0m[0m{[0m[0m
[0m[0m  [0m[0m [0m[0m [0m[0m[1m   │ [0m[0m	[0m[0m	[0m[0m [0m[0m [0m[0m [0m[0m [0m[0m[1m[31m^[0m[0m[1m[31m^[0m[0m[1m[31m^[0m[0m[1m[31m^[0m[0m[1m[31m^[0m[0m[1m[31m^[0m[0m[1m[31m^[0m[0m[1m[31m^[0m[0m[1m[31m^[0m[0m[1m[31m^[0m[0m[1m[31m^[0m[0m[1m[31m^[0m[0m[1m[31m^[0m[0m[1m[31m^[0m[0m[1m[31m^[0m[0m[1m[31m^[0m[0m[1m[31m^[0m[0m[1m[31m^[0m[0m[1m[31m^[0m[0m[1m[31m^[0m[0m[1m[31m^[0m[0m[1m[31m^[0m[0m[1m[31m^[0m[0m[1m[31m^[0m[0m[1m[31m^[0m[0m[1m[31m^[0m[0m[1m[31m^[0m[0m[1m[31m^[0m[0m[1m[31m^[0m[0m[1m[31m^[0m[0m[1m[31m^[0m[0m[1m[31m^[0m[0m[1m[31m^[0m[0m[1m[31m^[0m[0m[1m[31m^[0m[0m[1m[31m^[0m[0m[1m[31m^[0m[0m[1m[31m^[0m[0m
[0m[0m  [0m[0m  [0m[0m[1m37 │ [0m[0m	[0m[0m	[0m[0m	[0m[0ms[0m[0me[0m[0mt[0m[0mS[0m[0me[0m[0ml[0m[0me[0m[0mc[0m[0mt[0m[0me[0m[0md[0m[0mF[0m[0mi[0m[0ml[0m[0me[0m[0m([0m[0mf[0m[0mi[0m[0ml[0m[0me[0m[0m)[0m[0m;[0m[0m
[0m[0m  [0m[0m  [0m[0m[1m38 │ [0m[0m	[0m[0m	[0m[0m	[0m[0ms[0m[0me[0m[0mt[0m[0mP[0m[0mr[0m[0me[0m[0mv[0m[0mi[0m[0me[0m[0mw[0m[0mU[0m[0mr[0m[0ml[0m[0m([0m[0mU[0m[0mR[0m[0mL[0m[0m.[0m[0mc[0m[0mr[0m[0me[0m[0ma[0m[0mt[0m[0me[0m[0mO[0m[0mb[0m[0mj[0m[0me[0m[0mc[0m[0mt[0m[0mU[0m[0mR[0m[0mL[0m[0m([0m[0mf[0m[0mi[0m[0ml[0m[0me[0m[0m)[0m[0m)[0m[0m;[0m[0m
[0m[0m  [0m[0m
[0m[0m  [0m[0m[1m[34mℹ[0m[0m [0m[0m[34mUnsafe fix: Change to an optional chain.[0m[0m
[0m[0m  [0m[0m
[0m[0m  [0m[0m  [0m[0m[1m 34[0m[0m [0m[0m[1m 34[0m[0m[1m │ [0m[0m [0m[0m [0m[0m	[0m[0mc[0m[0mo[0m[0mn[0m[0ms[0m[0mt[0m[0m [0m[0mh[0m[0ma[0m[0mn[0m[0md[0m[0ml[0m[0me[0m[0mF[0m[0mi[0m[0ml[0m[0me[0m[0mS[0m[0me[0m[0ml[0m[0me[0m[0mc[0m[0mt[0m[0m [0m[0m=[0m[0m [0m[0m([0m[0me[0m[0m:[0m[0m [0m[0mR[0m[0me[0m[0ma[0m[0mc[0m[0mt[0m[0m.[0m[0mC[0m[0mh[0m[0ma[0m[0mn[0m[0mg[0m[0me[0m[0mE[0m[0mv[0m[0me[0m[0mn[0m[0mt[0m[0m<[0m[0mH[0m[0mT[0m[0mM[0m[0mL[0m[0mI[0m[0mn[0m[0mp[0m[0mu[0m[0mt[0m[0mE[0m[0ml[0m[0me[0m[0mm[0m[0me[0m[0mn[0m[0mt[0m[0m>[0m[0m)[0m[0m [0m[0m=[0m[0m>[0m[0m [0m[0m{[0m[0m
[0m[0m  [0m[0m  [0m[0m[1m 35[0m[0m [0m[0m[1m 35[0m[0m[1m │ [0m[0m [0m[0m [0m[0m	[0m[0m	[0m[0mc[0m[0mo[0m[0mn[0m[0ms[0m[0mt[0m[0m [0m[0mf[0m[0mi[0m[0ml[0m[0me[0m[0m [0m[0m=[0m[0m [0m[0me[0m[0m.[0m[0mt[0m[0ma[0m[0mr[0m[0mg[0m[0me[0m[0mt[0m[0m.[0m[0mf[0m[0mi[0m[0ml[0m[0me[0m[0ms[0m[0m?[0m[0m.[0m[0m[[0m[0m0[0m[0m][0m[0m;[0m[0m
[0m[0m  [0m[0m  [0m[0m[1m 36[0m[0m [0m[0m [0m[0m [0m[0m [0m[0m[1m │ [0m[0m[31m-[0m[0m [0m[0m[2m[31m→ [0m[0m[2m[31m→ [0m[0m[31mi[0m[0m[31mf[0m[0m[2m[31m·[0m[0m[31m([0m[0m[31mf[0m[0m[31mi[0m[0m[31ml[0m[0m[31me[0m[0m[1m[2m[31m·[0m[0m[1m[31m&[0m[0m[1m[31m&[0m[0m[1m[2m[31m·[0m[0m[1m[31mf[0m[0m[1m[31mi[0m[0m[1m[31ml[0m[0m[1m[31me[0m[0m[1m[31m.[0m[0m[1m[31mt[0m[0m[1m[31my[0m[0m[1m[31mp[0m[0m[1m[31me[0m[0m[1m[31m.[0m[0m[1m[31ms[0m[0m[1m[31mt[0m[0m[1m[31ma[0m[0m[1m[31mr[0m[0m[1m[31mt[0m[0m[1m[31ms[0m[0m[1m[31mW[0m[0m[1m[31mi[0m[0m[1m[31mt[0m[0m[1m[31mh[0m[0m[31m([0m[0m[31m"[0m[0m[31mi[0m[0m[31mm[0m[0m[31ma[0m[0m[31mg[0m[0m[31me[0m[0m[31m/[0m[0m[31m"[0m[0m[31m)[0m[0m[31m)[0m[0m[2m[31m·[0m[0m[31m{[0m[0m
[0m[0m  [0m[0m  [0m[0m [0m[0m [0m[0m [0m[0m [0m[0m[1m 36[0m[0m[1m │ [0m[0m[32m+[0m[0m [0m[0m[2m[32m→ [0m[0m[2m[32m→ [0m[0m[32mi[0m[0m[32mf[0m[0m[2m[32m·[0m[0m[32m([0m[0m[32mf[0m[0m[32mi[0m[0m[32ml[0m[0m[32me[0m[0m[1m[32m?[0m[0m[1m[32m.[0m[0m[1m[32mt[0m[0m[1m[32my[0m[0m[1m[32mp[0m[0m[1m[32me[0m[0m[1m[32m.[0m[0m[1m[32ms[0m[0m[1m[32mt[0m[0m[1m[32ma[0m[0m[1m[32mr[0m[0m[1m[32mt[0m[0m[1m[32ms[0m[0m[1m[32mW[0m[0m[1m[32mi[0m[0m[1m[32mt[0m[0m[1m[32mh[0m[0m[32m([0m[0m[32m"[0m[0m[32mi[0m[0m[32mm[0m[0m[32ma[0m[0m[32mg[0m[0m[32me[0m[0m[32m/[0m[0m[32m"[0m[0m[32m)[0m[0m[32m)[0m[0m[2m[32m·[0m[0m[32m{[0m[0m
[0m[0m  [0m[0m  [0m[0m[1m 37[0m[0m [0m[0m[1m 37[0m[0m[1m │ [0m[0m [0m[0m [0m[0m	[0m[0m	[0m[0m	[0m[0ms[0m[0me[0m[0mt[0m[0mS[0m[0me[0m[0ml[0m[0me[0m[0mc[0m[0mt[0m[0me[0m[0md[0m[0mF[0m[0mi[0m[0ml[0m[0me[0m[0m([0m[0mf[0m[0mi[0m[0ml[0m[0me[0m[0m)[0m[0m;[0m[0m
[0m[0m  [0m[0m  [0m[0m[1m 38[0m[0m [0m[0m[1m 38[0m[0m[1m │ [0m[0m [0m[0m [0m[0m	[0m[0m	[0m[0m	[0m[0ms[0m[0me[0m[0mt[0m[0mP[0m[0mr[0m[0me[0m[0mv[0m[0mi[0m[0me[0m[0mw[0m[0mU[0m[0mr[0m[0ml[0m[0m([0m[0mU[0m[0mR[0m[0mL[0m[0m.[0m[0mc[0m[0mr[0m[0me[0m[0ma[0m[0mt[0m[0me[0m[0mO[0m[0mb[0m[0mj[0m[0me[0m[0mc[0m[0mt[0m[0mU[0m[0mR[0m[0mL[0m[0m([0m[0mf[0m[0mi[0m[0ml[0m[0me[0m[0m)[0m[0m)[0m[0m;[0m[0m
[0m[0m  [0m[0m
[0m
[0msrc/main.tsx[0m[0m:[0m[0m147[0m[0m:[0m[0m21[0m[0m [0m[0m]8;;https://biomejs.dev/linter/rules/no-non-null-assertion\lint/style/noNonNullAssertion]8;;\[0m[0m [0m[0m━━━━━━━━━━━━━━━━━━━━━━━━━━━━━━━━━━━━━━━━━━━━━━━━━━━━━━━━━━━━━━━━━━━━━━━━━━━━━━━━━━━━━━━━━━━━━━━━━━━━━━━━━━━━━━━━━━━━━━━━━━━━━━━━━━━━━━━━━━━━━━━━━[0m[0m

[0m[0m  [0m[0m[1m[33m⚠[0m[0m [0m[0m[33mForbidden non-null assertion.[0m[0m
[0m[0m  [0m[0m
[0m[0m  [0m[0m  [0m[0m[1m146 │ [0m[0m/[0m[0m/[0m[0m [0m[0mR[0m[0me[0m[0mn[0m[0md[0m[0me[0m[0mr[0m[0m [0m[0mt[0m[0mh[0m[0me[0m[0m [0m[0ma[0m[0mp[0m[0mp[0m[0m
[0m[0m  [0m[0m[1m[31m>[0m[0m [0m[0m[1m147 │ [0m[0mc[0m[0mo[0m[0mn[0m[0ms[0m[0mt[0m[0m [0m[0mr[0m[0mo[0m[0mo[0m[0mt[0m[0mE[0m[0ml[0m[0me[0m[0mm[0m[0me[0m[0mn[0m[0mt[0m[0m [0m[0m=[0m[0m [0m[0md[0m[0mo[0m[0mc[0m[0mu[0m[0mm[0m[0me[0m[0mn[0m[0mt[0m[0m.[0m[0mg[0m[0me[0m[0mt[0m[0mE[0m[0ml[0m[0me[0m[0mm[0m[0me[0m[0mn[0m[0mt[0m[0mB[0m[0my[0m[0mI[0m[0md[0m[0m([0m[0m"[0m[0mr[0m[0mo[0m[0mo[0m[0mt[0m[0m"[0m[0m)[0m[0m![0m[0m;[0m[0m
[0m[0m  [0m[0m [0m[0m [0m[0m [0m[0m[1m   │ [0m[0m [0m[0m [0m[0m [0m[0m [0m[0m [0m[0m [0m[0m [0m[0m [0m[0m [0m[0m [0m[0m [0m[0m [0m[0m [0m[0m [0m[0m [0m[0m [0m[0m [0m[0m [0m[0m [0m[0m [0m[0m[1m[31m^[0m[0m[1m[31m^[0m[0m[1m[31m^[0m[0m[1m[31m^[0m[0m[1m[31m^[0m[0m[1m[31m^[0m[0m[1m[31m^[0m[0m[1m[31m^[0m[0m[1m[31m^[0m[0m[1m[31m^[0m[0m[1m[31m^[0m[0m[1m[31m^[0m[0m[1m[31m^[0m[0m[1m[31m^[0m[0m[1m[31m^[0m[0m[1m[31m^[0m[0m[1m[31m^[0m[0m[1m[31m^[0m[0m[1m[31m^[0m[0m[1m[31m^[0m[0m[1m[31m^[0m[0m[1m[31m^[0m[0m[1m[31m^[0m[0m[1m[31m^[0m[0m[1m[31m^[0m[0m[1m[31m^[0m[0m[1m[31m^[0m[0m[1m[31m^[0m[0m[1m[31m^[0m[0m[1m[31m^[0m[0m[1m[31m^[0m[0m[1m[31m^[0m[0m
[0m[0m  [0m[0m  [0m[0m[1m148 │ [0m[0mi[0m[0mf[0m[0m [0m[0m([0m[0m![0m[0mr[0m[0mo[0m[0mo[0m[0mt[0m[0mE[0m[0ml[0m[0me[0m[0mm[0m[0me[0m[0mn[0m[0mt[0m[0m.[0m[0mi[0m[0mn[0m[0mn[0m[0me[0m[0mr[0m[0mH[0m[0mT[0m[0mM[0m[0mL[0m[0m)[0m[0m [0m[0m{[0m[0m
[0m[0m  [0m[0m  [0m[0m[1m149 │ [0m[0m	[0m[0mc[0m[0mo[0m[0mn[0m[0ms[0m[0mt[0m[0m [0m[0mr[0m[0mo[0m[0mo[0m[0mt[0m[0m [0m[0m=[0m[0m [0m[0mR[0m[0me[0m[0ma[0m[0mc[0m[0mt[0m[0mD[0m[0mO[0m[0mM[0m[0m.[0m[0mc[0m[0mr[0m[0me[0m[0ma[0m[0mt[0m[0me[0m[0mR[0m[0mo[0m[0mo[0m[0mt[0m[0m([0m[0mr[0m[0mo[0m[0mo[0m[0mt[0m[0mE[0m[0ml[0m[0me[0m[0mm[0m[0me[0m[0mn[0m[0mt[0m[0m)[0m[0m;[0m[0m
[0m[0m  [0m[0m
[0m
[0msrc/routeTree.gen.ts[0m[0m:[0m[0m22[0m[0m:[0m[0m6[0m[0m [0m[0m]8;;https://biomejs.dev/linter/rules/no-explicit-any\lint/suspicious/noExplicitAny]8;;\[0m[0m [0m[0m━━━━━━━━━━━━━━━━━━━━━━━━━━━━━━━━━━━━━━━━━━━━━━━━━━━━━━━━━━━━━━━━━━━━━━━━━━━━━━━━━━━━━━━━━━━━━━━━━━━━━━━━━━━━━━━━━━━━━━━━━━━━━━━━━━━━━━━━━━━[0m[0m

[0m[0m  [0m[0m[1m[33m⚠[0m[0m [0m[0m[33mUnexpected [0m[0m[1m[33many[0m[0m[33m. Specify a different type.[0m[0m
[0m[0m  [0m[0m
[0m[0m  [0m[0m  [0m[0m[1m20 │ [0m[0m	[0m[0mi[0m[0md[0m[0m:[0m[0m [0m[0m"[0m[0m/[0m[0m_[0m[0mi[0m[0mn[0m[0md[0m[0me[0m[0mx[0m[0m"[0m[0m,[0m[0m
[0m[0m  [0m[0m  [0m[0m[1m21 │ [0m[0m	[0m[0mg[0m[0me[0m[0mt[0m[0mP[0m[0ma[0m[0mr[0m[0me[0m[0mn[0m[0mt[0m[0mR[0m[0mo[0m[0mu[0m[0mt[0m[0me[0m[0m:[0m[0m [0m[0m([0m[0m)[0m[0m [0m[0m=[0m[0m>[0m[0m [0m[0mr[0m[0mo[0m[0mo[0m[0mt[0m[0mR[0m[0mo[0m[0mu[0m[0mt[0m[0me[0m[0mI[0m[0mm[0m[0mp[0m[0mo[0m[0mr[0m[0mt[0m[0m,[0m[0m
[0m[0m  [0m[0m[1m[31m>[0m[0m [0m[0m[1m22 │ [0m[0m}[0m[0m [0m[0ma[0m[0ms[0m[0m [0m[0ma[0m[0mn[0m[0my[0m[0m)[0m[0m;[0m[0m
[0m[0m  [0m[0m [0m[0m [0m[0m[1m   │ [0m[0m [0m[0m [0m[0m [0m[0m [0m[0m [0m[0m[1m[31m^[0m[0m[1m[31m^[0m[0m[1m[31m^[0m[0m
[0m[0m  [0m[0m  [0m[0m[1m23 │ [0m[0mc[0m[0mo[0m[0mn[0m[0ms[0m[0mt[0m[0m [0m[0mA[0m[0mp[0m[0mp[0m[0mR[0m[0mo[0m[0mu[0m[0mt[0m[0me[0m[0m [0m[0m=[0m[0m [0m[0mA[0m[0mp[0m[0mp[0m[0mR[0m[0mo[0m[0mu[0m[0mt[0m[0me[0m[0mI[0m[0mm[0m[0mp[0m[0mo[0m[0mr[0m[0mt[0m[0m.[0m[0mu[0m[0mp[0m[0md[0m[0ma[0m[0mt[0m[0me[0m[0m([0m[0m{[0m[0m
[0m[0m  [0m[0m  [0m[0m[1m24 │ [0m[0m	[0m[0mi[0m[0md[0m[0m:[0m[0m [0m[0m"[0m[0m/[0m[0m_[0m[0ma[0m[0mp[0m[0mp[0m[0m"[0m[0m,[0m[0m
[0m[0m  [0m[0m
[0m[0m  [0m[0m[1m[34mℹ[0m[0m [0m[0m[1m[34many[0m[0m[34m disables many type checking rules. Its use should be avoided.[0m[0m
[0m[0m  [0m[0m
[0m
[0msrc/routeTree.gen.ts[0m[0m:[0m[0m26[0m[0m:[0m[0m6[0m[0m [0m[0m]8;;https://biomejs.dev/linter/rules/no-explicit-any\lint/suspicious/noExplicitAny]8;;\[0m[0m [0m[0m━━━━━━━━━━━━━━━━━━━━━━━━━━━━━━━━━━━━━━━━━━━━━━━━━━━━━━━━━━━━━━━━━━━━━━━━━━━━━━━━━━━━━━━━━━━━━━━━━━━━━━━━━━━━━━━━━━━━━━━━━━━━━━━━━━━━━━━━━━━[0m[0m

[0m[0m  [0m[0m[1m[33m⚠[0m[0m [0m[0m[33mUnexpected [0m[0m[1m[33many[0m[0m[33m. Specify a different type.[0m[0m
[0m[0m  [0m[0m
[0m[0m  [0m[0m  [0m[0m[1m24 │ [0m[0m	[0m[0mi[0m[0md[0m[0m:[0m[0m [0m[0m"[0m[0m/[0m[0m_[0m[0ma[0m[0mp[0m[0mp[0m[0m"[0m[0m,[0m[0m
[0m[0m  [0m[0m  [0m[0m[1m25 │ [0m[0m	[0m[0mg[0m[0me[0m[0mt[0m[0mP[0m[0ma[0m[0mr[0m[0me[0m[0mn[0m[0mt[0m[0mR[0m[0mo[0m[0mu[0m[0mt[0m[0me[0m[0m:[0m[0m [0m[0m([0m[0m)[0m[0m [0m[0m=[0m[0m>[0m[0m [0m[0mr[0m[0mo[0m[0mo[0m[0mt[0m[0mR[0m[0mo[0m[0mu[0m[0mt[0m[0me[0m[0mI[0m[0mm[0m[0mp[0m[0mo[0m[0mr[0m[0mt[0m[0m,[0m[0m
[0m[0m  [0m[0m[1m[31m>[0m[0m [0m[0m[1m26 │ [0m[0m}[0m[0m [0m[0ma[0m[0ms[0m[0m [0m[0ma[0m[0mn[0m[0my[0m[0m)[0m[0m;[0m[0m
[0m[0m  [0m[0m [0m[0m [0m[0m[1m   │ [0m[0m [0m[0m [0m[0m [0m[0m [0m[0m [0m[0m[1m[31m^[0m[0m[1m[31m^[0m[0m[1m[31m^[0m[0m
[0m[0m  [0m[0m  [0m[0m[1m27 │ [0m[0mc[0m[0mo[0m[0mn[0m[0ms[0m[0mt[0m[0m [0m[0mA[0m[0mp[0m[0mp[0m[0mN[0m[0mo[0m[0mt[0m[0mi[0m[0mf[0m[0mi[0m[0mc[0m[0ma[0m[0mt[0m[0mi[0m[0mo[0m[0mn[0m[0ms[0m[0mR[0m[0mo[0m[0mu[0m[0mt[0m[0me[0m[0m [0m[0m=[0m[0m [0m[0mA[0m[0mp[0m[0mp[0m[0mN[0m[0mo[0m[0mt[0m[0mi[0m[0mf[0m[0mi[0m[0mc[0m[0ma[0m[0mt[0m[0mi[0m[0mo[0m[0mn[0m[0ms[0m[0mR[0m[0mo[0m[0mu[0m[0mt[0m[0me[0m[0mI[0m[0mm[0m[0mp[0m[0mo[0m[0mr[0m[0mt[0m[0m.[0m[0mu[0m[0mp[0m[0md[0m[0ma[0m[0mt[0m[0me[0m[0m([0m[0m{[0m[0m
[0m[0m  [0m[0m  [0m[0m[1m28 │ [0m[0m	[0m[0mi[0m[0md[0m[0m:[0m[0m [0m[0m"[0m[0m/[0m[0mn[0m[0mo[0m[0mt[0m[0mi[0m[0mf[0m[0mi[0m[0mc[0m[0ma[0m[0mt[0m[0mi[0m[0mo[0m[0mn[0m[0ms[0m[0m"[0m[0m,[0m[0m
[0m[0m  [0m[0m
[0m[0m  [0m[0m[1m[34mℹ[0m[0m [0m[0m[1m[34many[0m[0m[34m disables many type checking rules. Its use should be avoided.[0m[0m
[0m[0m  [0m[0m
[0m
[0msrc/routeTree.gen.ts[0m[0m:[0m[0m31[0m[0m:[0m[0m6[0m[0m [0m[0m]8;;https://biomejs.dev/linter/rules/no-explicit-any\lint/suspicious/noExplicitAny]8;;\[0m[0m [0m[0m━━━━━━━━━━━━━━━━━━━━━━━━━━━━━━━━━━━━━━━━━━━━━━━━━━━━━━━━━━━━━━━━━━━━━━━━━━━━━━━━━━━━━━━━━━━━━━━━━━━━━━━━━━━━━━━━━━━━━━━━━━━━━━━━━━━━━━━━━━━[0m[0m

[0m[0m  [0m[0m[1m[33m⚠[0m[0m [0m[0m[33mUnexpected [0m[0m[1m[33many[0m[0m[33m. Specify a different type.[0m[0m
[0m[0m  [0m[0m
[0m[0m  [0m[0m  [0m[0m[1m29 │ [0m[0m	[0m[0mp[0m[0ma[0m[0mt[0m[0mh[0m[0m:[0m[0m [0m[0m"[0m[0m/[0m[0mn[0m[0mo[0m[0mt[0m[0mi[0m[0mf[0m[0mi[0m[0mc[0m[0ma[0m[0mt[0m[0mi[0m[0mo[0m[0mn[0m[0ms[0m[0m"[0m[0m,[0m[0m
[0m[0m  [0m[0m  [0m[0m[1m30 │ [0m[0m	[0m[0mg[0m[0me[0m[0mt[0m[0mP[0m[0ma[0m[0mr[0m[0me[0m[0mn[0m[0mt[0m[0mR[0m[0mo[0m[0mu[0m[0mt[0m[0me[0m[0m:[0m[0m [0m[0m([0m[0m)[0m[0m [0m[0m=[0m[0m>[0m[0m [0m[0mA[0m[0mp[0m[0mp[0m[0mR[0m[0mo[0m[0mu[0m[0mt[0m[0me[0m[0m,[0m[0m
[0m[0m  [0m[0m[1m[31m>[0m[0m [0m[0m[1m31 │ [0m[0m}[0m[0m [0m[0ma[0m[0ms[0m[0m [0m[0ma[0m[0mn[0m[0my[0m[0m)[0m[0m;[0m[0m
[0m[0m  [0m[0m [0m[0m [0m[0m[1m   │ [0m[0m [0m[0m [0m[0m [0m[0m [0m[0m [0m[0m[1m[31m^[0m[0m[1m[31m^[0m[0m[1m[31m^[0m[0m
[0m[0m  [0m[0m  [0m[0m[1m32 │ [0m[0mc[0m[0mo[0m[0mn[0m[0ms[0m[0mt[0m[0m [0m[0mA[0m[0mp[0m[0mp[0m[0mM[0m[0me[0m[0ms[0m[0ms[0m[0me[0m[0mg[0m[0me[0m[0ms[0m[0mR[0m[0mo[0m[0mu[0m[0mt[0m[0me[0m[0m [0m[0m=[0m[0m [0m[0mA[0m[0mp[0m[0mp[0m[0mM[0m[0me[0m[0ms[0m[0ms[0m[0me[0m[0mg[0m[0me[0m[0ms[0m[0mR[0m[0mo[0m[0mu[0m[0mt[0m[0me[0m[0mI[0m[0mm[0m[0mp[0m[0mo[0m[0mr[0m[0mt[0m[0m.[0m[0mu[0m[0mp[0m[0md[0m[0ma[0m[0mt[0m[0me[0m[0m([0m[0m{[0m[0m
[0m[0m  [0m[0m  [0m[0m[1m33 │ [0m[0m	[0m[0mi[0m[0md[0m[0m:[0m[0m [0m[0m"[0m[0m/[0m[0mm[0m[0me[0m[0ms[0m[0ms[0m[0me[0m[0mg[0m[0me[0m[0ms[0m[0m"[0m[0m,[0m[0m
[0m[0m  [0m[0m
[0m[0m  [0m[0m[1m[34mℹ[0m[0m [0m[0m[1m[34many[0m[0m[34m disables many type checking rules. Its use should be avoided.[0m[0m
[0m[0m  [0m[0m
[0m
[0msrc/routeTree.gen.ts[0m[0m:[0m[0m36[0m[0m:[0m[0m6[0m[0m [0m[0m]8;;https://biomejs.dev/linter/rules/no-explicit-any\lint/suspicious/noExplicitAny]8;;\[0m[0m [0m[0m━━━━━━━━━━━━━━━━━━━━━━━━━━━━━━━━━━━━━━━━━━━━━━━━━━━━━━━━━━━━━━━━━━━━━━━━━━━━━━━━━━━━━━━━━━━━━━━━━━━━━━━━━━━━━━━━━━━━━━━━━━━━━━━━━━━━━━━━━━━[0m[0m

[0m[0m  [0m[0m[1m[33m⚠[0m[0m [0m[0m[33mUnexpected [0m[0m[1m[33many[0m[0m[33m. Specify a different type.[0m[0m
[0m[0m  [0m[0m
[0m[0m  [0m[0m  [0m[0m[1m34 │ [0m[0m	[0m[0mp[0m[0ma[0m[0mt[0m[0mh[0m[0m:[0m[0m [0m[0m"[0m[0m/[0m[0mm[0m[0me[0m[0ms[0m[0ms[0m[0me[0m[0mg[0m[0me[0m[0ms[0m[0m"[0m[0m,[0m[0m
[0m[0m  [0m[0m  [0m[0m[1m35 │ [0m[0m	[0m[0mg[0m[0me[0m[0mt[0m[0mP[0m[0ma[0m[0mr[0m[0me[0m[0mn[0m[0mt[0m[0mR[0m[0mo[0m[0mu[0m[0mt[0m[0me[0m[0m:[0m[0m [0m[0m([0m[0m)[0m[0m [0m[0m=[0m[0m>[0m[0m [0m[0mA[0m[0mp[0m[0mp[0m[0mR[0m[0mo[0m[0mu[0m[0mt[0m[0me[0m[0m,[0m[0m
[0m[0m  [0m[0m[1m[31m>[0m[0m [0m[0m[1m36 │ [0m[0m}[0m[0m [0m[0ma[0m[0ms[0m[0m [0m[0ma[0m[0mn[0m[0my[0m[0m)[0m[0m;[0m[0m
[0m[0m  [0m[0m [0m[0m [0m[0m[1m   │ [0m[0m [0m[0m [0m[0m [0m[0m [0m[0m [0m[0m[1m[31m^[0m[0m[1m[31m^[0m[0m[1m[31m^[0m[0m
[0m[0m  [0m[0m  [0m[0m[1m37 │ [0m[0mc[0m[0mo[0m[0mn[0m[0ms[0m[0mt[0m[0m [0m[0mA[0m[0mp[0m[0mp[0m[0mF[0m[0me[0m[0me[0m[0md[0m[0mR[0m[0mo[0m[0mu[0m[0mt[0m[0me[0m[0m [0m[0m=[0m[0m [0m[0mA[0m[0mp[0m[0mp[0m[0mF[0m[0me[0m[0me[0m[0md[0m[0mR[0m[0mo[0m[0mu[0m[0mt[0m[0me[0m[0mI[0m[0mm[0m[0mp[0m[0mo[0m[0mr[0m[0mt[0m[0m.[0m[0mu[0m[0mp[0m[0md[0m[0ma[0m[0mt[0m[0me[0m[0m([0m[0m{[0m[0m
[0m[0m  [0m[0m  [0m[0m[1m38 │ [0m[0m	[0m[0mi[0m[0md[0m[0m:[0m[0m [0m[0m"[0m[0m/[0m[0mf[0m[0me[0m[0me[0m[0md[0m[0m"[0m[0m,[0m[0m
[0m[0m  [0m[0m
[0m[0m  [0m[0m[1m[34mℹ[0m[0m [0m[0m[1m[34many[0m[0m[34m disables many type checking rules. Its use should be avoided.[0m[0m
[0m[0m  [0m[0m
[0m
[0msrc/routeTree.gen.ts[0m[0m:[0m[0m41[0m[0m:[0m[0m6[0m[0m [0m[0m]8;;https://biomejs.dev/linter/rules/no-explicit-any\lint/suspicious/noExplicitAny]8;;\[0m[0m [0m[0m━━━━━━━━━━━━━━━━━━━━━━━━━━━━━━━━━━━━━━━━━━━━━━━━━━━━━━━━━━━━━━━━━━━━━━━━━━━━━━━━━━━━━━━━━━━━━━━━━━━━━━━━━━━━━━━━━━━━━━━━━━━━━━━━━━━━━━━━━━━[0m[0m

[0m[0m  [0m[0m[1m[33m⚠[0m[0m [0m[0m[33mUnexpected [0m[0m[1m[33many[0m[0m[33m. Specify a different type.[0m[0m
[0m[0m  [0m[0m
[0m[0m  [0m[0m  [0m[0m[1m39 │ [0m[0m	[0m[0mp[0m[0ma[0m[0mt[0m[0mh[0m[0m:[0m[0m [0m[0m"[0m[0m/[0m[0mf[0m[0me[0m[0me[0m[0md[0m[0m"[0m[0m,[0m[0m
[0m[0m  [0m[0m  [0m[0m[1m40 │ [0m[0m	[0m[0mg[0m[0me[0m[0mt[0m[0mP[0m[0ma[0m[0mr[0m[0me[0m[0mn[0m[0mt[0m[0mR[0m[0mo[0m[0mu[0m[0mt[0m[0me[0m[0m:[0m[0m [0m[0m([0m[0m)[0m[0m [0m[0m=[0m[0m>[0m[0m [0m[0mA[0m[0mp[0m[0mp[0m[0mR[0m[0mo[0m[0mu[0m[0mt[0m[0me[0m[0m,[0m[0m
[0m[0m  [0m[0m[1m[31m>[0m[0m [0m[0m[1m41 │ [0m[0m}[0m[0m [0m[0ma[0m[0ms[0m[0m [0m[0ma[0m[0mn[0m[0my[0m[0m)[0m[0m;[0m[0m
[0m[0m  [0m[0m [0m[0m [0m[0m[1m   │ [0m[0m [0m[0m [0m[0m [0m[0m [0m[0m [0m[0m[1m[31m^[0m[0m[1m[31m^[0m[0m[1m[31m^[0m[0m
[0m[0m  [0m[0m  [0m[0m[1m42 │ [0m[0mc[0m[0mo[0m[0mn[0m[0ms[0m[0mt[0m[0m [0m[0mA[0m[0mp[0m[0mp[0m[0mC[0m[0mo[0m[0mn[0m[0mn[0m[0me[0m[0mc[0m[0mt[0m[0mi[0m[0mo[0m[0mn[0m[0ms[0m[0mR[0m[0mo[0m[0mu[0m[0mt[0m[0me[0m[0m [0m[0m=[0m[0m [0m[0mA[0m[0mp[0m[0mp[0m[0mC[0m[0mo[0m[0mn[0m[0mn[0m[0me[0m[0mc[0m[0mt[0m[0mi[0m[0mo[0m[0mn[0m[0ms[0m[0mR[0m[0mo[0m[0mu[0m[0mt[0m[0me[0m[0mI[0m[0mm[0m[0mp[0m[0mo[0m[0mr[0m[0mt[0m[0m.[0m[0mu[0m[0mp[0m[0md[0m[0ma[0m[0mt[0m[0me[0m[0m([0m[0m{[0m[0m
[0m[0m  [0m[0m  [0m[0m[1m43 │ [0m[0m	[0m[0mi[0m[0md[0m[0m:[0m[0m [0m[0m"[0m[0m/[0m[0mc[0m[0mo[0m[0mn[0m[0mn[0m[0me[0m[0mc[0m[0mt[0m[0mi[0m[0mo[0m[0mn[0m[0ms[0m[0m"[0m[0m,[0m[0m
[0m[0m  [0m[0m
[0m[0m  [0m[0m[1m[34mℹ[0m[0m [0m[0m[1m[34many[0m[0m[34m disables many type checking rules. Its use should be avoided.[0m[0m
[0m[0m  [0m[0m
[0m
[0msrc/routeTree.gen.ts[0m[0m:[0m[0m46[0m[0m:[0m[0m6[0m[0m [0m[0m]8;;https://biomejs.dev/linter/rules/no-explicit-any\lint/suspicious/noExplicitAny]8;;\[0m[0m [0m[0m━━━━━━━━━━━━━━━━━━━━━━━━━━━━━━━━━━━━━━━━━━━━━━━━━━━━━━━━━━━━━━━━━━━━━━━━━━━━━━━━━━━━━━━━━━━━━━━━━━━━━━━━━━━━━━━━━━━━━━━━━━━━━━━━━━━━━━━━━━━[0m[0m

[0m[0m  [0m[0m[1m[33m⚠[0m[0m [0m[0m[33mUnexpected [0m[0m[1m[33many[0m[0m[33m. Specify a different type.[0m[0m
[0m[0m  [0m[0m
[0m[0m  [0m[0m  [0m[0m[1m44 │ [0m[0m	[0m[0mp[0m[0ma[0m[0mt[0m[0mh[0m[0m:[0m[0m [0m[0m"[0m[0m/[0m[0mc[0m[0mo[0m[0mn[0m[0mn[0m[0me[0m[0mc[0m[0mt[0m[0mi[0m[0mo[0m[0mn[0m[0ms[0m[0m"[0m[0m,[0m[0m
[0m[0m  [0m[0m  [0m[0m[1m45 │ [0m[0m	[0m[0mg[0m[0me[0m[0mt[0m[0mP[0m[0ma[0m[0mr[0m[0me[0m[0mn[0m[0mt[0m[0mR[0m[0mo[0m[0mu[0m[0mt[0m[0me[0m[0m:[0m[0m [0m[0m([0m[0m)[0m[0m [0m[0m=[0m[0m>[0m[0m [0m[0mA[0m[0mp[0m[0mp[0m[0mR[0m[0mo[0m[0mu[0m[0mt[0m[0me[0m[0m,[0m[0m
[0m[0m  [0m[0m[1m[31m>[0m[0m [0m[0m[1m46 │ [0m[0m}[0m[0m [0m[0ma[0m[0ms[0m[0m [0m[0ma[0m[0mn[0m[0my[0m[0m)[0m[0m;[0m[0m
[0m[0m  [0m[0m [0m[0m [0m[0m[1m   │ [0m[0m [0m[0m [0m[0m [0m[0m [0m[0m [0m[0m[1m[31m^[0m[0m[1m[31m^[0m[0m[1m[31m^[0m[0m
[0m[0m  [0m[0m  [0m[0m[1m47 │ [0m[0m
[0m[0m  [0m[0m  [0m[0m[1m48 │ [0m[0me[0m[0mx[0m[0mp[0m[0mo[0m[0mr[0m[0mt[0m[0m [0m[0mi[0m[0mn[0m[0mt[0m[0me[0m[0mr[0m[0mf[0m[0ma[0m[0mc[0m[0me[0m[0m [0m[0mF[0m[0mi[0m[0ml[0m[0me[0m[0mR[0m[0mo[0m[0mu[0m[0mt[0m[0me[0m[0ms[0m[0mB[0m[0my[0m[0mF[0m[0mu[0m[0ml[0m[0ml[0m[0mP[0m[0ma[0m[0mt[0m[0mh[0m[0m [0m[0m{[0m[0m
[0m[0m  [0m[0m
[0m[0m  [0m[0m[1m[34mℹ[0m[0m [0m[0m[1m[34many[0m[0m[34m disables many type checking rules. Its use should be avoided.[0m[0m
[0m[0m  [0m[0m
[0m
[0msrc/styles/animations.css[0m[0m:[0m[0m38[0m[0m:[0m[0m30[0m[0m [0m[0m]8;;https://biomejs.dev/linter/rules/no-important-styles\lint/complexity/noImportantStyles]8;;\[0m[0m [0m[0m[30m[47m FIXABLE [0m[0m [0m[0m━━━━━━━━━━━━━━━━━━━━━━━━━━━━━━━━━━━━━━━━━━━━━━━━━━━━━━━━━━━━━━━━━━━━━━━━━━━━━━━━━━━━━━━━━━━━━━━━━━━━━━━━━━━━━━━━━━━━━━━[0m[0m

[0m[0m  [0m[0m[1m[33m⚠[0m[0m [0m[0m[33mAvoid the use of the [0m[0m[1m[33m!important[0m[0m[33m style.[0m[0m
[0m[0m  [0m[0m
[0m[0m  [0m[0m  [0m[0m[1m36 │ [0m[0m	[0m[0m*[0m[0m:[0m[0m:[0m[0mb[0m[0me[0m[0mf[0m[0mo[0m[0mr[0m[0me[0m[0m,[0m[0m
[0m[0m  [0m[0m  [0m[0m[1m37 │ [0m[0m	[0m[0m*[0m[0m:[0m[0m:[0m[0ma[0m[0mf[0m[0mt[0m[0me[0m[0mr[0m[0m [0m[0m{[0m[0m
[0m[0m  [0m[0m[1m[31m>[0m[0m [0m[0m[1m38 │ [0m[0m	[0m[0m	[0m[0ma[0m[0mn[0m[0mi[0m[0mm[0m[0ma[0m[0mt[0m[0mi[0m[0mo[0m[0mn[0m[0m-[0m[0md[0m[0mu[0m[0mr[0m[0ma[0m[0mt[0m[0mi[0m[0mo[0m[0mn[0m[0m:[0m[0m [0m[0m0[0m[0m.[0m[0m0[0m[0m1[0m[0mm[0m[0ms[0m[0m [0m[0m![0m[0mi[0m[0mm[0m[0mp[0m[0mo[0m[0mr[0m[0mt[0m[0ma[0m[0mn[0m[0mt[0m[0m;[0m[0m
[0m[0m  [0m[0m [0m[0m [0m[0m[1m   │ [0m[0m	[0m[0m	[0m[0m [0m[0m [0m[0m [0m[0m [0m[0m [0m[0m [0m[0m [0m[0m [0m[0m [0m[0m [0m[0m [0m[0m [0m[0m [0m[0m [0m[0m [0m[0m [0m[0m [0m[0m [0m[0m [0m[0m [0m[0m [0m[0m [0m[0m [0m[0m [0m[0m [0m[0m [0m[0m [0m[0m[1m[31m^[0m[0m[1m[31m^[0m[0m[1m[31m^[0m[0m[1m[31m^[0m[0m[1m[31m^[0m[0m[1m[31m^[0m[0m[1m[31m^[0m[0m[1m[31m^[0m[0m[1m[31m^[0m[0m[1m[31m^[0m[0m
[0m[0m  [0m[0m  [0m[0m[1m39 │ [0m[0m	[0m[0m	[0m[0ma[0m[0mn[0m[0mi[0m[0mm[0m[0ma[0m[0mt[0m[0mi[0m[0mo[0m[0mn[0m[0m-[0m[0mi[0m[0mt[0m[0me[0m[0mr[0m[0ma[0m[0mt[0m[0mi[0m[0mo[0m[0mn[0m[0m-[0m[0mc[0m[0mo[0m[0mu[0m[0mn[0m[0mt[0m[0m:[0m[0m [0m[0m1[0m[0m [0m[0m![0m[0mi[0m[0mm[0m[0mp[0m[0mo[0m[0mr[0m[0mt[0m[0ma[0m[0mn[0m[0mt[0m[0m;[0m[0m
[0m[0m  [0m[0m  [0m[0m[1m40 │ [0m[0m	[0m[0m	[0m[0mt[0m[0mr[0m[0ma[0m[0mn[0m[0ms[0m[0mi[0m[0mt[0m[0mi[0m[0mo[0m[0mn[0m[0m-[0m[0md[0m[0mu[0m[0mr[0m[0ma[0m[0mt[0m[0mi[0m[0mo[0m[0mn[0m[0m:[0m[0m [0m[0m0[0m[0m.[0m[0m0[0m[0m1[0m[0mm[0m[0ms[0m[0m [0m[0m![0m[0mi[0m[0mm[0m[0mp[0m[0mo[0m[0mr[0m[0mt[0m[0ma[0m[0mn[0m[0mt[0m[0m;[0m[0m
[0m[0m  [0m[0m
[0m[0m  [0m[0m[1m[34mℹ[0m[0m [0m[0m[34mThis style reverses the cascade logic, and precedence is reversed. This could lead to having styles with higher specificity being overridden by styles with lower specificity.[0m[0m
[0m[0m  [0m[0m
[0m[0m  [0m[0m[1m[34mℹ[0m[0m [0m[0m[34mUnsafe fix: Remove the style.[0m[0m
[0m[0m  [0m[0m
[0m[0m  [0m[0m[1m  38 │ [0m[0m[2m→ [0m[0m[2m→ [0m[0ma[0m[0mn[0m[0mi[0m[0mm[0m[0ma[0m[0mt[0m[0mi[0m[0mo[0m[0mn[0m[0m-[0m[0md[0m[0mu[0m[0mr[0m[0ma[0m[0mt[0m[0mi[0m[0mo[0m[0mn[0m[0m:[0m[0m[2m·[0m[0m0[0m[0m.[0m[0m0[0m[0m1[0m[0mm[0m[0ms[0m[0m[2m[31m·[0m[0m[31m![0m[0m[31mi[0m[0m[31mm[0m[0m[31mp[0m[0m[31mo[0m[0m[31mr[0m[0m[31mt[0m[0m[31ma[0m[0m[31mn[0m[0m[31mt[0m[0m;[0m[0m
[0m[0m  [0m[0m[1m     │ [0m[0m [0m[0m [0m[0m [0m[0m [0m[0m [0m[0m [0m[0m [0m[0m [0m[0m [0m[0m [0m[0m [0m[0m [0m[0m [0m[0m [0m[0m [0m[0m [0m[0m [0m[0m [0m[0m [0m[0m [0m[0m [0m[0m [0m[0m [0m[0m [0m[0m [0m[0m [0m[0m [0m[0m [0m[0m [0m[0m [0m[0m[31m-[0m[0m[31m-[0m[0m[31m-[0m[0m[31m-[0m[0m[31m-[0m[0m[31m-[0m[0m[31m-[0m[0m[31m-[0m[0m[31m-[0m[0m[31m-[0m[0m[31m-[0m[0m [0m[0m
[0m
[0msrc/styles/animations.css[0m[0m:[0m[0m39[0m[0m:[0m[0m32[0m[0m [0m[0m]8;;https://biomejs.dev/linter/rules/no-important-styles\lint/complexity/noImportantStyles]8;;\[0m[0m [0m[0m[30m[47m FIXABLE [0m[0m [0m[0m━━━━━━━━━━━━━━━━━━━━━━━━━━━━━━━━━━━━━━━━━━━━━━━━━━━━━━━━━━━━━━━━━━━━━━━━━━━━━━━━━━━━━━━━━━━━━━━━━━━━━━━━━━━━━━━━━━━━━━━[0m[0m

[0m[0m  [0m[0m[1m[33m⚠[0m[0m [0m[0m[33mAvoid the use of the [0m[0m[1m[33m!important[0m[0m[33m style.[0m[0m
[0m[0m  [0m[0m
[0m[0m  [0m[0m  [0m[0m[1m37 │ [0m[0m	[0m[0m*[0m[0m:[0m[0m:[0m[0ma[0m[0mf[0m[0mt[0m[0me[0m[0mr[0m[0m [0m[0m{[0m[0m
[0m[0m  [0m[0m  [0m[0m[1m38 │ [0m[0m	[0m[0m	[0m[0ma[0m[0mn[0m[0mi[0m[0mm[0m[0ma[0m[0mt[0m[0mi[0m[0mo[0m[0mn[0m[0m-[0m[0md[0m[0mu[0m[0mr[0m[0ma[0m[0mt[0m[0mi[0m[0mo[0m[0mn[0m[0m:[0m[0m [0m[0m0[0m[0m.[0m[0m0[0m[0m1[0m[0mm[0m[0ms[0m[0m [0m[0m![0m[0mi[0m[0mm[0m[0mp[0m[0mo[0m[0mr[0m[0mt[0m[0ma[0m[0mn[0m[0mt[0m[0m;[0m[0m
[0m[0m  [0m[0m[1m[31m>[0m[0m [0m[0m[1m39 │ [0m[0m	[0m[0m	[0m[0ma[0m[0mn[0m[0mi[0m[0mm[0m[0ma[0m[0mt[0m[0mi[0m[0mo[0m[0mn[0m[0m-[0m[0mi[0m[0mt[0m[0me[0m[0mr[0m[0ma[0m[0mt[0m[0mi[0m[0mo[0m[0mn[0m[0m-[0m[0mc[0m[0mo[0m[0mu[0m[0mn[0m[0mt[0m[0m:[0m[0m [0m[0m1[0m[0m [0m[0m![0m[0mi[0m[0mm[0m[0mp[0m[0mo[0m[0mr[0m[0mt[0m[0ma[0m[0mn[0m[0mt[0m[0m;[0m[0m
[0m[0m  [0m[0m [0m[0m [0m[0m[1m   │ [0m[0m	[0m[0m	[0m[0m [0m[0m [0m[0m [0m[0m [0m[0m [0m[0m [0m[0m [0m[0m [0m[0m [0m[0m [0m[0m [0m[0m [0m[0m [0m[0m [0m[0m [0m[0m [0m[0m [0m[0m [0m[0m [0m[0m [0m[0m [0m[0m [0m[0m [0m[0m [0m[0m [0m[0m [0m[0m [0m[0m [0m[0m [0m[0m[1m[31m^[0m[0m[1m[31m^[0m[0m[1m[31m^[0m[0m[1m[31m^[0m[0m[1m[31m^[0m[0m[1m[31m^[0m[0m[1m[31m^[0m[0m[1m[31m^[0m[0m[1m[31m^[0m[0m[1m[31m^[0m[0m
[0m[0m  [0m[0m  [0m[0m[1m40 │ [0m[0m	[0m[0m	[0m[0mt[0m[0mr[0m[0ma[0m[0mn[0m[0ms[0m[0mi[0m[0mt[0m[0mi[0m[0mo[0m[0mn[0m[0m-[0m[0md[0m[0mu[0m[0mr[0m[0ma[0m[0mt[0m[0mi[0m[0mo[0m[0mn[0m[0m:[0m[0m [0m[0m0[0m[0m.[0m[0m0[0m[0m1[0m[0mm[0m[0ms[0m[0m [0m[0m![0m[0mi[0m[0mm[0m[0mp[0m[0mo[0m[0mr[0m[0mt[0m[0ma[0m[0mn[0m[0mt[0m[0m;[0m[0m
[0m[0m  [0m[0m  [0m[0m[1m41 │ [0m[0m	[0m[0m}[0m[0m
[0m[0m  [0m[0m
[0m[0m  [0m[0m[1m[34mℹ[0m[0m [0m[0m[34mThis style reverses the cascade logic, and precedence is reversed. This could lead to having styles with higher specificity being overridden by styles with lower specificity.[0m[0m
[0m[0m  [0m[0m
[0m[0m  [0m[0m[1m[34mℹ[0m[0m [0m[0m[34mUnsafe fix: Remove the style.[0m[0m
[0m[0m  [0m[0m
[0m[0m  [0m[0m[1m  39 │ [0m[0m[2m→ [0m[0m[2m→ [0m[0ma[0m[0mn[0m[0mi[0m[0mm[0m[0ma[0m[0mt[0m[0mi[0m[0mo[0m[0mn[0m[0m-[0m[0mi[0m[0mt[0m[0me[0m[0mr[0m[0ma[0m[0mt[0m[0mi[0m[0mo[0m[0mn[0m[0m-[0m[0mc[0m[0mo[0m[0mu[0m[0mn[0m[0mt[0m[0m:[0m[0m[2m·[0m[0m1[0m[0m[2m[31m·[0m[0m[31m![0m[0m[31mi[0m[0m[31mm[0m[0m[31mp[0m[0m[31mo[0m[0m[31mr[0m[0m[31mt[0m[0m[31ma[0m[0m[31mn[0m[0m[31mt[0m[0m;[0m[0m
[0m[0m  [0m[0m[1m     │ [0m[0m [0m[0m [0m[0m [0m[0m [0m[0m [0m[0m [0m[0m [0m[0m [0m[0m [0m[0m [0m[0m [0m[0m [0m[0m [0m[0m [0m[0m [0m[0m [0m[0m [0m[0m [0m[0m [0m[0m [0m[0m [0m[0m [0m[0m [0m[0m [0m[0m [0m[0m [0m[0m [0m[0m [0m[0m [0m[0m [0m[0m [0m[0m [0m[0m[31m-[0m[0m[31m-[0m[0m[31m-[0m[0m[31m-[0m[0m[31m-[0m[0m[31m-[0m[0m[31m-[0m[0m[31m-[0m[0m[31m-[0m[0m[31m-[0m[0m[31m-[0m[0m [0m[0m
[0m
[0msrc/styles/animations.css[0m[0m:[0m[0m40[0m[0m:[0m[0m31[0m[0m [0m[0m]8;;https://biomejs.dev/linter/rules/no-important-styles\lint/complexity/noImportantStyles]8;;\[0m[0m [0m[0m[30m[47m FIXABLE [0m[0m [0m[0m━━━━━━━━━━━━━━━━━━━━━━━━━━━━━━━━━━━━━━━━━━━━━━━━━━━━━━━━━━━━━━━━━━━━━━━━━━━━━━━━━━━━━━━━━━━━━━━━━━━━━━━━━━━━━━━━━━━━━━━[0m[0m

[0m[0m  [0m[0m[1m[33m⚠[0m[0m [0m[0m[33mAvoid the use of the [0m[0m[1m[33m!important[0m[0m[33m style.[0m[0m
[0m[0m  [0m[0m
[0m[0m  [0m[0m  [0m[0m[1m38 │ [0m[0m	[0m[0m	[0m[0ma[0m[0mn[0m[0mi[0m[0mm[0m[0ma[0m[0mt[0m[0mi[0m[0mo[0m[0mn[0m[0m-[0m[0md[0m[0mu[0m[0mr[0m[0ma[0m[0mt[0m[0mi[0m[0mo[0m[0mn[0m[0m:[0m[0m [0m[0m0[0m[0m.[0m[0m0[0m[0m1[0m[0mm[0m[0ms[0m[0m [0m[0m![0m[0mi[0m[0mm[0m[0mp[0m[0mo[0m[0mr[0m[0mt[0m[0ma[0m[0mn[0m[0mt[0m[0m;[0m[0m
[0m[0m  [0m[0m  [0m[0m[1m39 │ [0m[0m	[0m[0m	[0m[0ma[0m[0mn[0m[0mi[0m[0mm[0m[0ma[0m[0mt[0m[0mi[0m[0mo[0m[0mn[0m[0m-[0m[0mi[0m[0mt[0m[0me[0m[0mr[0m[0ma[0m[0mt[0m[0mi[0m[0mo[0m[0mn[0m[0m-[0m[0mc[0m[0mo[0m[0mu[0m[0mn[0m[0mt[0m[0m:[0m[0m [0m[0m1[0m[0m [0m[0m![0m[0mi[0m[0mm[0m[0mp[0m[0mo[0m[0mr[0m[0mt[0m[0ma[0m[0mn[0m[0mt[0m[0m;[0m[0m
[0m[0m  [0m[0m[1m[31m>[0m[0m [0m[0m[1m40 │ [0m[0m	[0m[0m	[0m[0mt[0m[0mr[0m[0ma[0m[0mn[0m[0ms[0m[0mi[0m[0mt[0m[0mi[0m[0mo[0m[0mn[0m[0m-[0m[0md[0m[0mu[0m[0mr[0m[0ma[0m[0mt[0m[0mi[0m[0mo[0m[0mn[0m[0m:[0m[0m [0m[0m0[0m[0m.[0m[0m0[0m[0m1[0m[0mm[0m[0ms[0m[0m [0m[0m![0m[0mi[0m[0mm[0m[0mp[0m[0mo[0m[0mr[0m[0mt[0m[0ma[0m[0mn[0m[0mt[0m[0m;[0m[0m
[0m[0m  [0m[0m [0m[0m [0m[0m[1m   │ [0m[0m	[0m[0m	[0m[0m [0m[0m [0m[0m [0m[0m [0m[0m [0m[0m [0m[0m [0m[0m [0m[0m [0m[0m [0m[0m [0m[0m [0m[0m [0m[0m [0m[0m [0m[0m [0m[0m [0m[0m [0m[0m [0m[0m [0m[0m [0m[0m [0m[0m [0m[0m [0m[0m [0m[0m [0m[0m [0m[0m [0m[0m[1m[31m^[0m[0m[1m[31m^[0m[0m[1m[31m^[0m[0m[1m[31m^[0m[0m[1m[31m^[0m[0m[1m[31m^[0m[0m[1m[31m^[0m[0m[1m[31m^[0m[0m[1m[31m^[0m[0m[1m[31m^[0m[0m
[0m[0m  [0m[0m  [0m[0m[1m41 │ [0m[0m	[0m[0m}[0m[0m
[0m[0m  [0m[0m  [0m[0m[1m42 │ [0m[0m
[0m[0m  [0m[0m
[0m[0m  [0m[0m[1m[34mℹ[0m[0m [0m[0m[34mThis style reverses the cascade logic, and precedence is reversed. This could lead to having styles with higher specificity being overridden by styles with lower specificity.[0m[0m
[0m[0m  [0m[0m
[0m[0m  [0m[0m[1m[34mℹ[0m[0m [0m[0m[34mUnsafe fix: Remove the style.[0m[0m
[0m[0m  [0m[0m
[0m[0m  [0m[0m[1m  40 │ [0m[0m[2m→ [0m[0m[2m→ [0m[0mt[0m[0mr[0m[0ma[0m[0mn[0m[0ms[0m[0mi[0m[0mt[0m[0mi[0m[0mo[0m[0mn[0m[0m-[0m[0md[0m[0mu[0m[0mr[0m[0ma[0m[0mt[0m[0mi[0m[0mo[0m[0mn[0m[0m:[0m[0m[2m·[0m[0m0[0m[0m.[0m[0m0[0m[0m1[0m[0mm[0m[0ms[0m[0m[2m[31m·[0m[0m[31m![0m[0m[31mi[0m[0m[31mm[0m[0m[31mp[0m[0m[31mo[0m[0m[31mr[0m[0m[31mt[0m[0m[31ma[0m[0m[31mn[0m[0m[31mt[0m[0m;[0m[0m
[0m[0m  [0m[0m[1m     │ [0m[0m [0m[0m [0m[0m [0m[0m [0m[0m [0m[0m [0m[0m [0m[0m [0m[0m [0m[0m [0m[0m [0m[0m [0m[0m [0m[0m [0m[0m [0m[0m [0m[0m [0m[0m [0m[0m [0m[0m [0m[0m [0m[0m [0m[0m [0m[0m [0m[0m [0m[0m [0m[0m [0m[0m [0m[0m [0m[0m [0m[0m [0m[0m[31m-[0m[0m[31m-[0m[0m[31m-[0m[0m[31m-[0m[0m[31m-[0m[0m[31m-[0m[0m[31m-[0m[0m[31m-[0m[0m[31m-[0m[0m[31m-[0m[0m[31m-[0m[0m [0m[0m
[0m
[0msrc/styles/globals.css[0m[0m:[0m[0m165[0m[0m:[0m[0m17[0m[0m [0m[0m]8;;https://biomejs.dev/linter/rules/no-important-styles\lint/complexity/noImportantStyles]8;;\[0m[0m [0m[0m[30m[47m FIXABLE [0m[0m [0m[0m━━━━━━━━━━━━━━━━━━━━━━━━━━━━━━━━━━━━━━━━━━━━━━━━━━━━━━━━━━━━━━━━━━━━━━━━━━━━━━━━━━━━━━━━━━━━━━━━━━━━━━━━━━━━━━━━━━━━━━━━━[0m[0m

[0m[0m  [0m[0m[1m[33m⚠[0m[0m [0m[0m[33mAvoid the use of the [0m[0m[1m[33m!important[0m[0m[33m style.[0m[0m
[0m[0m  [0m[0m
[0m[0m  [0m[0m  [0m[0m[1m163 │ [0m[0m@[0m[0mm[0m[0me[0m[0md[0m[0mi[0m[0ma[0m[0m [0m[0m([0m[0mm[0m[0ma[0m[0mx[0m[0m-[0m[0mw[0m[0mi[0m[0md[0m[0mt[0m[0mh[0m[0m:[0m[0m [0m[0m7[0m[0m6[0m[0m8[0m[0mp[0m[0mx[0m[0m)[0m[0m [0m[0m{[0m[0m
[0m[0m  [0m[0m  [0m[0m[1m164 │ [0m[0m	[0m[0m.[0m[0mh[0m[0mi[0m[0md[0m[0me[0m[0m-[0m[0mm[0m[0mo[0m[0mb[0m[0mi[0m[0ml[0m[0me[0m[0m [0m[0m{[0m[0m
[0m[0m  [0m[0m[1m[31m>[0m[0m [0m[0m[1m165 │ [0m[0m	[0m[0m	[0m[0md[0m[0mi[0m[0ms[0m[0mp[0m[0ml[0m[0ma[0m[0my[0m[0m:[0m[0m [0m[0mn[0m[0mo[0m[0mn[0m[0me[0m[0m [0m[0m![0m[0mi[0m[0mm[0m[0mp[0m[0mo[0m[0mr[0m[0mt[0m[0ma[0m[0mn[0m[0mt[0m[0m;[0m[0m
[0m[0m  [0m[0m [0m[0m [0m[0m [0m[0m[1m   │ [0m[0m	[0m[0m	[0m[0m [0m[0m [0m[0m [0m[0m [0m[0m [0m[0m [0m[0m [0m[0m [0m[0m [0m[0m [0m[0m [0m[0m [0m[0m [0m[0m [0m[0m[1m[31m^[0m[0m[1m[31m^[0m[0m[1m[31m^[0m[0m[1m[31m^[0m[0m[1m[31m^[0m[0m[1m[31m^[0m[0m[1m[31m^[0m[0m[1m[31m^[0m[0m[1m[31m^[0m[0m[1m[31m^[0m[0m
[0m[0m  [0m[0m  [0m[0m[1m166 │ [0m[0m	[0m[0m}[0m[0m
[0m[0m  [0m[0m  [0m[0m[1m167 │ [0m[0m
[0m[0m  [0m[0m
[0m[0m  [0m[0m[1m[34mℹ[0m[0m [0m[0m[34mThis style reverses the cascade logic, and precedence is reversed. This could lead to having styles with higher specificity being overridden by styles with lower specificity.[0m[0m
[0m[0m  [0m[0m
[0m[0m  [0m[0m[1m[34mℹ[0m[0m [0m[0m[34mUnsafe fix: Remove the style.[0m[0m
[0m[0m  [0m[0m
[0m[0m  [0m[0m[1m  165 │ [0m[0m[2m→ [0m[0m[2m→ [0m[0md[0m[0mi[0m[0ms[0m[0mp[0m[0ml[0m[0ma[0m[0my[0m[0m:[0m[0m[2m·[0m[0mn[0m[0mo[0m[0mn[0m[0me[0m[0m[2m[31m·[0m[0m[31m![0m[0m[31mi[0m[0m[31mm[0m[0m[31mp[0m[0m[31mo[0m[0m[31mr[0m[0m[31mt[0m[0m[31ma[0m[0m[31mn[0m[0m[31mt[0m[0m;[0m[0m
[0m[0m  [0m[0m[1m      │ [0m[0m [0m[0m [0m[0m [0m[0m [0m[0m [0m[0m [0m[0m [0m[0m [0m[0m [0m[0m [0m[0m [0m[0m [0m[0m [0m[0m [0m[0m [0m[0m [0m[0m [0m[0m[31m-[0m[0m[31m-[0m[0m[31m-[0m[0m[31m-[0m[0m[31m-[0m[0m[31m-[0m[0m[31m-[0m[0m[31m-[0m[0m[31m-[0m[0m[31m-[0m[0m[31m-[0m[0m [0m[0m
[0m
[0msrc/styles/globals.css[0m[0m:[0m[0m169[0m[0m:[0m[0m22[0m[0m [0m[0m]8;;https://biomejs.dev/linter/rules/no-important-styles\lint/complexity/noImportantStyles]8;;\[0m[0m [0m[0m[30m[47m FIXABLE [0m[0m [0m[0m━━━━━━━━━━━━━━━━━━━━━━━━━━━━━━━━━━━━━━━━━━━━━━━━━━━━━━━━━━━━━━━━━━━━━━━━━━━━━━━━━━━━━━━━━━━━━━━━━━━━━━━━━━━━━━━━━━━━━━━━━[0m[0m

[0m[0m  [0m[0m[1m[33m⚠[0m[0m [0m[0m[33mAvoid the use of the [0m[0m[1m[33m!important[0m[0m[33m style.[0m[0m
[0m[0m  [0m[0m
[0m[0m  [0m[0m  [0m[0m[1m168 │ [0m[0m	[0m[0m.[0m[0mt[0m[0me[0m[0mx[0m[0mt[0m[0m-[0m[0mm[0m[0mo[0m[0mb[0m[0mi[0m[0ml[0m[0me[0m[0m-[0m[0mc[0m[0me[0m[0mn[0m[0mt[0m[0me[0m[0mr[0m[0m [0m[0m{[0m[0m
[0m[0m  [0m[0m[1m[31m>[0m[0m [0m[0m[1m169 │ [0m[0m	[0m[0m	[0m[0mt[0m[0me[0m[0mx[0m[0mt[0m[0m-[0m[0ma[0m[0ml[0m[0mi[0m[0mg[0m[0mn[0m[0m:[0m[0m [0m[0mc[0m[0me[0m[0mn[0m[0mt[0m[0me[0m[0mr[0m[0m [0m[0m![0m[0mi[0m[0mm[0m[0mp[0m[0mo[0m[0mr[0m[0mt[0m[0ma[0m[0mn[0m[0mt[0m[0m;[0m[0m
[0m[0m  [0m[0m [0m[0m [0m[0m [0m[0m[1m   │ [0m[0m	[0m[0m	[0m[0m [0m[0m [0m[0m [0m[0m [0m[0m [0m[0m [0m[0m [0m[0m [0m[0m [0m[0m [0m[0m [0m[0m [0m[0m [0m[0m [0m[0m [0m[0m [0m[0m [0m[0m [0m[0m [0m[0m[1m[31m^[0m[0m[1m[31m^[0m[0m[1m[31m^[0m[0m[1m[31m^[0m[0m[1m[31m^[0m[0m[1m[31m^[0m[0m[1m[31m^[0m[0m[1m[31m^[0m[0m[1m[31m^[0m[0m[1m[31m^[0m[0m
[0m[0m  [0m[0m  [0m[0m[1m170 │ [0m[0m	[0m[0m}[0m[0m
[0m[0m  [0m[0m  [0m[0m[1m171 │ [0m[0m}[0m[0m
[0m[0m  [0m[0m
[0m[0m  [0m[0m[1m[34mℹ[0m[0m [0m[0m[34mThis style reverses the cascade logic, and precedence is reversed. This could lead to having styles with higher specificity being overridden by styles with lower specificity.[0m[0m
[0m[0m  [0m[0m
[0m[0m  [0m[0m[1m[34mℹ[0m[0m [0m[0m[34mUnsafe fix: Remove the style.[0m[0m
[0m[0m  [0m[0m
[0m[0m  [0m[0m[1m  169 │ [0m[0m[2m→ [0m[0m[2m→ [0m[0mt[0m[0me[0m[0mx[0m[0mt[0m[0m-[0m[0ma[0m[0ml[0m[0mi[0m[0mg[0m[0mn[0m[0m:[0m[0m[2m·[0m[0mc[0m[0me[0m[0mn[0m[0mt[0m[0me[0m[0mr[0m[0m[2m[31m·[0m[0m[31m![0m[0m[31mi[0m[0m[31mm[0m[0m[31mp[0m[0m[31mo[0m[0m[31mr[0m[0m[31mt[0m[0m[31ma[0m[0m[31mn[0m[0m[31mt[0m[0m;[0m[0m
[0m[0m  [0m[0m[1m      │ [0m[0m [0m[0m [0m[0m [0m[0m [0m[0m [0m[0m [0m[0m [0m[0m [0m[0m [0m[0m [0m[0m [0m[0m [0m[0m [0m[0m [0m[0m [0m[0m [0m[0m [0m[0m [0m[0m [0m[0m [0m[0m [0m[0m [0m[0m[31m-[0m[0m[31m-[0m[0m[31m-[0m[0m[31m-[0m[0m[31m-[0m[0m[31m-[0m[0m[31m-[0m[0m[31m-[0m[0m[31m-[0m[0m[31m-[0m[0m[31m-[0m[0m [0m[0m
[0m
[0msrc/styles/globals.css[0m[0m:[0m[0m175[0m[0m:[0m[0m17[0m[0m [0m[0m]8;;https://biomejs.dev/linter/rules/no-important-styles\lint/complexity/noImportantStyles]8;;\[0m[0m [0m[0m[30m[47m FIXABLE [0m[0m [0m[0m━━━━━━━━━━━━━━━━━━━━━━━━━━━━━━━━━━━━━━━━━━━━━━━━━━━━━━━━━━━━━━━━━━━━━━━━━━━━━━━━━━━━━━━━━━━━━━━━━━━━━━━━━━━━━━━━━━━━━━━━━[0m[0m

[0m[0m  [0m[0m[1m[33m⚠[0m[0m [0m[0m[33mAvoid the use of the [0m[0m[1m[33m!important[0m[0m[33m style.[0m[0m
[0m[0m  [0m[0m
[0m[0m  [0m[0m  [0m[0m[1m173 │ [0m[0m@[0m[0mm[0m[0me[0m[0md[0m[0mi[0m[0ma[0m[0m [0m[0m([0m[0mm[0m[0mi[0m[0mn[0m[0m-[0m[0mw[0m[0mi[0m[0md[0m[0mt[0m[0mh[0m[0m:[0m[0m [0m[0m7[0m[0m6[0m[0m9[0m[0mp[0m[0mx[0m[0m)[0m[0m [0m[0m{[0m[0m
[0m[0m  [0m[0m  [0m[0m[1m174 │ [0m[0m	[0m[0m.[0m[0mh[0m[0mi[0m[0md[0m[0me[0m[0m-[0m[0md[0m[0me[0m[0ms[0m[0mk[0m[0mt[0m[0mo[0m[0mp[0m[0m [0m[0m{[0m[0m
[0m[0m  [0m[0m[1m[31m>[0m[0m [0m[0m[1m175 │ [0m[0m	[0m[0m	[0m[0md[0m[0mi[0m[0ms[0m[0mp[0m[0ml[0m[0ma[0m[0my[0m[0m:[0m[0m [0m[0mn[0m[0mo[0m[0mn[0m[0me[0m[0m [0m[0m![0m[0mi[0m[0mm[0m[0mp[0m[0mo[0m[0mr[0m[0mt[0m[0ma[0m[0mn[0m[0mt[0m[0m;[0m[0m
[0m[0m  [0m[0m [0m[0m [0m[0m [0m[0m[1m   │ [0m[0m	[0m[0m	[0m[0m [0m[0m [0m[0m [0m[0m [0m[0m [0m[0m [0m[0m [0m[0m [0m[0m [0m[0m [0m[0m [0m[0m [0m[0m [0m[0m [0m[0m[1m[31m^[0m[0m[1m[31m^[0m[0m[1m[31m^[0m[0m[1m[31m^[0m[0m[1m[31m^[0m[0m[1m[31m^[0m[0m[1m[31m^[0m[0m[1m[31m^[0m[0m[1m[31m^[0m[0m[1m[31m^[0m[0m
[0m[0m  [0m[0m  [0m[0m[1m176 │ [0m[0m	[0m[0m}[0m[0m
[0m[0m  [0m[0m  [0m[0m[1m177 │ [0m[0m}[0m[0m
[0m[0m  [0m[0m
[0m[0m  [0m[0m[1m[34mℹ[0m[0m [0m[0m[34mThis style reverses the cascade logic, and precedence is reversed. This could lead to having styles with higher specificity being overridden by styles with lower specificity.[0m[0m
[0m[0m  [0m[0m
[0m[0m  [0m[0m[1m[34mℹ[0m[0m [0m[0m[34mUnsafe fix: Remove the style.[0m[0m
[0m[0m  [0m[0m
[0m[0m  [0m[0m[1m  175 │ [0m[0m[2m→ [0m[0m[2m→ [0m[0md[0m[0mi[0m[0ms[0m[0mp[0m[0ml[0m[0ma[0m[0my[0m[0m:[0m[0m[2m·[0m[0mn[0m[0mo[0m[0mn[0m[0me[0m[0m[2m[31m·[0m[0m[31m![0m[0m[31mi[0m[0m[31mm[0m[0m[31mp[0m[0m[31mo[0m[0m[31mr[0m[0m[31mt[0m[0m[31ma[0m[0m[31mn[0m[0m[31mt[0m[0m;[0m[0m
[0m[0m  [0m[0m[1m      │ [0m[0m [0m[0m [0m[0m [0m[0m [0m[0m [0m[0m [0m[0m [0m[0m [0m[0m [0m[0m [0m[0m [0m[0m [0m[0m [0m[0m [0m[0m [0m[0m [0m[0m [0m[0m[31m-[0m[0m[31m-[0m[0m[31m-[0m[0m[31m-[0m[0m[31m-[0m[0m[31m-[0m[0m[31m-[0m[0m[31m-[0m[0m[31m-[0m[0m[31m-[0m[0m[31m-[0m[0m [0m[0m
[0m
[0mpackage.json[0m[0m [0m[0mformat[0m[0m [0m[0m━━━━━━━━━━━━━━━━━━━━━━━━━━━━━━━━━━━━━━━━━━━━━━━━━━━━━━━━━━━━━━━━━━━━━━━━━━━━━━━━━━━━━━━━━━━━━━━━━━━━━━━━━━━━━━━━━━━━━━━━━━━━━━━━━━━━━━━━━━━━━━━━━━━━━━━━━━━━━━━━━━━━━━━━━━━━━━━[0m[0m

[0m[0m  [0m[0m[1m[31m✖[0m[0m [0m[0m[31mFile content differs from formatting output[0m[0m
[0m[0m  [0m[0m
[0m[0m  [0m[0m  [0m[0m[1m 1[0m[0m [0m[0m[1m 1[0m[0m[1m │ [0m[0m [0m[0m [0m[0m{[0m[0m
[0m[0m  [0m[0m  [0m[0m[1m 2[0m[0m [0m[0m [0m[0m [0m[0m[1m │ [0m[0m[31m-[0m[0m [0m[0m[1m[2m[31m·[0m[0m[1m[2m[31m·[0m[0m[31m"[0m[0m[31mn[0m[0m[31ma[0m[0m[31mm[0m[0m[31me[0m[0m[31m"[0m[0m[31m:[0m[0m[2m[31m·[0m[0m[31m"[0m[0m[31me[0m[0m[31mp[0m[0m[31mh[0m[0m[31me[0m[0m[31mm[0m[0m[31me[0m[0m[31mr[0m[0m[31ma[0m[0m[31ml[0m[0m[31m-[0m[0m[31mc[0m[0m[31ml[0m[0m[31mi[0m[0m[31me[0m[0m[31mn[0m[0m[31mt[0m[0m[31m"[0m[0m[31m,[0m[0m
[0m[0m  [0m[0m  [0m[0m[1m 3[0m[0m [0m[0m [0m[0m [0m[0m[1m │ [0m[0m[31m-[0m[0m [0m[0m[1m[2m[31m·[0m[0m[1m[2m[31m·[0m[0m[31m"[0m[0m[31mp[0m[0m[31mr[0m[0m[31mi[0m[0m[31mv[0m[0m[31ma[0m[0m[31mt[0m[0m[31me[0m[0m[31m"[0m[0m[31m:[0m[0m[2m[31m·[0m[0m[31mt[0m[0m[31mr[0m[0m[31mu[0m[0m[31me[0m[0m[31m,[0m[0m
[0m[0m  [0m[0m  [0m[0m[1m 4[0m[0m [0m[0m [0m[0m [0m[0m[1m │ [0m[0m[31m-[0m[0m [0m[0m[1m[2m[31m·[0m[0m[1m[2m[31m·[0m[0m[31m"[0m[0m[31ms[0m[0m[31mi[0m[0m[31md[0m[0m[31me[0m[0m[31mE[0m[0m[31mf[0m[0m[31mf[0m[0m[31me[0m[0m[31mc[0m[0m[31mt[0m[0m[31ms[0m[0m[31m"[0m[0m[31m:[0m[0m[2m[31m·[0m[0m[31mf[0m[0m[31ma[0m[0m[31ml[0m[0m[31ms[0m[0m[31me[0m[0m[31m,[0m[0m
[0m[0m  [0m[0m  [0m[0m[1m 5[0m[0m [0m[0m [0m[0m [0m[0m[1m │ [0m[0m[31m-[0m[0m [0m[0m[1m[2m[31m·[0m[0m[1m[2m[31m·[0m[0m[31m"[0m[0m[31mt[0m[0m[31my[0m[0m[31mp[0m[0m[31me[0m[0m[31m"[0m[0m[31m:[0m[0m[2m[31m·[0m[0m[31m"[0m[0m[31mm[0m[0m[31mo[0m[0m[31md[0m[0m[31mu[0m[0m[31ml[0m[0m[31me[0m[0m[31m"[0m[0m[31m,[0m[0m
[0m[0m  [0m[0m  [0m[0m[1m 6[0m[0m [0m[0m [0m[0m [0m[0m[1m │ [0m[0m[31m-[0m[0m [0m[0m[1m[2m[31m·[0m[0m[1m[2m[31m·[0m[0m[31m"[0m[0m[31ms[0m[0m[31mc[0m[0m[31mr[0m[0m[31mi[0m[0m[31mp[0m[0m[31mt[0m[0m[31ms[0m[0m[31m"[0m[0m[31m:[0m[0m[2m[31m·[0m[0m[31m{[0m[0m
[0m[0m  [0m[0m  [0m[0m[1m 7[0m[0m [0m[0m [0m[0m [0m[0m[1m │ [0m[0m[31m-[0m[0m [0m[0m[1m[2m[31m·[0m[0m[1m[2m[31m·[0m[0m[1m[2m[31m·[0m[0m[1m[2m[31m·[0m[0m[31m"[0m[0m[31md[0m[0m[31me[0m[0m[31mv[0m[0m[31m"[0m[0m[31m:[0m[0m[2m[31m·[0m[0m[31m"[0m[0m[31mv[0m[0m[31mi[0m[0m[31mt[0m[0m[31me[0m[0m[31m"[0m[0m[31m,[0m[0m
[0m[0m  [0m[0m  [0m[0m[1m 8[0m[0m [0m[0m [0m[0m [0m[0m[1m │ [0m[0m[31m-[0m[0m [0m[0m[1m[2m[31m·[0m[0m[1m[2m[31m·[0m[0m[1m[2m[31m·[0m[0m[1m[2m[31m·[0m[0m[31m"[0m[0m[31mb[0m[0m[31mu[0m[0m[31mi[0m[0m[31ml[0m[0m[31md[0m[0m[31m"[0m[0m[31m:[0m[0m[2m[31m·[0m[0m[31m"[0m[0m[31mt[0m[0m[31ms[0m[0m[31mc[0m[0m[2m[31m·[0m[0m[31m&[0m[0m[31m&[0m[0m[2m[31m·[0m[0m[31mv[0m[0m[31mi[0m[0m[31mt[0m[0m[31me[0m[0m[2m[31m·[0m[0m[31mb[0m[0m[31mu[0m[0m[31mi[0m[0m[31ml[0m[0m[31md[0m[0m[31m"[0m[0m[31m,[0m[0m
[0m[0m  [0m[0m  [0m[0m[1m 9[0m[0m [0m[0m [0m[0m [0m[0m[1m │ [0m[0m[31m-[0m[0m [0m[0m[1m[2m[31m·[0m[0m[1m[2m[31m·[0m[0m[1m[2m[31m·[0m[0m[1m[2m[31m·[0m[0m[31m"[0m[0m[31mp[0m[0m[31mr[0m[0m[31me[0m[0m[31mv[0m[0m[31mi[0m[0m[31me[0m[0m[31mw[0m[0m[31m"[0m[0m[31m:[0m[0m[2m[31m·[0m[0m[31m"[0m[0m[31mv[0m[0m[31mi[0m[0m[31mt[0m[0m[31me[0m[0m[2m[31m·[0m[0m[31mp[0m[0m[31mr[0m[0m[31me[0m[0m[31mv[0m[0m[31mi[0m[0m[31me[0m[0m[31mw[0m[0m[31m"[0m[0m[31m,[0m[0m
[0m[0m  [0m[0m  [0m[0m[1m10[0m[0m [0m[0m [0m[0m [0m[0m[1m │ [0m[0m[31m-[0m[0m [0m[0m[1m[2m[31m·[0m[0m[1m[2m[31m·[0m[0m[1m[2m[31m·[0m[0m[1m[2m[31m·[0m[0m[31m"[0m[0m[31mc[0m[0m[31mh[0m[0m[31me[0m[0m[31mc[0m[0m[31mk[0m[0m[31m"[0m[0m[31m:[0m[0m[2m[31m·[0m[0m[31m"[0m[0m[31mb[0m[0m[31mi[0m[0m[31mo[0m[0m[31mm[0m[0m[31me[0m[0m[2m[31m·[0m[0m[31mc[0m[0m[31mh[0m[0m[31me[0m[0m[31mc[0m[0m[31mk[0m[0m[2m[31m·[0m[0m[31m-[0m[0m[31m-[0m[0m[31mw[0m[0m[31mr[0m[0m[31mi[0m[0m[31mt[0m[0m[31me[0m[0m[31m"[0m[0m[31m,[0m[0m
[0m[0m  [0m[0m  [0m[0m[1m11[0m[0m [0m[0m [0m[0m [0m[0m[1m │ [0m[0m[31m-[0m[0m [0m[0m[1m[2m[31m·[0m[0m[1m[2m[31m·[0m[0m[1m[2m[31m·[0m[0m[1m[2m[31m·[0m[0m[31m"[0m[0m[31mc[0m[0m[31mh[0m[0m[31me[0m[0m[31mc[0m[0m[31mk[0m[0m[31m-[0m[0m[31mt[0m[0m[31my[0m[0m[31mp[0m[0m[31me[0m[0m[31ms[0m[0m[31m"[0m[0m[31m:[0m[0m[2m[31m·[0m[0m[31m"[0m[0m[31mt[0m[0m[31ms[0m[0m[31mc[0m[0m[2m[31m·[0m[0m[31m-[0m[0m[31m-[0m[0m[31mn[0m[0m[31mo[0m[0m[31mE[0m[0m[31mm[0m[0m[31mi[0m[0m[31mt[0m[0m[31m"[0m[0m[31m,[0m[0m
[0m[0m  [0m[0m  [0m[0m[1m12[0m[0m [0m[0m [0m[0m [0m[0m[1m │ [0m[0m[31m-[0m[0m [0m[0m[1m[2m[31m·[0m[0m[1m[2m[31m·[0m[0m[1m[2m[31m·[0m[0m[1m[2m[31m·[0m[0m[31m"[0m[0m[31mc[0m[0m[31mi[0m[0m[31m"[0m[0m[31m:[0m[0m[2m[31m·[0m[0m[31m"[0m[0m[31mb[0m[0m[31mi[0m[0m[31mo[0m[0m[31mm[0m[0m[31me[0m[0m[2m[31m·[0m[0m[31mc[0m[0m[31mi[0m[0m[31m"[0m[0m
[0m[0m  [0m[0m  [0m[0m[1m13[0m[0m [0m[0m [0m[0m [0m[0m[1m │ [0m[0m[31m-[0m[0m [0m[0m[1m[2m[31m·[0m[0m[1m[2m[31m·[0m[0m[31m}[0m[0m[31m,[0m[0m
[0m[0m  [0m[0m  [0m[0m[1m14[0m[0m [0m[0m [0m[0m [0m[0m[1m │ [0m[0m[31m-[0m[0m [0m[0m[1m[2m[31m·[0m[0m[1m[2m[31m·[0m[0m[31m"[0m[0m[31md[0m[0m[31me[0m[0m[31mp[0m[0m[31me[0m[0m[31mn[0m[0m[31md[0m[0m[31me[0m[0m[31mn[0m[0m[31mc[0m[0m[31mi[0m[0m[31me[0m[0m[31ms[0m[0m[31m"[0m[0m[31m:[0m[0m[2m[31m·[0m[0m[31m{[0m[0m
[0m[0m  [0m[0m  [0m[0m[1m15[0m[0m [0m[0m [0m[0m [0m[0m[1m │ [0m[0m[31m-[0m[0m [0m[0m[1m[2m[31m·[0m[0m[1m[2m[31m·[0m[0m[1m[2m[31m·[0m[0m[1m[2m[31m·[0m[0m[31m"[0m[0m[31m@[0m[0m[31me[0m[0m[31mm[0m[0m[31mo[0m[0m[31mt[0m[0m[31mi[0m[0m[31mo[0m[0m[31mn[0m[0m[31m/[0m[0m[31mr[0m[0m[31me[0m[0m[31ma[0m[0m[31mc[0m[0m[31mt[0m[0m[31m"[0m[0m[31m:[0m[0m[2m[31m·[0m[0m[31m"[0m[0m[31m^[0m[0m[31m1[0m[0m[31m1[0m[0m[31m.[0m[0m[31m1[0m[0m[31m4[0m[0m[31m.[0m[0m[31m0[0m[0m[31m"[0m[0m[31m,[0m[0m
[0m[0m  [0m[0m  [0m[0m[1m16[0m[0m [0m[0m [0m[0m [0m[0m[1m │ [0m[0m[31m-[0m[0m [0m[0m[1m[2m[31m·[0m[0m[1m[2m[31m·[0m[0m[1m[2m[31m·[0m[0m[1m[2m[31m·[0m[0m[31m"[0m[0m[31m@[0m[0m[31me[0m[0m[31mm[0m[0m[31mo[0m[0m[31mt[0m[0m[31mi[0m[0m[31mo[0m[0m[31mn[0m[0m[31m/[0m[0m[31ms[0m[0m[31mt[0m[0m[31my[0m[0m[31ml[0m[0m[31me[0m[0m[31md[0m[0m[31m"[0m[0m[31m:[0m[0m[2m[31m·[0m[0m[31m"[0m[0m[31m^[0m[0m[31m1[0m[0m[31m1[0m[0m[31m.[0m[0m[31m1[0m[0m[31m4[0m[0m[31m.[0m[0m[31m1[0m[0m[31m"[0m[0m[31m,[0m[0m
[0m[0m  [0m[0m  [0m[0m[1m17[0m[0m [0m[0m [0m[0m [0m[0m[1m │ [0m[0m[31m-[0m[0m [0m[0m[1m[2m[31m·[0m[0m[1m[2m[31m·[0m[0m[1m[2m[31m·[0m[0m[1m[2m[31m·[0m[0m[31m"[0m[0m[31m@[0m[0m[31mg[0m[0m[31ms[0m[0m[31ma[0m[0m[31mp[0m[0m[31m/[0m[0m[31mr[0m[0m[31me[0m[0m[31ma[0m[0m[31mc[0m[0m[31mt[0m[0m[31m"[0m[0m[31m:[0m[0m[2m[31m·[0m[0m[31m"[0m[0m[31m^[0m[0m[31m2[0m[0m[31m.[0m[0m[31m1[0m[0m[31m.[0m[0m[31m2[0m[0m[31m"[0m[0m[31m,[0m[0m
[0m[0m  [0m[0m  [0m[0m[1m18[0m[0m [0m[0m [0m[0m [0m[0m[1m │ [0m[0m[31m-[0m[0m [0m[0m[1m[2m[31m·[0m[0m[1m[2m[31m·[0m[0m[1m[2m[31m·[0m[0m[1m[2m[31m·[0m[0m[31m"[0m[0m[31m@[0m[0m[31ml[0m[0m[31mo[0m[0m[31mt[0m[0m[31mt[0m[0m[31mi[0m[0m[31me[0m[0m[31mf[0m[0m[31mi[0m[0m[31ml[0m[0m[31me[0m[0m[31ms[0m[0m[31m/[0m[0m[31md[0m[0m[31mo[0m[0m[31mt[0m[0m[31ml[0m[0m[31mo[0m[0m[31mt[0m[0m[31mt[0m[0m[31mi[0m[0m[31me[0m[0m[31m-[0m[0m[31mr[0m[0m[31me[0m[0m[31ma[0m[0m[31mc[0m[0m[31mt[0m[0m[31m"[0m[0m[31m:[0m[0m[2m[31m·[0m[0m[31m"[0m[0m[31m^[0m[0m[31m0[0m[0m[31m.[0m[0m[31m1[0m[0m[31m4[0m[0m[31m.[0m[0m[31m4[0m[0m[31m"[0m[0m[31m,[0m[0m
[0m[0m  [0m[0m  [0m[0m[1m19[0m[0m [0m[0m [0m[0m [0m[0m[1m │ [0m[0m[31m-[0m[0m [0m[0m[1m[2m[31m·[0m[0m[1m[2m[31m·[0m[0m[1m[2m[31m·[0m[0m[1m[2m[31m·[0m[0m[31m"[0m[0m[31m@[0m[0m[31mm[0m[0m[31mu[0m[0m[31mi[0m[0m[31m/[0m[0m[31mi[0m[0m[31mc[0m[0m[31mo[0m[0m[31mn[0m[0m[31ms[0m[0m[31m-[0m[0m[31mm[0m[0m[31ma[0m[0m[31mt[0m[0m[31me[0m[0m[31mr[0m[0m[31mi[0m[0m[31ma[0m[0m[31ml[0m[0m[31m"[0m[0m[31m:[0m[0m[2m[31m·[0m[0m[31m"[0m[0m[31m^[0m[0m[31m7[0m[0m[31m.[0m[0m[31m3[0m[0m[31m.[0m[0m[31m7[0m[0m[31m"[0m[0m[31m,[0m[0m
[0m[0m  [0m[0m  [0m[0m[1m20[0m[0m [0m[0m [0m[0m [0m[0m[1m │ [0m[0m[31m-[0m[0m [0m[0m[1m[2m[31m·[0m[0m[1m[2m[31m·[0m[0m[1m[2m[31m·[0m[0m[1m[2m[31m·[0m[0m[31m"[0m[0m[31m@[0m[0m[31mm[0m[0m[31mu[0m[0m[31mi[0m[0m[31m/[0m[0m[31mj[0m[0m[31mo[0m[0m[31my[0m[0m[31m"[0m[0m[31m:[0m[0m[2m[31m·[0m[0m[31m"[0m[0m[31m5[0m[0m[31m.[0m[0m[31m0[0m[0m[31m.[0m[0m[31m0[0m[0m[31m-[0m[0m[31mb[0m[0m[31me[0m[0m[31mt[0m[0m[31ma[0m[0m[31m.[0m[0m[31m5[0m[0m[31m2[0m[0m[31m"[0m[0m[31m,[0m[0m
[0m[0m  [0m[0m  [0m[0m[1m21[0m[0m [0m[0m [0m[0m [0m[0m[1m │ [0m[0m[31m-[0m[0m [0m[0m[1m[2m[31m·[0m[0m[1m[2m[31m·[0m[0m[1m[2m[31m·[0m[0m[1m[2m[31m·[0m[0m[31m"[0m[0m[31m@[0m[0m[31mm[0m[0m[31mu[0m[0m[31mi[0m[0m[31m/[0m[0m[31mm[0m[0m[31ma[0m[0m[31mt[0m[0m[31me[0m[0m[31mr[0m[0m[31mi[0m[0m[31ma[0m[0m[31ml[0m[0m[31m"[0m[0m[31m:[0m[0m[2m[31m·[0m[0m[31m"[0m[0m[31m^[0m[0m[31m7[0m[0m[31m.[0m[0m[31m3[0m[0m[31m.[0m[0m[31m7[0m[0m[31m"[0m[0m[31m,[0m[0m
[0m[0m  [0m[0m  [0m[0m[1m22[0m[0m [0m[0m [0m[0m [0m[0m[1m │ [0m[0m[31m-[0m[0m [0m[0m[1m[2m[31m·[0m[0m[1m[2m[31m·[0m[0m[1m[2m[31m·[0m[0m[1m[2m[31m·[0m[0m[31m"[0m[0m[31m@[0m[0m[31mt[0m[0m[31ma[0m[0m[31mn[0m[0m[31ms[0m[0m[31mt[0m[0m[31ma[0m[0m[31mc[0m[0m[31mk[0m[0m[31m/[0m[0m[31mr[0m[0m[31me[0m[0m[31ma[0m[0m[31mc[0m[0m[31mt[0m[0m[31m-[0m[0m[31mq[0m[0m[31mu[0m[0m[31me[0m[0m[31mr[0m[0m[31my[0m[0m[31m"[0m[0m[31m:[0m[0m[2m[31m·[0m[0m[31m"[0m[0m[31m^[0m[0m[31m5[0m[0m[31m.[0m[0m[31m9[0m[0m[31m0[0m[0m[31m.[0m[0m[31m2[0m[0m[31m0[0m[0m[31m"[0m[0m[31m,[0m[0m
[0m[0m  [0m[0m  [0m[0m[1m23[0m[0m [0m[0m [0m[0m [0m[0m[1m │ [0m[0m[31m-[0m[0m [0m[0m[1m[2m[31m·[0m[0m[1m[2m[31m·[0m[0m[1m[2m[31m·[0m[0m[1m[2m[31m·[0m[0m[31m"[0m[0m[31m@[0m[0m[31mt[0m[0m[31ma[0m[0m[31mn[0m[0m[31ms[0m[0m[31mt[0m[0m[31ma[0m[0m[31mc[0m[0m[31mk[0m[0m[31m/[0m[0m[31mr[0m[0m[31me[0m[0m[31ma[0m[0m[31mc[0m[0m[31mt[0m[0m[31m-[0m[0m[31mq[0m[0m[31mu[0m[0m[31me[0m[0m[31mr[0m[0m[31my[0m[0m[31m-[0m[0m[31md[0m[0m[31me[0m[0m[31mv[0m[0m[31mt[0m[0m[31mo[0m[0m[31mo[0m[0m[31ml[0m[0m[31ms[0m[0m[31m"[0m[0m[31m:[0m[0m[2m[31m·[0m[0m[31m"[0m[0m[31m^[0m[0m[31m5[0m[0m[31m.[0m[0m[31m9[0m[0m[31m1[0m[0m[31m.[0m[0m[31m3[0m[0m[31m"[0m[0m[31m,[0m[0m
[0m[0m  [0m[0m  [0m[0m[1m24[0m[0m [0m[0m [0m[0m [0m[0m[1m │ [0m[0m[31m-[0m[0m [0m[0m[1m[2m[31m·[0m[0m[1m[2m[31m·[0m[0m[1m[2m[31m·[0m[0m[1m[2m[31m·[0m[0m[31m"[0m[0m[31m@[0m[0m[31mt[0m[0m[31ma[0m[0m[31mn[0m[0m[31ms[0m[0m[31mt[0m[0m[31ma[0m[0m[31mc[0m[0m[31mk[0m[0m[31m/[0m[0m[31mr[0m[0m[31me[0m[0m[31ma[0m[0m[31mc[0m[0m[31mt[0m[0m[31m-[0m[0m[31mr[0m[0m[31mo[0m[0m[31mu[0m[0m[31mt[0m[0m[31me[0m[0m[31mr[0m[0m[31m"[0m[0m[31m:[0m[0m[2m[31m·[0m[0m[31m"[0m[0m[31m^[0m[0m[31m1[0m[0m[31m.[0m[0m[31m1[0m[0m[31m5[0m[0m[31m8[0m[0m[31m.[0m[0m[31m1[0m[0m[31m"[0m[0m[31m,[0m[0m
[0m[0m  [0m[0m  [0m[0m[1m25[0m[0m [0m[0m [0m[0m [0m[0m[1m │ [0m[0m[31m-[0m[0m [0m[0m[1m[2m[31m·[0m[0m[1m[2m[31m·[0m[0m[1m[2m[31m·[0m[0m[1m[2m[31m·[0m[0m[31m"[0m[0m[31ma[0m[0m[31mx[0m[0m[31mi[0m[0m[31mo[0m[0m[31ms[0m[0m[31m"[0m[0m[31m:[0m[0m[2m[31m·[0m[0m[31m"[0m[0m[31m^[0m[0m[31m1[0m[0m[31m.[0m[0m[31m1[0m[0m[31m3[0m[0m[31m.[0m[0m[31m4[0m[0m[31m"[0m[0m[31m,[0m[0m
[0m[0m  [0m[0m  [0m[0m[1m26[0m[0m [0m[0m [0m[0m [0m[0m[1m │ [0m[0m[31m-[0m[0m [0m[0m[1m[2m[31m·[0m[0m[1m[2m[31m·[0m[0m[1m[2m[31m·[0m[0m[1m[2m[31m·[0m[0m[31m"[0m[0m[31md[0m[0m[31ma[0m[0m[31mt[0m[0m[31me[0m[0m[31m-[0m[0m[31mf[0m[0m[31mn[0m[0m[31ms[0m[0m[31m"[0m[0m[31m:[0m[0m[2m[31m·[0m[0m[31m"[0m[0m[31m^[0m[0m[31m4[0m[0m[31m.[0m[0m[31m1[0m[0m[31m.[0m[0m[31m0[0m[0m[31m"[0m[0m[31m,[0m[0m
[0m[0m  [0m[0m  [0m[0m[1m27[0m[0m [0m[0m [0m[0m [0m[0m[1m │ [0m[0m[31m-[0m[0m [0m[0m[1m[2m[31m·[0m[0m[1m[2m[31m·[0m[0m[1m[2m[31m·[0m[0m[1m[2m[31m·[0m[0m[31m"[0m[0m[31mf[0m[0m[31mo[0m[0m[31mr[0m[0m[31mm[0m[0m[31mi[0m[0m[31mk[0m[0m[31m"[0m[0m[31m:[0m[0m[2m[31m·[0m[0m[31m"[0m[0m[31m^[0m[0m[31m2[0m[0m[31m.[0m[0m[31m4[0m[0m[31m.[0m[0m[31m9[0m[0m[31m"[0m[0m[31m,[0m[0m
[0m[0m  [0m[0m  [0m[0m[1m28[0m[0m [0m[0m [0m[0m [0m[0m[1m │ [0m[0m[31m-[0m[0m [0m[0m[1m[2m[31m·[0m[0m[1m[2m[31m·[0m[0m[1m[2m[31m·[0m[0m[1m[2m[31m·[0m[0m[31m"[0m[0m[31mg[0m[0m[31ms[0m[0m[31ma[0m[0m[31mp[0m[0m[31m"[0m[0m[31m:[0m[0m[2m[31m·[0m[0m[31m"[0m[0m[31m^[0m[0m[31m3[0m[0m[31m.[0m[0m[31m1[0m[0m[31m4[0m[0m[31m.[0m[0m[31m2[0m[0m[31m"[0m[0m[31m,[0m[0m
[0m[0m  [0m[0m  [0m[0m[1m29[0m[0m [0m[0m [0m[0m [0m[0m[1m │ [0m[0m[31m-[0m[0m [0m[0m[1m[2m[31m·[0m[0m[1m[2m[31m·[0m[0m[1m[2m[31m·[0m[0m[1m[2m[31m·[0m[0m[31m"[0m[0m[31mi[0m[0m[31ms[0m[0m[31mb[0m[0m[31mo[0m[0m[31mt[0m[0m[31m"[0m[0m[31m:[0m[0m[2m[31m·[0m[0m[31m"[0m[0m[31m^[0m[0m[31m4[0m[0m[31m.[0m[0m[31m4[0m[0m[31m.[0m[0m[31m0[0m[0m[31m"[0m[0m[31m,[0m[0m
[0m[0m  [0m[0m  [0m[0m[1m30[0m[0m [0m[0m [0m[0m [0m[0m[1m │ [0m[0m[31m-[0m[0m [0m[0m[1m[2m[31m·[0m[0m[1m[2m[31m·[0m[0m[1m[2m[31m·[0m[0m[1m[2m[31m·[0m[0m[31m"[0m[0m[31mj[0m[0m[31ms[0m[0m[31m-[0m[0m[31mc[0m[0m[31mo[0m[0m[31mo[0m[0m[31mk[0m[0m[31mi[0m[0m[31me[0m[0m[31m"[0m[0m[31m:[0m[0m[2m[31m·[0m[0m[31m"[0m[0m[31m^[0m[0m[31m3[0m[0m[31m.[0m[0m[31m0[0m[0m[31m.[0m[0m[31m5[0m[0m[31m"[0m[0m[31m,[0m[0m
[0m[0m  [0m[0m  [0m[0m[1m31[0m[0m [0m[0m [0m[0m [0m[0m[1m │ [0m[0m[31m-[0m[0m [0m[0m[1m[2m[31m·[0m[0m[1m[2m[31m·[0m[0m[1m[2m[31m·[0m[0m[1m[2m[31m·[0m[0m[31m"[0m[0m[31mr[0m[0m[31me[0m[0m[31ma[0m[0m[31mc[0m[0m[31mt[0m[0m[31m"[0m[0m[31m:[0m[0m[2m[31m·[0m[0m[31m"[0m[0m[31m^[0m[0m[31m1[0m[0m[31m8[0m[0m[31m.[0m[0m[31m3[0m[0m[31m.[0m[0m[31m1[0m[0m[31m"[0m[0m[31m,[0m[0m
[0m[0m  [0m[0m  [0m[0m[1m32[0m[0m [0m[0m [0m[0m [0m[0m[1m │ [0m[0m[31m-[0m[0m [0m[0m[1m[2m[31m·[0m[0m[1m[2m[31m·[0m[0m[1m[2m[31m·[0m[0m[1m[2m[31m·[0m[0m[31m"[0m[0m[31mr[0m[0m[31me[0m[0m[31ma[0m[0m[31mc[0m[0m[31mt[0m[0m[31m-[0m[0m[31md[0m[0m[31mo[0m[0m[31mm[0m[0m[31m"[0m[0m[31m:[0m[0m[2m[31m·[0m[0m[31m"[0m[0m[31m^[0m[0m[31m1[0m[0m[31m8[0m[0m[31m.[0m[0m[31m3[0m[0m[31m.[0m[0m[31m1[0m[0m[31m"[0m[0m[31m,[0m[0m
[0m[0m  [0m[0m  [0m[0m[1m33[0m[0m [0m[0m [0m[0m [0m[0m[1m │ [0m[0m[31m-[0m[0m [0m[0m[1m[2m[31m·[0m[0m[1m[2m[31m·[0m[0m[1m[2m[31m·[0m[0m[1m[2m[31m·[0m[0m[31m"[0m[0m[31ms[0m[0m[31mo[0m[0m[31mc[0m[0m[31mk[0m[0m[31me[0m[0m[31mt[0m[0m[31m.[0m[0m[31mi[0m[0m[31mo[0m[0m[31m-[0m[0m[31mc[0m[0m[31ml[0m[0m[31mi[0m[0m[31me[0m[0m[31mn[0m[0m[31mt[0m[0m[31m"[0m[0m[31m:[0m[0m[2m[31m·[0m[0m[31m"[0m[0m[31m^[0m[0m[31m4[0m[0m[31m.[0m[0m[31m8[0m[0m[31m.[0m[0m[31m3[0m[0m[31m"[0m[0m[31m,[0m[0m
[0m[0m  [0m[0m  [0m[0m[1m34[0m[0m [0m[0m [0m[0m [0m[0m[1m │ [0m[0m[31m-[0m[0m [0m[0m[1m[2m[31m·[0m[0m[1m[2m[31m·[0m[0m[1m[2m[31m·[0m[0m[1m[2m[31m·[0m[0m[31m"[0m[0m[31my[0m[0m[31mu[0m[0m[31mp[0m[0m[31m"[0m[0m[31m:[0m[0m[2m[31m·[0m[0m[31m"[0m[0m[31m^[0m[0m[31m1[0m[0m[31m.[0m[0m[31m7[0m[0m[31m.[0m[0m[31m1[0m[0m[31m"[0m[0m
[0m[0m  [0m[0m  [0m[0m[1m35[0m[0m [0m[0m [0m[0m [0m[0m[1m │ [0m[0m[31m-[0m[0m [0m[0m[1m[2m[31m·[0m[0m[1m[2m[31m·[0m[0m[31m}[0m[0m[31m,[0m[0m
[0m[0m  [0m[0m  [0m[0m[1m36[0m[0m [0m[0m [0m[0m [0m[0m[1m │ [0m[0m[31m-[0m[0m [0m[0m[1m[2m[31m·[0m[0m[1m[2m[31m·[0m[0m[31m"[0m[0m[31md[0m[0m[31me[0m[0m[31mv[0m[0m[31mD[0m[0m[31me[0m[0m[31mp[0m[0m[31me[0m[0m[31mn[0m[0m[31md[0m[0m[31me[0m[0m[31mn[0m[0m[31mc[0m[0m[31mi[0m[0m[31me[0m[0m[31ms[0m[0m[31m"[0m[0m[31m:[0m[0m[2m[31m·[0m[0m[31m{[0m[0m
[0m[0m  [0m[0m  [0m[0m[1m37[0m[0m [0m[0m [0m[0m [0m[0m[1m │ [0m[0m[31m-[0m[0m [0m[0m[1m[2m[31m·[0m[0m[1m[2m[31m·[0m[0m[1m[2m[31m·[0m[0m[1m[2m[31m·[0m[0m[31m"[0m[0m[31m@[0m[0m[31mb[0m[0m[31mi[0m[0m[31mo[0m[0m[31mm[0m[0m[31me[0m[0m[31mj[0m[0m[31ms[0m[0m[31m/[0m[0m[31mb[0m[0m[31mi[0m[0m[31mo[0m[0m[31mm[0m[0m[31me[0m[0m[31m"[0m[0m[31m:[0m[0m[2m[31m·[0m[0m[31m"[0m[0m[31m2[0m[0m[31m.[0m[0m[31m4[0m[0m[31m.[0m[0m[31m6[0m[0m[31m"[0m[0m[31m,[0m[0m
[0m[0m  [0m[0m  [0m[0m[1m38[0m[0m [0m[0m [0m[0m [0m[0m[1m │ [0m[0m[31m-[0m[0m [0m[0m[1m[2m[31m·[0m[0m[1m[2m[31m·[0m[0m[1m[2m[31m·[0m[0m[1m[2m[31m·[0m[0m[31m"[0m[0m[31m@[0m[0m[31mt[0m[0m[31ma[0m[0m[31mn[0m[0m[31ms[0m[0m[31mt[0m[0m[31ma[0m[0m[31mc[0m[0m[31mk[0m[0m[31m/[0m[0m[31mr[0m[0m[31me[0m[0m[31ma[0m[0m[31mc[0m[0m[31mt[0m[0m[31m-[0m[0m[31mr[0m[0m[31mo[0m[0m[31mu[0m[0m[31mt[0m[0m[31me[0m[0m[31mr[0m[0m[31m-[0m[0m[31md[0m[0m[31me[0m[0m[31mv[0m[0m[31mt[0m[0m[31mo[0m[0m[31mo[0m[0m[31ml[0m[0m[31ms[0m[0m[31m"[0m[0m[31m:[0m[0m[2m[31m·[0m[0m[31m"[0m[0m[31m^[0m[0m[31m1[0m[0m[31m.[0m[0m[31m1[0m[0m[31m5[0m[0m[31m8[0m[0m[31m.[0m[0m[31m1[0m[0m[31m"[0m[0m[31m,[0m[0m
[0m[0m  [0m[0m  [0m[0m[1m39[0m[0m [0m[0m [0m[0m [0m[0m[1m │ [0m[0m[31m-[0m[0m [0m[0m[1m[2m[31m·[0m[0m[1m[2m[31m·[0m[0m[1m[2m[31m·[0m[0m[1m[2m[31m·[0m[0m[31m"[0m[0m[31m@[0m[0m[31mt[0m[0m[31ma[0m[0m[31mn[0m[0m[31ms[0m[0m[31mt[0m[0m[31ma[0m[0m[31mc[0m[0m[31mk[0m[0m[31m/[0m[0m[31mr[0m[0m[31mo[0m[0m[31mu[0m[0m[31mt[0m[0m[31me[0m[0m[31mr[0m[0m[31m-[0m[0m[31mc[0m[0m[31ml[0m[0m[31mi[0m[0m[31m"[0m[0m[31m:[0m[0m[2m[31m·[0m[0m[31m"[0m[0m[31m^[0m[0m[31m1[0m[0m[31m.[0m[0m[31m1[0m[0m[31m5[0m[0m[31m8[0m[0m[31m.[0m[0m[31m1[0m[0m[31m"[0m[0m[31m,[0m[0m
[0m[0m  [0m[0m  [0m[0m[1m40[0m[0m [0m[0m [0m[0m [0m[0m[1m │ [0m[0m[31m-[0m[0m [0m[0m[1m[2m[31m·[0m[0m[1m[2m[31m·[0m[0m[1m[2m[31m·[0m[0m[1m[2m[31m·[0m[0m[31m"[0m[0m[31m@[0m[0m[31mt[0m[0m[31ma[0m[0m[31mn[0m[0m[31ms[0m[0m[31mt[0m[0m[31ma[0m[0m[31mc[0m[0m[31mk[0m[0m[31m/[0m[0m[31mr[0m[0m[31mo[0m[0m[31mu[0m[0m[31mt[0m[0m[31me[0m[0m[31mr[0m[0m[31m-[0m[0m[31mp[0m[0m[31ml[0m[0m[31mu[0m[0m[31mg[0m[0m[31mi[0m[0m[31mn[0m[0m[31m"[0m[0m[31m:[0m[0m[2m[31m·[0m[0m[31m"[0m[0m[31m^[0m[0m[31m1[0m[0m[31m.[0m[0m[31m1[0m[0m[31m5[0m[0m[31m8[0m[0m[31m.[0m[0m[31m1[0m[0m[31m"[0m[0m[31m,[0m[0m
[0m[0m  [0m[0m  [0m[0m[1m41[0m[0m [0m[0m [0m[0m [0m[0m[1m │ [0m[0m[31m-[0m[0m [0m[0m[1m[2m[31m·[0m[0m[1m[2m[31m·[0m[0m[1m[2m[31m·[0m[0m[1m[2m[31m·[0m[0m[31m"[0m[0m[31m@[0m[0m[31mt[0m[0m[31ma[0m[0m[31mn[0m[0m[31ms[0m[0m[31mt[0m[0m[31ma[0m[0m[31mc[0m[0m[31mk[0m[0m[31m/[0m[0m[31mr[0m[0m[31mo[0m[0m[31mu[0m[0m[31mt[0m[0m[31me[0m[0m[31mr[0m[0m[31m-[0m[0m[31mv[0m[0m[31mi[0m[0m[31mt[0m[0m[31me[0m[0m[31m-[0m[0m[31mp[0m[0m[31ml[0m[0m[31mu[0m[0m[31mg[0m[0m[31mi[0m[0m[31mn[0m[0m[31m"[0m[0m[31m:[0m[0m[2m[31m·[0m[0m[31m"[0m[0m[31m^[0m[0m[31m1[0m[0m[31m.[0m[0m[31m1[0m[0m[31m5[0m[0m[31m8[0m[0m[31m.[0m[0m[31m1[0m[0m[31m"[0m[0m[31m,[0m[0m
[0m[0m  [0m[0m  [0m[0m[1m42[0m[0m [0m[0m [0m[0m [0m[0m[1m │ [0m[0m[31m-[0m[0m [0m[0m[1m[2m[31m·[0m[0m[1m[2m[31m·[0m[0m[1m[2m[31m·[0m[0m[1m[2m[31m·[0m[0m[31m"[0m[0m[31m@[0m[0m[31mt[0m[0m[31my[0m[0m[31mp[0m[0m[31me[0m[0m[31ms[0m[0m[31m/[0m[0m[31mj[0m[0m[31ms[0m[0m[31m-[0m[0m[31mc[0m[0m[31mo[0m[0m[31mo[0m[0m[31mk[0m[0m[31mi[0m[0m[31me[0m[0m[31m"[0m[0m[31m:[0m[0m[2m[31m·[0m[0m[31m"[0m[0m[31m^[0m[0m[31m3[0m[0m[31m.[0m[0m[31m0[0m[0m[31m.[0m[0m[31m6[0m[0m[31m"[0m[0m[31m,[0m[0m
[0m[0m  [0m[0m  [0m[0m[1m43[0m[0m [0m[0m [0m[0m [0m[0m[1m │ [0m[0m[31m-[0m[0m [0m[0m[1m[2m[31m·[0m[0m[1m[2m[31m·[0m[0m[1m[2m[31m·[0m[0m[1m[2m[31m·[0m[0m[31m"[0m[0m[31m@[0m[0m[31mt[0m[0m[31my[0m[0m[31mp[0m[0m[31me[0m[0m[31ms[0m[0m[31m/[0m[0m[31mr[0m[0m[31me[0m[0m[31ma[0m[0m[31mc[0m[0m[31mt[0m[0m[31m"[0m[0m[31m:[0m[0m[2m[31m·[0m[0m[31m"[0m[0m[31m^[0m[0m[31m1[0m[0m[31m8[0m[0m[31m.[0m[0m[31m3[0m[0m[31m.[0m[0m[31m2[0m[0m[31m8[0m[0m[31m"[0m[0m[31m,[0m[0m
[0m[0m  [0m[0m  [0m[0m[1m44[0m[0m [0m[0m [0m[0m [0m[0m[1m │ [0m[0m[31m-[0m[0m [0m[0m[1m[2m[31m·[0m[0m[1m[2m[31m·[0m[0m[1m[2m[31m·[0m[0m[1m[2m[31m·[0m[0m[31m"[0m[0m[31m@[0m[0m[31mt[0m[0m[31my[0m[0m[31mp[0m[0m[31me[0m[0m[31ms[0m[0m[31m/[0m[0m[31mr[0m[0m[31me[0m[0m[31ma[0m[0m[31mc[0m[0m[31mt[0m[0m[31m-[0m[0m[31md[0m[0m[31mo[0m[0m[31mm[0m[0m[31m"[0m[0m[31m:[0m[0m[2m[31m·[0m[0m[31m"[0m[0m[31m^[0m[0m[31m1[0m[0m[31m8[0m[0m[31m.[0m[0m[31m3[0m[0m[31m.[0m[0m[31m7[0m[0m[31m"[0m[0m[31m,[0m[0m
[0m[0m  [0m[0m  [0m[0m[1m45[0m[0m [0m[0m [0m[0m [0m[0m[1m │ [0m[0m[31m-[0m[0m [0m[0m[1m[2m[31m·[0m[0m[1m[2m[31m·[0m[0m[1m[2m[31m·[0m[0m[1m[2m[31m·[0m[0m[31m"[0m[0m[31m@[0m[0m[31mv[0m[0m[31mi[0m[0m[31mt[0m[0m[31me[0m[0m[31mj[0m[0m[31ms[0m[0m[31m/[0m[0m[31mp[0m[0m[31ml[0m[0m[31mu[0m[0m[31mg[0m[0m[31mi[0m[0m[31mn[0m[0m[31m-[0m[0m[31mr[0m[0m[31me[0m[0m[31ma[0m[0m[31mc[0m[0m[31mt[0m[0m[31m"[0m[0m[31m:[0m[0m[2m[31m·[0m[0m[31m"[0m[0m[31m^[0m[0m[31m5[0m[0m[31m.[0m[0m[31m1[0m[0m[31m.[0m[0m[31m3[0m[0m[31m"[0m[0m[31m,[0m[0m
[0m[0m  [0m[0m  [0m[0m[1m46[0m[0m [0m[0m [0m[0m [0m[0m[1m │ [0m[0m[31m-[0m[0m [0m[0m[1m[2m[31m·[0m[0m[1m[2m[31m·[0m[0m[1m[2m[31m·[0m[0m[1m[2m[31m·[0m[0m[31m"[0m[0m[31ma[0m[0m[31mu[0m[0m[31mt[0m[0m[31mo[0m[0m[31mp[0m[0m[31mr[0m[0m[31me[0m[0m[31mf[0m[0m[31mi[0m[0m[31mx[0m[0m[31me[0m[0m[31mr[0m[0m[31m"[0m[0m[31m:[0m[0m[2m[31m·[0m[0m[31m"[0m[0m[31m^[0m[0m[31m1[0m[0m[31m0[0m[0m[31m.[0m[0m[31m4[0m[0m[31m.[0m[0m[31m2[0m[0m[31m4[0m[0m[31m"[0m[0m[31m,[0m[0m
[0m[0m  [0m[0m  [0m[0m[1m47[0m[0m [0m[0m [0m[0m [0m[0m[1m │ [0m[0m[31m-[0m[0m [0m[0m[1m[2m[31m·[0m[0m[1m[2m[31m·[0m[0m[1m[2m[31m·[0m[0m[1m[2m[31m·[0m[0m[31m"[0m[0m[31mb[0m[0m[31ma[0m[0m[31ms[0m[0m[31me[0m[0m[31ml[0m[0m[31mi[0m[0m[31mn[0m[0m[31me[0m[0m[31m-[0m[0m[31mb[0m[0m[31mr[0m[0m[31mo[0m[0m[31mw[0m[0m[31ms[0m[0m[31me[0m[0m[31mr[0m[0m[31m-[0m[0m[31mm[0m[0m[31ma[0m[0m[31mp[0m[0m[31mp[0m[0m[31mi[0m[0m[31mn[0m[0m[31mg[0m[0m[31m"[0m[0m[31m:[0m[0m[2m[31m·[0m[0m[31m"[0m[0m[31m^[0m[0m[31m2[0m[0m[31m.[0m[0m[31m9[0m[0m[31m.[0m[0m[31m1[0m[0m[31m9[0m[0m[31m"[0m[0m[31m,[0m[0m
[0m[0m  [0m[0m  [0m[0m[1m48[0m[0m [0m[0m [0m[0m [0m[0m[1m │ [0m[0m[31m-[0m[0m [0m[0m[1m[2m[31m·[0m[0m[1m[2m[31m·[0m[0m[1m[2m[31m·[0m[0m[1m[2m[31m·[0m[0m[31m"[0m[0m[31mg[0m[0m[31ml[0m[0m[31mo[0m[0m[31mb[0m[0m[31ma[0m[0m[31ml[0m[0m[31ms[0m[0m[31m"[0m[0m[31m:[0m[0m[2m[31m·[0m[0m[31m"[0m[0m[31m^[0m[0m[31m1[0m[0m[31m6[0m[0m[31m.[0m[0m[31m5[0m[0m[31m.[0m[0m[31m0[0m[0m[31m"[0m[0m[31m,[0m[0m
[0m[0m  [0m[0m  [0m[0m[1m49[0m[0m [0m[0m [0m[0m [0m[0m[1m │ [0m[0m[31m-[0m[0m [0m[0m[1m[2m[31m·[0m[0m[1m[2m[31m·[0m[0m[1m[2m[31m·[0m[0m[1m[2m[31m·[0m[0m[31m"[0m[0m[31mj[0m[0m[31mi[0m[0m[31mt[0m[0m[31mi[0m[0m[31m"[0m[0m[31m:[0m[0m[2m[31m·[0m[0m[31m"[0m[0m[31m^[0m[0m[31m2[0m[0m[31m.[0m[0m[31m6[0m[0m[31m.[0m[0m[31m1[0m[0m[31m"[0m[0m[31m,[0m[0m
[0m[0m  [0m[0m  [0m[0m[1m50[0m[0m [0m[0m [0m[0m [0m[0m[1m │ [0m[0m[31m-[0m[0m [0m[0m[1m[2m[31m·[0m[0m[1m[2m[31m·[0m[0m[1m[2m[31m·[0m[0m[1m[2m[31m·[0m[0m[31m"[0m[0m[31mp[0m[0m[31mo[0m[0m[31ms[0m[0m[31mt[0m[0m[31mc[0m[0m[31ms[0m[0m[31ms[0m[0m[31m"[0m[0m[31m:[0m[0m[2m[31m·[0m[0m[31m"[0m[0m[31m^[0m[0m[31m8[0m[0m[31m.[0m[0m[31m5[0m[0m[31m.[0m[0m[31m6[0m[0m[31m"[0m[0m[31m,[0m[0m
[0m[0m  [0m[0m  [0m[0m[1m51[0m[0m [0m[0m [0m[0m [0m[0m[1m │ [0m[0m[31m-[0m[0m [0m[0m[1m[2m[31m·[0m[0m[1m[2m[31m·[0m[0m[1m[2m[31m·[0m[0m[1m[2m[31m·[0m[0m[31m"[0m[0m[31mr[0m[0m[31me[0m[0m[31ma[0m[0m[31mc[0m[0m[31mt[0m[0m[31m-[0m[0m[31mi[0m[0m[31mc[0m[0m[31mo[0m[0m[31mn[0m[0m[31ms[0m[0m[31m"[0m[0m[31m:[0m[0m[2m[31m·[0m[0m[31m"[0m[0m[31m^[0m[0m[31m5[0m[0m[31m.[0m[0m[31m5[0m[0m[31m.[0m[0m[31m0[0m[0m[31m"[0m[0m[31m,[0m[0m
[0m[0m  [0m[0m  [0m[0m[1m52[0m[0m [0m[0m [0m[0m [0m[0m[1m │ [0m[0m[31m-[0m[0m [0m[0m[1m[2m[31m·[0m[0m[1m[2m[31m·[0m[0m[1m[2m[31m·[0m[0m[1m[2m[31m·[0m[0m[31m"[0m[0m[31ms[0m[0m[31ma[0m[0m[31ms[0m[0m[31ms[0m[0m[31m"[0m[0m[31m:[0m[0m[2m[31m·[0m[0m[31m"[0m[0m[31m^[0m[0m[31m1[0m[0m[31m.[0m[0m[31m9[0m[0m[31m7[0m[0m[31m.[0m[0m[31m3[0m[0m[31m"[0m[0m[31m,[0m[0m
[0m[0m  [0m[0m  [0m[0m[1m53[0m[0m [0m[0m [0m[0m [0m[0m[1m │ [0m[0m[31m-[0m[0m [0m[0m[1m[2m[31m·[0m[0m[1m[2m[31m·[0m[0m[1m[2m[31m·[0m[0m[1m[2m[31m·[0m[0m[31m"[0m[0m[31mt[0m[0m[31my[0m[0m[31mp[0m[0m[31me[0m[0m[31ms[0m[0m[31mc[0m[0m[31mr[0m[0m[31mi[0m[0m[31mp[0m[0m[31mt[0m[0m[31m"[0m[0m[31m:[0m[0m[2m[31m·[0m[0m[31m"[0m[0m[31m^[0m[0m[31m5[0m[0m[31m.[0m[0m[31m9[0m[0m[31m.[0m[0m[31m3[0m[0m[31m"[0m[0m[31m,[0m[0m
[0m[0m  [0m[0m  [0m[0m[1m54[0m[0m [0m[0m [0m[0m [0m[0m[1m │ [0m[0m[31m-[0m[0m [0m[0m[1m[2m[31m·[0m[0m[1m[2m[31m·[0m[0m[1m[2m[31m·[0m[0m[1m[2m[31m·[0m[0m[31m"[0m[0m[31mv[0m[0m[31mi[0m[0m[31mt[0m[0m[31me[0m[0m[31m"[0m[0m[31m:[0m[0m[2m[31m·[0m[0m[31m"[0m[0m[31m^[0m[0m[31m6[0m[0m[31m.[0m[0m[31m4[0m[0m[31m.[0m[0m[31m1[0m[0m[31m"[0m[0m[31m,[0m[0m
[0m[0m  [0m[0m  [0m[0m[1m55[0m[0m [0m[0m [0m[0m [0m[0m[1m │ [0m[0m[31m-[0m[0m [0m[0m[1m[2m[31m·[0m[0m[1m[2m[31m·[0m[0m[1m[2m[31m·[0m[0m[1m[2m[31m·[0m[0m[31m"[0m[0m[31mv[0m[0m[31mi[0m[0m[31mt[0m[0m[31me[0m[0m[31m-[0m[0m[31mp[0m[0m[31ml[0m[0m[31mu[0m[0m[31mg[0m[0m[31mi[0m[0m[31mn[0m[0m[31m-[0m[0m[31mc[0m[0m[31mo[0m[0m[31mm[0m[0m[31mp[0m[0m[31mr[0m[0m[31me[0m[0m[31ms[0m[0m[31ms[0m[0m[31mi[0m[0m[31mo[0m[0m[31mn[0m[0m[31m"[0m[0m[31m:[0m[0m[2m[31m·[0m[0m[31m"[0m[0m[31m^[0m[0m[31m0[0m[0m[31m.[0m[0m[31m5[0m[0m[31m.[0m[0m[31m1[0m[0m[31m"[0m[0m[31m,[0m[0m
[0m[0m  [0m[0m  [0m[0m[1m56[0m[0m [0m[0m [0m[0m [0m[0m[1m │ [0m[0m[31m-[0m[0m [0m[0m[1m[2m[31m·[0m[0m[1m[2m[31m·[0m[0m[1m[2m[31m·[0m[0m[1m[2m[31m·[0m[0m[31m"[0m[0m[31mv[0m[0m[31mi[0m[0m[31mt[0m[0m[31me[0m[0m[31m-[0m[0m[31mp[0m[0m[31ml[0m[0m[31mu[0m[0m[31mg[0m[0m[31mi[0m[0m[31mn[0m[0m[31m-[0m[0m[31md[0m[0m[31me[0m[0m[31mv[0m[0m[31mt[0m[0m[31mo[0m[0m[31mo[0m[0m[31ml[0m[0m[31ms[0m[0m[31m-[0m[0m[31mj[0m[0m[31ms[0m[0m[31mo[0m[0m[31mn[0m[0m[31m"[0m[0m[31m:[0m[0m[2m[31m·[0m[0m[31m"[0m[0m[31m^[0m[0m[31m0[0m[0m[31m.[0m[0m[31m2[0m[0m[31m.[0m[0m[31m1[0m[0m[31m"[0m[0m[31m,[0m[0m
[0m[0m  [0m[0m  [0m[0m[1m57[0m[0m [0m[0m [0m[0m [0m[0m[1m │ [0m[0m[31m-[0m[0m [0m[0m[1m[2m[31m·[0m[0m[1m[2m[31m·[0m[0m[1m[2m[31m·[0m[0m[1m[2m[31m·[0m[0m[31m"[0m[0m[31mv[0m[0m[31mi[0m[0m[31mt[0m[0m[31me[0m[0m[31m-[0m[0m[31mp[0m[0m[31ml[0m[0m[31mu[0m[0m[31mg[0m[0m[31mi[0m[0m[31mn[0m[0m[31m-[0m[0m[31mm[0m[0m[31mk[0m[0m[31mc[0m[0m[31me[0m[0m[31mr[0m[0m[31mt[0m[0m[31m"[0m[0m[31m:[0m[0m[2m[31m·[0m[0m[31m"[0m[0m[31m^[0m[0m[31m1[0m[0m[31m.[0m[0m[31m1[0m[0m[31m7[0m[0m[31m.[0m[0m[31m9[0m[0m[31m"[0m[0m[31m,[0m[0m
[0m[0m  [0m[0m  [0m[0m[1m58[0m[0m [0m[0m [0m[0m [0m[0m[1m │ [0m[0m[31m-[0m[0m [0m[0m[1m[2m[31m·[0m[0m[1m[2m[31m·[0m[0m[1m[2m[31m·[0m[0m[1m[2m[31m·[0m[0m[31m"[0m[0m[31mv[0m[0m[31mi[0m[0m[31mt[0m[0m[31me[0m[0m[31m-[0m[0m[31mt[0m[0m[31ms[0m[0m[31mc[0m[0m[31mo[0m[0m[31mn[0m[0m[31mf[0m[0m[31mi[0m[0m[31mg[0m[0m[31m-[0m[0m[31mp[0m[0m[31ma[0m[0m[31mt[0m[0m[31mh[0m[0m[31ms[0m[0m[31m"[0m[0m[31m:[0m[0m[2m[31m·[0m[0m[31m"[0m[0m[31m^[0m[0m[31m4[0m[0m[31m.[0m[0m[31m3[0m[0m[31m.[0m[0m[31m2[0m[0m[31m"[0m[0m
[0m[0m  [0m[0m  [0m[0m[1m59[0m[0m [0m[0m [0m[0m [0m[0m[1m │ [0m[0m[31m-[0m[0m [0m[0m[1m[2m[31m·[0m[0m[1m[2m[31m·[0m[0m[31m}[0m[0m[31m,[0m[0m
[0m[0m  [0m[0m  [0m[0m[1m60[0m[0m [0m[0m [0m[0m [0m[0m[1m │ [0m[0m[31m-[0m[0m [0m[0m[1m[2m[31m·[0m[0m[1m[2m[31m·[0m[0m[31m"[0m[0m[31me[0m[0m[31mn[0m[0m[31mg[0m[0m[31mi[0m[0m[31mn[0m[0m[31me[0m[0m[31ms[0m[0m[31m"[0m[0m[31m:[0m[0m[2m[31m·[0m[0m[31m{[0m[0m
[0m[0m  [0m[0m  [0m[0m[1m61[0m[0m [0m[0m [0m[0m [0m[0m[1m │ [0m[0m[31m-[0m[0m [0m[0m[1m[2m[31m·[0m[0m[1m[2m[31m·[0m[0m[1m[2m[31m·[0m[0m[1m[2m[31m·[0m[0m[31m"[0m[0m[31mn[0m[0m[31mo[0m[0m[31md[0m[0m[31me[0m[0m[31m"[0m[0m[31m:[0m[0m[2m[31m·[0m[0m[31m"[0m[0m[31m>[0m[0m[31m=[0m[0m[31m2[0m[0m[31m0[0m[0m[31m.[0m[0m[31m0[0m[0m[31m.[0m[0m[31m0[0m[0m[31m"[0m[0m
[0m[0m  [0m[0m  [0m[0m[1m62[0m[0m [0m[0m [0m[0m [0m[0m[1m │ [0m[0m[31m-[0m[0m [0m[0m[1m[2m[31m·[0m[0m[1m[2m[31m·[0m[0m[31m}[0m[0m[31m,[0m[0m
[0m[0m  [0m[0m  [0m[0m[1m63[0m[0m [0m[0m [0m[0m [0m[0m[1m │ [0m[0m[31m-[0m[0m [0m[0m[1m[2m[31m·[0m[0m[1m[2m[31m·[0m[0m[31m"[0m[0m[31mb[0m[0m[31mr[0m[0m[31mo[0m[0m[31mw[0m[0m[31ms[0m[0m[31me[0m[0m[31mr[0m[0m[31ms[0m[0m[31ml[0m[0m[31mi[0m[0m[31ms[0m[0m[31mt[0m[0m[31m"[0m[0m[31m:[0m[0m[2m[31m·[0m[0m[31m[[0m[0m
[0m[0m  [0m[0m  [0m[0m[1m64[0m[0m [0m[0m [0m[0m [0m[0m[1m │ [0m[0m[31m-[0m[0m [0m[0m[1m[2m[31m·[0m[0m[1m[2m[31m·[0m[0m[1m[2m[31m·[0m[0m[1m[2m[31m·[0m[0m[31m"[0m[0m[31m>[0m[0m[2m[31m·[0m[0m[31m1[0m[0m[31m%[0m[0m[31m"[0m[0m[31m,[0m[0m
[0m[0m  [0m[0m  [0m[0m[1m65[0m[0m [0m[0m [0m[0m [0m[0m[1m │ [0m[0m[31m-[0m[0m [0m[0m[1m[2m[31m·[0m[0m[1m[2m[31m·[0m[0m[1m[2m[31m·[0m[0m[1m[2m[31m·[0m[0m[31m"[0m[0m[31ml[0m[0m[31ma[0m[0m[31ms[0m[0m[31mt[0m[0m[2m[31m·[0m[0m[31m2[0m[0m[2m[31m·[0m[0m[31mv[0m[0m[31me[0m[0m[31mr[0m[0m[31ms[0m[0m[31mi[0m[0m[31mo[0m[0m[31mn[0m[0m[31ms[0m[0m[31m"[0m[0m[31m,[0m[0m
[0m[0m  [0m[0m  [0m[0m[1m66[0m[0m [0m[0m [0m[0m [0m[0m[1m │ [0m[0m[31m-[0m[0m [0m[0m[1m[2m[31m·[0m[0m[1m[2m[31m·[0m[0m[1m[2m[31m·[0m[0m[1m[2m[31m·[0m[0m[31m"[0m[0m[31mn[0m[0m[31mo[0m[0m[31mt[0m[0m[2m[31m·[0m[0m[31md[0m[0m[31me[0m[0m[31ma[0m[0m[31md[0m[0m[31m"[0m[0m[31m,[0m[0m
[0m[0m  [0m[0m  [0m[0m[1m67[0m[0m [0m[0m [0m[0m [0m[0m[1m │ [0m[0m[31m-[0m[0m [0m[0m[1m[2m[31m·[0m[0m[1m[2m[31m·[0m[0m[1m[2m[31m·[0m[0m[1m[2m[31m·[0m[0m[31m"[0m[0m[31mi[0m[0m[31me[0m[0m[2m[31m·[0m[0m[31m>[0m[0m[31m=[0m[0m[2m[31m·[0m[0m[31m1[0m[0m[31m1[0m[0m[31m"[0m[0m
[0m[0m  [0m[0m  [0m[0m[1m68[0m[0m [0m[0m [0m[0m [0m[0m[1m │ [0m[0m[31m-[0m[0m [0m[0m[1m[2m[31m·[0m[0m[1m[2m[31m·[0m[0m[31m][0m[0m
[0m[0m  [0m[0m  [0m[0m [0m[0m [0m[0m [0m[0m[1m 2[0m[0m[1m │ [0m[0m[32m+[0m[0m [0m[0m[1m[2m[32m→ [0m[0m[32m"[0m[0m[32mn[0m[0m[32ma[0m[0m[32mm[0m[0m[32me[0m[0m[32m"[0m[0m[32m:[0m[0m[2m[32m·[0m[0m[32m"[0m[0m[32me[0m[0m[32mp[0m[0m[32mh[0m[0m[32me[0m[0m[32mm[0m[0m[32me[0m[0m[32mr[0m[0m[32ma[0m[0m[32ml[0m[0m[32m-[0m[0m[32mc[0m[0m[32ml[0m[0m[32mi[0m[0m[32me[0m[0m[32mn[0m[0m[32mt[0m[0m[32m"[0m[0m[32m,[0m[0m
[0m[0m  [0m[0m  [0m[0m [0m[0m [0m[0m [0m[0m[1m 3[0m[0m[1m │ [0m[0m[32m+[0m[0m [0m[0m[1m[2m[32m→ [0m[0m[32m"[0m[0m[32mp[0m[0m[32mr[0m[0m[32mi[0m[0m[32mv[0m[0m[32ma[0m[0m[32mt[0m[0m[32me[0m[0m[32m"[0m[0m[32m:[0m[0m[2m[32m·[0m[0m[32mt[0m[0m[32mr[0m[0m[32mu[0m[0m[32me[0m[0m[32m,[0m[0m
[0m[0m  [0m[0m  [0m[0m [0m[0m [0m[0m [0m[0m[1m 4[0m[0m[1m │ [0m[0m[32m+[0m[0m [0m[0m[1m[2m[32m→ [0m[0m[32m"[0m[0m[32ms[0m[0m[32mi[0m[0m[32md[0m[0m[32me[0m[0m[32mE[0m[0m[32mf[0m[0m[32mf[0m[0m[32me[0m[0m[32mc[0m[0m[32mt[0m[0m[32ms[0m[0m[32m"[0m[0m[32m:[0m[0m[2m[32m·[0m[0m[32mf[0m[0m[32ma[0m[0m[32ml[0m[0m[32ms[0m[0m[32me[0m[0m[32m,[0m[0m
[0m[0m  [0m[0m  [0m[0m [0m[0m [0m[0m [0m[0m[1m 5[0m[0m[1m │ [0m[0m[32m+[0m[0m [0m[0m[1m[2m[32m→ [0m[0m[32m"[0m[0m[32mt[0m[0m[32my[0m[0m[32mp[0m[0m[32me[0m[0m[32m"[0m[0m[32m:[0m[0m[2m[32m·[0m[0m[32m"[0m[0m[32mm[0m[0m[32mo[0m[0m[32md[0m[0m[32mu[0m[0m[32ml[0m[0m[32me[0m[0m[32m"[0m[0m[32m,[0m[0m
[0m[0m  [0m[0m  [0m[0m [0m[0m [0m[0m [0m[0m[1m 6[0m[0m[1m │ [0m[0m[32m+[0m[0m [0m[0m[1m[2m[32m→ [0m[0m[32m"[0m[0m[32ms[0m[0m[32mc[0m[0m[32mr[0m[0m[32mi[0m[0m[32mp[0m[0m[32mt[0m[0m[32ms[0m[0m[32m"[0m[0m[32m:[0m[0m[2m[32m·[0m[0m[32m{[0m[0m
[0m[0m  [0m[0m  [0m[0m [0m[0m [0m[0m [0m[0m[1m 7[0m[0m[1m │ [0m[0m[32m+[0m[0m [0m[0m[1m[2m[32m→ [0m[0m[1m[2m[32m→ [0m[0m[32m"[0m[0m[32md[0m[0m[32me[0m[0m[32mv[0m[0m[32m"[0m[0m[32m:[0m[0m[2m[32m·[0m[0m[32m"[0m[0m[32mv[0m[0m[32mi[0m[0m[32mt[0m[0m[32me[0m[0m[32m"[0m[0m[32m,[0m[0m
[0m[0m  [0m[0m  [0m[0m [0m[0m [0m[0m [0m[0m[1m 8[0m[0m[1m │ [0m[0m[32m+[0m[0m [0m[0m[1m[2m[32m→ [0m[0m[1m[2m[32m→ [0m[0m[32m"[0m[0m[32mb[0m[0m[32mu[0m[0m[32mi[0m[0m[32ml[0m[0m[32md[0m[0m[32m"[0m[0m[32m:[0m[0m[2m[32m·[0m[0m[32m"[0m[0m[32mt[0m[0m[32ms[0m[0m[32mc[0m[0m[2m[32m·[0m[0m[32m&[0m[0m[32m&[0m[0m[2m[32m·[0m[0m[32mv[0m[0m[32mi[0m[0m[32mt[0m[0m[32me[0m[0m[2m[32m·[0m[0m[32mb[0m[0m[32mu[0m[0m[32mi[0m[0m[32ml[0m[0m[32md[0m[0m[32m"[0m[0m[32m,[0m[0m
[0m[0m  [0m[0m  [0m[0m [0m[0m [0m[0m [0m[0m[1m 9[0m[0m[1m │ [0m[0m[32m+[0m[0m [0m[0m[1m[2m[32m→ [0m[0m[1m[2m[32m→ [0m[0m[32m"[0m[0m[32mp[0m[0m[32mr[0m[0m[32me[0m[0m[32mv[0m[0m[32mi[0m[0m[32me[0m[0m[32mw[0m[0m[32m"[0m[0m[32m:[0m[0m[2m[32m·[0m[0m[32m"[0m[0m[32mv[0m[0m[32mi[0m[0m[32mt[0m[0m[32me[0m[0m[2m[32m·[0m[0m[32mp[0m[0m[32mr[0m[0m[32me[0m[0m[32mv[0m[0m[32mi[0m[0m[32me[0m[0m[32mw[0m[0m[32m"[0m[0m[32m,[0m[0m
[0m[0m  [0m[0m  [0m[0m [0m[0m [0m[0m [0m[0m[1m10[0m[0m[1m │ [0m[0m[32m+[0m[0m [0m[0m[1m[2m[32m→ [0m[0m[1m[2m[32m→ [0m[0m[32m"[0m[0m[32mc[0m[0m[32mh[0m[0m[32me[0m[0m[32mc[0m[0m[32mk[0m[0m[32m"[0m[0m[32m:[0m[0m[2m[32m·[0m[0m[32m"[0m[0m[32mb[0m[0m[32mi[0m[0m[32mo[0m[0m[32mm[0m[0m[32me[0m[0m[2m[32m·[0m[0m[32mc[0m[0m[32mh[0m[0m[32me[0m[0m[32mc[0m[0m[32mk[0m[0m[2m[32m·[0m[0m[32m-[0m[0m[32m-[0m[0m[32mw[0m[0m[32mr[0m[0m[32mi[0m[0m[32mt[0m[0m[32me[0m[0m[32m"[0m[0m[32m,[0m[0m
[0m[0m  [0m[0m  [0m[0m [0m[0m [0m[0m [0m[0m[1m11[0m[0m[1m │ [0m[0m[32m+[0m[0m [0m[0m[1m[2m[32m→ [0m[0m[1m[2m[32m→ [0m[0m[32m"[0m[0m[32mc[0m[0m[32mh[0m[0m[32me[0m[0m[32mc[0m[0m[32mk[0m[0m[32m-[0m[0m[32mt[0m[0m[32my[0m[0m[32mp[0m[0m[32me[0m[0m[32ms[0m[0m[32m"[0m[0m[32m:[0m[0m[2m[32m·[0m[0m[32m"[0m[0m[32mt[0m[0m[32ms[0m[0m[32mc[0m[0m[2m[32m·[0m[0m[32m-[0m[0m[32m-[0m[0m[32mn[0m[0m[32mo[0m[0m[32mE[0m[0m[32mm[0m[0m[32mi[0m[0m[32mt[0m[0m[32m"[0m[0m[32m,[0m[0m
[0m[0m  [0m[0m  [0m[0m [0m[0m [0m[0m [0m[0m[1m12[0m[0m[1m │ [0m[0m[32m+[0m[0m [0m[0m[1m[2m[32m→ [0m[0m[1m[2m[32m→ [0m[0m[32m"[0m[0m[32mc[0m[0m[32mi[0m[0m[32m"[0m[0m[32m:[0m[0m[2m[32m·[0m[0m[32m"[0m[0m[32mb[0m[0m[32mi[0m[0m[32mo[0m[0m[32mm[0m[0m[32me[0m[0m[2m[32m·[0m[0m[32mc[0m[0m[32mi[0m[0m[32m"[0m[0m
[0m[0m  [0m[0m  [0m[0m [0m[0m [0m[0m [0m[0m[1m13[0m[0m[1m │ [0m[0m[32m+[0m[0m [0m[0m[1m[2m[32m→ [0m[0m[32m}[0m[0m[32m,[0m[0m
[0m[0m  [0m[0m  [0m[0m [0m[0m [0m[0m [0m[0m[1m14[0m[0m[1m │ [0m[0m[32m+[0m[0m [0m[0m[1m[2m[32m→ [0m[0m[32m"[0m[0m[32md[0m[0m[32me[0m[0m[32mp[0m[0m[32me[0m[0m[32mn[0m[0m[32md[0m[0m[32me[0m[0m[32mn[0m[0m[32mc[0m[0m[32mi[0m[0m[32me[0m[0m[32ms[0m[0m[32m"[0m[0m[32m:[0m[0m[2m[32m·[0m[0m[32m{[0m[0m
[0m[0m  [0m[0m  [0m[0m [0m[0m [0m[0m [0m[0m[1m15[0m[0m[1m │ [0m[0m[32m+[0m[0m [0m[0m[1m[2m[32m→ [0m[0m[1m[2m[32m→ [0m[0m[32m"[0m[0m[32m@[0m[0m[32me[0m[0m[32mm[0m[0m[32mo[0m[0m[32mt[0m[0m[32mi[0m[0m[32mo[0m[0m[32mn[0m[0m[32m/[0m[0m[32mr[0m[0m[32me[0m[0m[32ma[0m[0m[32mc[0m[0m[32mt[0m[0m[32m"[0m[0m[32m:[0m[0m[2m[32m·[0m[0m[32m"[0m[0m[32m^[0m[0m[32m1[0m[0m[32m1[0m[0m[32m.[0m[0m[32m1[0m[0m[32m4[0m[0m[32m.[0m[0m[32m0[0m[0m[32m"[0m[0m[32m,[0m[0m
[0m[0m  [0m[0m  [0m[0m [0m[0m [0m[0m [0m[0m[1m16[0m[0m[1m │ [0m[0m[32m+[0m[0m [0m[0m[1m[2m[32m→ [0m[0m[1m[2m[32m→ [0m[0m[32m"[0m[0m[32m@[0m[0m[32me[0m[0m[32mm[0m[0m[32mo[0m[0m[32mt[0m[0m[32mi[0m[0m[32mo[0m[0m[32mn[0m[0m[32m/[0m[0m[32ms[0m[0m[32mt[0m[0m[32my[0m[0m[32ml[0m[0m[32me[0m[0m[32md[0m[0m[32m"[0m[0m[32m:[0m[0m[2m[32m·[0m[0m[32m"[0m[0m[32m^[0m[0m[32m1[0m[0m[32m1[0m[0m[32m.[0m[0m[32m1[0m[0m[32m4[0m[0m[32m.[0m[0m[32m1[0m[0m[32m"[0m[0m[32m,[0m[0m
[0m[0m  [0m[0m  [0m[0m [0m[0m [0m[0m [0m[0m[1m17[0m[0m[1m │ [0m[0m[32m+[0m[0m [0m[0m[1m[2m[32m→ [0m[0m[1m[2m[32m→ [0m[0m[32m"[0m[0m[32m@[0m[0m[32mg[0m[0m[32ms[0m[0m[32ma[0m[0m[32mp[0m[0m[32m/[0m[0m[32mr[0m[0m[32me[0m[0m[32ma[0m[0m[32mc[0m[0m[32mt[0m[0m[32m"[0m[0m[32m:[0m[0m[2m[32m·[0m[0m[32m"[0m[0m[32m^[0m[0m[32m2[0m[0m[32m.[0m[0m[32m1[0m[0m[32m.[0m[0m[32m2[0m[0m[32m"[0m[0m[32m,[0m[0m
[0m[0m  [0m[0m  [0m[0m [0m[0m [0m[0m [0m[0m[1m18[0m[0m[1m │ [0m[0m[32m+[0m[0m [0m[0m[1m[2m[32m→ [0m[0m[1m[2m[32m→ [0m[0m[32m"[0m[0m[32m@[0m[0m[32ml[0m[0m[32mo[0m[0m[32mt[0m[0m[32mt[0m[0m[32mi[0m[0m[32me[0m[0m[32mf[0m[0m[32mi[0m[0m[32ml[0m[0m[32me[0m[0m[32ms[0m[0m[32m/[0m[0m[32md[0m[0m[32mo[0m[0m[32mt[0m[0m[32ml[0m[0m[32mo[0m[0m[32mt[0m[0m[32mt[0m[0m[32mi[0m[0m[32me[0m[0m[32m-[0m[0m[32mr[0m[0m[32me[0m[0m[32ma[0m[0m[32mc[0m[0m[32mt[0m[0m[32m"[0m[0m[32m:[0m[0m[2m[32m·[0m[0m[32m"[0m[0m[32m^[0m[0m[32m0[0m[0m[32m.[0m[0m[32m1[0m[0m[32m4[0m[0m[32m.[0m[0m[32m4[0m[0m[32m"[0m[0m[32m,[0m[0m
[0m[0m  [0m[0m  [0m[0m [0m[0m [0m[0m [0m[0m[1m19[0m[0m[1m │ [0m[0m[32m+[0m[0m [0m[0m[1m[2m[32m→ [0m[0m[1m[2m[32m→ [0m[0m[32m"[0m[0m[32m@[0m[0m[32mm[0m[0m[32mu[0m[0m[32mi[0m[0m[32m/[0m[0m[32mi[0m[0m[32mc[0m[0m[32mo[0m[0m[32mn[0m[0m[32ms[0m[0m[32m-[0m[0m[32mm[0m[0m[32ma[0m[0m[32mt[0m[0m[32me[0m[0m[32mr[0m[0m[32mi[0m[0m[32ma[0m[0m[32ml[0m[0m[32m"[0m[0m[32m:[0m[0m[2m[32m·[0m[0m[32m"[0m[0m[32m^[0m[0m[32m7[0m[0m[32m.[0m[0m[32m3[0m[0m[32m.[0m[0m[32m7[0m[0m[32m"[0m[0m[32m,[0m[0m
[0m[0m  [0m[0m  [0m[0m [0m[0m [0m[0m [0m[0m[1m20[0m[0m[1m │ [0m[0m[32m+[0m[0m [0m[0m[1m[2m[32m→ [0m[0m[1m[2m[32m→ [0m[0m[32m"[0m[0m[32m@[0m[0m[32mm[0m[0m[32mu[0m[0m[32mi[0m[0m[32m/[0m[0m[32mj[0m[0m[32mo[0m[0m[32my[0m[0m[32m"[0m[0m[32m:[0m[0m[2m[32m·[0m[0m[32m"[0m[0m[32m5[0m[0m[32m.[0m[0m[32m0[0m[0m[32m.[0m[0m[32m0[0m[0m[32m-[0m[0m[32mb[0m[0m[32me[0m[0m[32mt[0m[0m[32ma[0m[0m[32m.[0m[0m[32m5[0m[0m[32m2[0m[0m[32m"[0m[0m[32m,[0m[0m
[0m[0m  [0m[0m  [0m[0m [0m[0m [0m[0m [0m[0m[1m21[0m[0m[1m │ [0m[0m[32m+[0m[0m [0m[0m[1m[2m[32m→ [0m[0m[1m[2m[32m→ [0m[0m[32m"[0m[0m[32m@[0m[0m[32mm[0m[0m[32mu[0m[0m[32mi[0m[0m[32m/[0m[0m[32mm[0m[0m[32ma[0m[0m[32mt[0m[0m[32me[0m[0m[32mr[0m[0m[32mi[0m[0m[32ma[0m[0m[32ml[0m[0m[32m"[0m[0m[32m:[0m[0m[2m[32m·[0m[0m[32m"[0m[0m[32m^[0m[0m[32m7[0m[0m[32m.[0m[0m[32m3[0m[0m[32m.[0m[0m[32m7[0m[0m[32m"[0m[0m[32m,[0m[0m
[0m[0m  [0m[0m  [0m[0m [0m[0m [0m[0m [0m[0m[1m22[0m[0m[1m │ [0m[0m[32m+[0m[0m [0m[0m[1m[2m[32m→ [0m[0m[1m[2m[32m→ [0m[0m[32m"[0m[0m[32m@[0m[0m[32mt[0m[0m[32ma[0m[0m[32mn[0m[0m[32ms[0m[0m[32mt[0m[0m[32ma[0m[0m[32mc[0m[0m[32mk[0m[0m[32m/[0m[0m[32mr[0m[0m[32me[0m[0m[32ma[0m[0m[32mc[0m[0m[32mt[0m[0m[32m-[0m[0m[32mq[0m[0m[32mu[0m[0m[32me[0m[0m[32mr[0m[0m[32my[0m[0m[32m"[0m[0m[32m:[0m[0m[2m[32m·[0m[0m[32m"[0m[0m[32m^[0m[0m[32m5[0m[0m[32m.[0m[0m[32m9[0m[0m[32m0[0m[0m[32m.[0m[0m[32m2[0m[0m[32m0[0m[0m[32m"[0m[0m[32m,[0m[0m
[0m[0m  [0m[0m  [0m[0m [0m[0m [0m[0m [0m[0m[1m23[0m[0m[1m │ [0m[0m[32m+[0m[0m [0m[0m[1m[2m[32m→ [0m[0m[1m[2m[32m→ [0m[0m[32m"[0m[0m[32m@[0m[0m[32mt[0m[0m[32ma[0m[0m[32mn[0m[0m[32ms[0m[0m[32mt[0m[0m[32ma[0m[0m[32mc[0m[0m[32mk[0m[0m[32m/[0m[0m[32mr[0m[0m[32me[0m[0m[32ma[0m[0m[32mc[0m[0m[32mt[0m[0m[32m-[0m[0m[32mq[0m[0m[32mu[0m[0m[32me[0m[0m[32mr[0m[0m[32my[0m[0m[32m-[0m[0m[32md[0m[0m[32me[0m[0m[32mv[0m[0m[32mt[0m[0m[32mo[0m[0m[32mo[0m[0m[32ml[0m[0m[32ms[0m[0m[32m"[0m[0m[32m:[0m[0m[2m[32m·[0m[0m[32m"[0m[0m[32m^[0m[0m[32m5[0m[0m[32m.[0m[0m[32m9[0m[0m[32m1[0m[0m[32m.[0m[0m[32m3[0m[0m[32m"[0m[0m[32m,[0m[0m
[0m[0m  [0m[0m  [0m[0m [0m[0m [0m[0m [0m[0m[1m24[0m[0m[1m │ [0m[0m[32m+[0m[0m [0m[0m[1m[2m[32m→ [0m[0m[1m[2m[32m→ [0m[0m[32m"[0m[0m[32m@[0m[0m[32mt[0m[0m[32ma[0m[0m[32mn[0m[0m[32ms[0m[0m[32mt[0m[0m[32ma[0m[0m[32mc[0m[0m[32mk[0m[0m[32m/[0m[0m[32mr[0m[0m[32me[0m[0m[32ma[0m[0m[32mc[0m[0m[32mt[0m[0m[32m-[0m[0m[32mr[0m[0m[32mo[0m[0m[32mu[0m[0m[32mt[0m[0m[32me[0m[0m[32mr[0m[0m[32m"[0m[0m[32m:[0m[0m[2m[32m·[0m[0m[32m"[0m[0m[32m^[0m[0m[32m1[0m[0m[32m.[0m[0m[32m1[0m[0m[32m5[0m[0m[32m8[0m[0m[32m.[0m[0m[32m1[0m[0m[32m"[0m[0m[32m,[0m[0m
[0m[0m  [0m[0m  [0m[0m [0m[0m [0m[0m [0m[0m[1m25[0m[0m[1m │ [0m[0m[32m+[0m[0m [0m[0m[1m[2m[32m→ [0m[0m[1m[2m[32m→ [0m[0m[32m"[0m[0m[32ma[0m[0m[32mx[0m[0m[32mi[0m[0m[32mo[0m[0m[32ms[0m[0m[32m"[0m[0m[32m:[0m[0m[2m[32m·[0m[0m[32m"[0m[0m[32m^[0m[0m[32m1[0m[0m[32m.[0m[0m[32m1[0m[0m[32m3[0m[0m[32m.[0m[0m[32m4[0m[0m[32m"[0m[0m[32m,[0m[0m
[0m[0m  [0m[0m  [0m[0m [0m[0m [0m[0m [0m[0m[1m26[0m[0m[1m │ [0m[0m[32m+[0m[0m [0m[0m[1m[2m[32m→ [0m[0m[1m[2m[32m→ [0m[0m[32m"[0m[0m[32md[0m[0m[32ma[0m[0m[32mt[0m[0m[32me[0m[0m[32m-[0m[0m[32mf[0m[0m[32mn[0m[0m[32ms[0m[0m[32m"[0m[0m[32m:[0m[0m[2m[32m·[0m[0m[32m"[0m[0m[32m^[0m[0m[32m4[0m[0m[32m.[0m[0m[32m1[0m[0m[32m.[0m[0m[32m0[0m[0m[32m"[0m[0m[32m,[0m[0m
[0m[0m  [0m[0m  [0m[0m [0m[0m [0m[0m [0m[0m[1m27[0m[0m[1m │ [0m[0m[32m+[0m[0m [0m[0m[1m[2m[32m→ [0m[0m[1m[2m[32m→ [0m[0m[32m"[0m[0m[32mf[0m[0m[32mo[0m[0m[32mr[0m[0m[32mm[0m[0m[32mi[0m[0m[32mk[0m[0m[32m"[0m[0m[32m:[0m[0m[2m[32m·[0m[0m[32m"[0m[0m[32m^[0m[0m[32m2[0m[0m[32m.[0m[0m[32m4[0m[0m[32m.[0m[0m[32m9[0m[0m[32m"[0m[0m[32m,[0m[0m
[0m[0m  [0m[0m  [0m[0m [0m[0m [0m[0m [0m[0m[1m28[0m[0m[1m │ [0m[0m[32m+[0m[0m [0m[0m[1m[2m[32m→ [0m[0m[1m[2m[32m→ [0m[0m[32m"[0m[0m[32mg[0m[0m[32ms[0m[0m[32ma[0m[0m[32mp[0m[0m[32m"[0m[0m[32m:[0m[0m[2m[32m·[0m[0m[32m"[0m[0m[32m^[0m[0m[32m3[0m[0m[32m.[0m[0m[32m1[0m[0m[32m4[0m[0m[32m.[0m[0m[32m2[0m[0m[32m"[0m[0m[32m,[0m[0m
[0m[0m  [0m[0m  [0m[0m [0m[0m [0m[0m [0m[0m[1m29[0m[0m[1m │ [0m[0m[32m+[0m[0m [0m[0m[1m[2m[32m→ [0m[0m[1m[2m[32m→ [0m[0m[32m"[0m[0m[32mi[0m[0m[32ms[0m[0m[32mb[0m[0m[32mo[0m[0m[32mt[0m[0m[32m"[0m[0m[32m:[0m[0m[2m[32m·[0m[0m[32m"[0m[0m[32m^[0m[0m[32m4[0m[0m[32m.[0m[0m[32m4[0m[0m[32m.[0m[0m[32m0[0m[0m[32m"[0m[0m[32m,[0m[0m
[0m[0m  [0m[0m  [0m[0m [0m[0m [0m[0m [0m[0m[1m30[0m[0m[1m │ [0m[0m[32m+[0m[0m [0m[0m[1m[2m[32m→ [0m[0m[1m[2m[32m→ [0m[0m[32m"[0m[0m[32mj[0m[0m[32ms[0m[0m[32m-[0m[0m[32mc[0m[0m[32mo[0m[0m[32mo[0m[0m[32mk[0m[0m[32mi[0m[0m[32me[0m[0m[32m"[0m[0m[32m:[0m[0m[2m[32m·[0m[0m[32m"[0m[0m[32m^[0m[0m[32m3[0m[0m[32m.[0m[0m[32m0[0m[0m[32m.[0m[0m[32m5[0m[0m[32m"[0m[0m[32m,[0m[0m
[0m[0m  [0m[0m  [0m[0m [0m[0m [0m[0m [0m[0m[1m31[0m[0m[1m │ [0m[0m[32m+[0m[0m [0m[0m[1m[2m[32m→ [0m[0m[1m[2m[32m→ [0m[0m[32m"[0m[0m[32mr[0m[0m[32me[0m[0m[32ma[0m[0m[32mc[0m[0m[32mt[0m[0m[32m"[0m[0m[32m:[0m[0m[2m[32m·[0m[0m[32m"[0m[0m[32m^[0m[0m[32m1[0m[0m[32m8[0m[0m[32m.[0m[0m[32m3[0m[0m[32m.[0m[0m[32m1[0m[0m[32m"[0m[0m[32m,[0m[0m
[0m[0m  [0m[0m  [0m[0m [0m[0m [0m[0m [0m[0m[1m32[0m[0m[1m │ [0m[0m[32m+[0m[0m [0m[0m[1m[2m[32m→ [0m[0m[1m[2m[32m→ [0m[0m[32m"[0m[0m[32mr[0m[0m[32me[0m[0m[32ma[0m[0m[32mc[0m[0m[32mt[0m[0m[32m-[0m[0m[32md[0m[0m[32mo[0m[0m[32mm[0m[0m[32m"[0m[0m[32m:[0m[0m[2m[32m·[0m[0m[32m"[0m[0m[32m^[0m[0m[32m1[0m[0m[32m8[0m[0m[32m.[0m[0m[32m3[0m[0m[32m.[0m[0m[32m1[0m[0m[32m"[0m[0m[32m,[0m[0m
[0m[0m  [0m[0m  [0m[0m [0m[0m [0m[0m [0m[0m[1m33[0m[0m[1m │ [0m[0m[32m+[0m[0m [0m[0m[1m[2m[32m→ [0m[0m[1m[2m[32m→ [0m[0m[32m"[0m[0m[32ms[0m[0m[32mo[0m[0m[32mc[0m[0m[32mk[0m[0m[32me[0m[0m[32mt[0m[0m[32m.[0m[0m[32mi[0m[0m[32mo[0m[0m[32m-[0m[0m[32mc[0m[0m[32ml[0m[0m[32mi[0m[0m[32me[0m[0m[32mn[0m[0m[32mt[0m[0m[32m"[0m[0m[32m:[0m[0m[2m[32m·[0m[0m[32m"[0m[0m[32m^[0m[0m[32m4[0m[0m[32m.[0m[0m[32m8[0m[0m[32m.[0m[0m[32m3[0m[0m[32m"[0m[0m[32m,[0m[0m
[0m[0m  [0m[0m  [0m[0m [0m[0m [0m[0m [0m[0m[1m34[0m[0m[1m │ [0m[0m[32m+[0m[0m [0m[0m[1m[2m[32m→ [0m[0m[1m[2m[32m→ [0m[0m[32m"[0m[0m[32my[0m[0m[32mu[0m[0m[32mp[0m[0m[32m"[0m[0m[32m:[0m[0m[2m[32m·[0m[0m[32m"[0m[0m[32m^[0m[0m[32m1[0m[0m[32m.[0m[0m[32m7[0m[0m[32m.[0m[0m[32m1[0m[0m[32m"[0m[0m
[0m[0m  [0m[0m  [0m[0m [0m[0m [0m[0m [0m[0m[1m35[0m[0m[1m │ [0m[0m[32m+[0m[0m [0m[0m[1m[2m[32m→ [0m[0m[32m}[0m[0m[32m,[0m[0m
[0m[0m  [0m[0m  [0m[0m [0m[0m [0m[0m [0m[0m[1m36[0m[0m[1m │ [0m[0m[32m+[0m[0m [0m[0m[1m[2m[32m→ [0m[0m[32m"[0m[0m[32md[0m[0m[32me[0m[0m[32mv[0m[0m[32mD[0m[0m[32me[0m[0m[32mp[0m[0m[32me[0m[0m[32mn[0m[0m[32md[0m[0m[32me[0m[0m[32mn[0m[0m[32mc[0m[0m[32mi[0m[0m[32me[0m[0m[32ms[0m[0m[32m"[0m[0m[32m:[0m[0m[2m[32m·[0m[0m[32m{[0m[0m
[0m[0m  [0m[0m  [0m[0m [0m[0m [0m[0m [0m[0m[1m37[0m[0m[1m │ [0m[0m[32m+[0m[0m [0m[0m[1m[2m[32m→ [0m[0m[1m[2m[32m→ [0m[0m[32m"[0m[0m[32m@[0m[0m[32mb[0m[0m[32mi[0m[0m[32mo[0m[0m[32mm[0m[0m[32me[0m[0m[32mj[0m[0m[32ms[0m[0m[32m/[0m[0m[32mb[0m[0m[32mi[0m[0m[32mo[0m[0m[32mm[0m[0m[32me[0m[0m[32m"[0m[0m[32m:[0m[0m[2m[32m·[0m[0m[32m"[0m[0m[32m2[0m[0m[32m.[0m[0m[32m4[0m[0m[32m.[0m[0m[32m6[0m[0m[32m"[0m[0m[32m,[0m[0m
[0m[0m  [0m[0m  [0m[0m [0m[0m [0m[0m [0m[0m[1m38[0m[0m[1m │ [0m[0m[32m+[0m[0m [0m[0m[1m[2m[32m→ [0m[0m[1m[2m[32m→ [0m[0m[32m"[0m[0m[32m@[0m[0m[32mt[0m[0m[32ma[0m[0m[32mn[0m[0m[32ms[0m[0m[32mt[0m[0m[32ma[0m[0m[32mc[0m[0m[32mk[0m[0m[32m/[0m[0m[32mr[0m[0m[32me[0m[0m[32ma[0m[0m[32mc[0m[0m[32mt[0m[0m[32m-[0m[0m[32mr[0m[0m[32mo[0m[0m[32mu[0m[0m[32mt[0m[0m[32me[0m[0m[32mr[0m[0m[32m-[0m[0m[32md[0m[0m[32me[0m[0m[32mv[0m[0m[32mt[0m[0m[32mo[0m[0m[32mo[0m[0m[32ml[0m[0m[32ms[0m[0m[32m"[0m[0m[32m:[0m[0m[2m[32m·[0m[0m[32m"[0m[0m[32m^[0m[0m[32m1[0m[0m[32m.[0m[0m[32m1[0m[0m[32m5[0m[0m[32m8[0m[0m[32m.[0m[0m[32m1[0m[0m[32m"[0m[0m[32m,[0m[0m
[0m[0m  [0m[0m  [0m[0m [0m[0m [0m[0m [0m[0m[1m39[0m[0m[1m │ [0m[0m[32m+[0m[0m [0m[0m[1m[2m[32m→ [0m[0m[1m[2m[32m→ [0m[0m[32m"[0m[0m[32m@[0m[0m[32mt[0m[0m[32ma[0m[0m[32mn[0m[0m[32ms[0m[0m[32mt[0m[0m[32ma[0m[0m[32mc[0m[0m[32mk[0m[0m[32m/[0m[0m[32mr[0m[0m[32mo[0m[0m[32mu[0m[0m[32mt[0m[0m[32me[0m[0m[32mr[0m[0m[32m-[0m[0m[32mc[0m[0m[32ml[0m[0m[32mi[0m[0m[32m"[0m[0m[32m:[0m[0m[2m[32m·[0m[0m[32m"[0m[0m[32m^[0m[0m[32m1[0m[0m[32m.[0m[0m[32m1[0m[0m[32m5[0m[0m[32m8[0m[0m[32m.[0m[0m[32m1[0m[0m[32m"[0m[0m[32m,[0m[0m
[0m[0m  [0m[0m  [0m[0m [0m[0m [0m[0m [0m[0m[1m40[0m[0m[1m │ [0m[0m[32m+[0m[0m [0m[0m[1m[2m[32m→ [0m[0m[1m[2m[32m→ [0m[0m[32m"[0m[0m[32m@[0m[0m[32mt[0m[0m[32ma[0m[0m[32mn[0m[0m[32ms[0m[0m[32mt[0m[0m[32ma[0m[0m[32mc[0m[0m[32mk[0m[0m[32m/[0m[0m[32mr[0m[0m[32mo[0m[0m[32mu[0m[0m[32mt[0m[0m[32me[0m[0m[32mr[0m[0m[32m-[0m[0m[32mp[0m[0m[32ml[0m[0m[32mu[0m[0m[32mg[0m[0m[32mi[0m[0m[32mn[0m[0m[32m"[0m[0m[32m:[0m[0m[2m[32m·[0m[0m[32m"[0m[0m[32m^[0m[0m[32m1[0m[0m[32m.[0m[0m[32m1[0m[0m[32m5[0m[0m[32m8[0m[0m[32m.[0m[0m[32m1[0m[0m[32m"[0m[0m[32m,[0m[0m
[0m[0m  [0m[0m  [0m[0m [0m[0m [0m[0m [0m[0m[1m41[0m[0m[1m │ [0m[0m[32m+[0m[0m [0m[0m[1m[2m[32m→ [0m[0m[1m[2m[32m→ [0m[0m[32m"[0m[0m[32m@[0m[0m[32mt[0m[0m[32ma[0m[0m[32mn[0m[0m[32ms[0m[0m[32mt[0m[0m[32ma[0m[0m[32mc[0m[0m[32mk[0m[0m[32m/[0m[0m[32mr[0m[0m[32mo[0m[0m[32mu[0m[0m[32mt[0m[0m[32me[0m[0m[32mr[0m[0m[32m-[0m[0m[32mv[0m[0m[32mi[0m[0m[32mt[0m[0m[32me[0m[0m[32m-[0m[0m[32mp[0m[0m[32ml[0m[0m[32mu[0m[0m[32mg[0m[0m[32mi[0m[0m[32mn[0m[0m[32m"[0m[0m[32m:[0m[0m[2m[32m·[0m[0m[32m"[0m[0m[32m^[0m[0m[32m1[0m[0m[32m.[0m[0m[32m1[0m[0m[32m5[0m[0m[32m8[0m[0m[32m.[0m[0m[32m1[0m[0m[32m"[0m[0m[32m,[0m[0m
[0m[0m  [0m[0m  [0m[0m [0m[0m [0m[0m [0m[0m[1m42[0m[0m[1m │ [0m[0m[32m+[0m[0m [0m[0m[1m[2m[32m→ [0m[0m[1m[2m[32m→ [0m[0m[32m"[0m[0m[32m@[0m[0m[32mt[0m[0m[32my[0m[0m[32mp[0m[0m[32me[0m[0m[32ms[0m[0m[32m/[0m[0m[32mj[0m[0m[32ms[0m[0m[32m-[0m[0m[32mc[0m[0m[32mo[0m[0m[32mo[0m[0m[32mk[0m[0m[32mi[0m[0m[32me[0m[0m[32m"[0m[0m[32m:[0m[0m[2m[32m·[0m[0m[32m"[0m[0m[32m^[0m[0m[32m3[0m[0m[32m.[0m[0m[32m0[0m[0m[32m.[0m[0m[32m6[0m[0m[32m"[0m[0m[32m,[0m[0m
[0m[0m  [0m[0m  [0m[0m [0m[0m [0m[0m [0m[0m[1m43[0m[0m[1m │ [0m[0m[32m+[0m[0m [0m[0m[1m[2m[32m→ [0m[0m[1m[2m[32m→ [0m[0m[32m"[0m[0m[32m@[0m[0m[32mt[0m[0m[32my[0m[0m[32mp[0m[0m[32me[0m[0m[32ms[0m[0m[32m/[0m[0m[32mr[0m[0m[32me[0m[0m[32ma[0m[0m[32mc[0m[0m[32mt[0m[0m[32m"[0m[0m[32m:[0m[0m[2m[32m·[0m[0m[32m"[0m[0m[32m^[0m[0m[32m1[0m[0m[32m8[0m[0m[32m.[0m[0m[32m3[0m[0m[32m.[0m[0m[32m2[0m[0m[32m8[0m[0m[32m"[0m[0m[32m,[0m[0m
[0m[0m  [0m[0m  [0m[0m [0m[0m [0m[0m [0m[0m[1m44[0m[0m[1m │ [0m[0m[32m+[0m[0m [0m[0m[1m[2m[32m→ [0m[0m[1m[2m[32m→ [0m[0m[32m"[0m[0m[32m@[0m[0m[32mt[0m[0m[32my[0m[0m[32mp[0m[0m[32me[0m[0m[32ms[0m[0m[32m/[0m[0m[32mr[0m[0m[32me[0m[0m[32ma[0m[0m[32mc[0m[0m[32mt[0m[0m[32m-[0m[0m[32md[0m[0m[32mo[0m[0m[32mm[0m[0m[32m"[0m[0m[32m:[0m[0m[2m[32m·[0m[0m[32m"[0m[0m[32m^[0m[0m[32m1[0m[0m[32m8[0m[0m[32m.[0m[0m[32m3[0m[0m[32m.[0m[0m[32m7[0m[0m[32m"[0m[0m[32m,[0m[0m
[0m[0m  [0m[0m  [0m[0m [0m[0m [0m[0m [0m[0m[1m45[0m[0m[1m │ [0m[0m[32m+[0m[0m [0m[0m[1m[2m[32m→ [0m[0m[1m[2m[32m→ [0m[0m[32m"[0m[0m[32m@[0m[0m[32mv[0m[0m[32mi[0m[0m[32mt[0m[0m[32me[0m[0m[32mj[0m[0m[32ms[0m[0m[32m/[0m[0m[32mp[0m[0m[32ml[0m[0m[32mu[0m[0m[32mg[0m[0m[32mi[0m[0m[32mn[0m[0m[32m-[0m[0m[32mr[0m[0m[32me[0m[0m[32ma[0m[0m[32mc[0m[0m[32mt[0m[0m[32m"[0m[0m[32m:[0m[0m[2m[32m·[0m[0m[32m"[0m[0m[32m^[0m[0m[32m5[0m[0m[32m.[0m[0m[32m1[0m[0m[32m.[0m[0m[32m3[0m[0m[32m"[0m[0m[32m,[0m[0m
[0m[0m  [0m[0m  [0m[0m [0m[0m [0m[0m [0m[0m[1m46[0m[0m[1m │ [0m[0m[32m+[0m[0m [0m[0m[1m[2m[32m→ [0m[0m[1m[2m[32m→ [0m[0m[32m"[0m[0m[32ma[0m[0m[32mu[0m[0m[32mt[0m[0m[32mo[0m[0m[32mp[0m[0m[32mr[0m[0m[32me[0m[0m[32mf[0m[0m[32mi[0m[0m[32mx[0m[0m[32me[0m[0m[32mr[0m[0m[32m"[0m[0m[32m:[0m[0m[2m[32m·[0m[0m[32m"[0m[0m[32m^[0m[0m[32m1[0m[0m[32m0[0m[0m[32m.[0m[0m[32m4[0m[0m[32m.[0m[0m[32m2[0m[0m[32m4[0m[0m[32m"[0m[0m[32m,[0m[0m
[0m[0m  [0m[0m  [0m[0m [0m[0m [0m[0m [0m[0m[1m47[0m[0m[1m │ [0m[0m[32m+[0m[0m [0m[0m[1m[2m[32m→ [0m[0m[1m[2m[32m→ [0m[0m[32m"[0m[0m[32mb[0m[0m[32ma[0m[0m[32ms[0m[0m[32me[0m[0m[32ml[0m[0m[32mi[0m[0m[32mn[0m[0m[32me[0m[0m[32m-[0m[0m[32mb[0m[0m[32mr[0m[0m[32mo[0m[0m[32mw[0m[0m[32ms[0m[0m[32me[0m[0m[32mr[0m[0m[32m-[0m[0m[32mm[0m[0m[32ma[0m[0m[32mp[0m[0m[32mp[0m[0m[32mi[0m[0m[32mn[0m[0m[32mg[0m[0m[32m"[0m[0m[32m:[0m[0m[2m[32m·[0m[0m[32m"[0m[0m[32m^[0m[0m[32m2[0m[0m[32m.[0m[0m[32m9[0m[0m[32m.[0m[0m[32m1[0m[0m[32m9[0m[0m[32m"[0m[0m[32m,[0m[0m
[0m[0m  [0m[0m  [0m[0m [0m[0m [0m[0m [0m[0m[1m48[0m[0m[1m │ [0m[0m[32m+[0m[0m [0m[0m[1m[2m[32m→ [0m[0m[1m[2m[32m→ [0m[0m[32m"[0m[0m[32mg[0m[0m[32ml[0m[0m[32mo[0m[0m[32mb[0m[0m[32ma[0m[0m[32ml[0m[0m[32ms[0m[0m[32m"[0m[0m[32m:[0m[0m[2m[32m·[0m[0m[32m"[0m[0m[32m^[0m[0m[32m1[0m[0m[32m6[0m[0m[32m.[0m[0m[32m5[0m[0m[32m.[0m[0m[32m0[0m[0m[32m"[0m[0m[32m,[0m[0m
[0m[0m  [0m[0m  [0m[0m [0m[0m [0m[0m [0m[0m[1m49[0m[0m[1m │ [0m[0m[32m+[0m[0m [0m[0m[1m[2m[32m→ [0m[0m[1m[2m[32m→ [0m[0m[32m"[0m[0m[32mj[0m[0m[32mi[0m[0m[32mt[0m[0m[32mi[0m[0m[32m"[0m[0m[32m:[0m[0m[2m[32m·[0m[0m[32m"[0m[0m[32m^[0m[0m[32m2[0m[0m[32m.[0m[0m[32m6[0m[0m[32m.[0m[0m[32m1[0m[0m[32m"[0m[0m[32m,[0m[0m
[0m[0m  [0m[0m  [0m[0m [0m[0m [0m[0m [0m[0m[1m50[0m[0m[1m │ [0m[0m[32m+[0m[0m [0m[0m[1m[2m[32m→ [0m[0m[1m[2m[32m→ [0m[0m[32m"[0m[0m[32mp[0m[0m[32mo[0m[0m[32ms[0m[0m[32mt[0m[0m[32mc[0m[0m[32ms[0m[0m[32ms[0m[0m[32m"[0m[0m[32m:[0m[0m[2m[32m·[0m[0m[32m"[0m[0m[32m^[0m[0m[32m8[0m[0m[32m.[0m[0m[32m5[0m[0m[32m.[0m[0m[32m6[0m[0m[32m"[0m[0m[32m,[0m[0m
[0m[0m  [0m[0m  [0m[0m [0m[0m [0m[0m [0m[0m[1m51[0m[0m[1m │ [0m[0m[32m+[0m[0m [0m[0m[1m[2m[32m→ [0m[0m[1m[2m[32m→ [0m[0m[32m"[0m[0m[32mr[0m[0m[32me[0m[0m[32ma[0m[0m[32mc[0m[0m[32mt[0m[0m[32m-[0m[0m[32mi[0m[0m[32mc[0m[0m[32mo[0m[0m[32mn[0m[0m[32ms[0m[0m[32m"[0m[0m[32m:[0m[0m[2m[32m·[0m[0m[32m"[0m[0m[32m^[0m[0m[32m5[0m[0m[32m.[0m[0m[32m5[0m[0m[32m.[0m[0m[32m0[0m[0m[32m"[0m[0m[32m,[0m[0m
[0m[0m  [0m[0m  [0m[0m [0m[0m [0m[0m [0m[0m[1m52[0m[0m[1m │ [0m[0m[32m+[0m[0m [0m[0m[1m[2m[32m→ [0m[0m[1m[2m[32m→ [0m[0m[32m"[0m[0m[32ms[0m[0m[32ma[0m[0m[32ms[0m[0m[32ms[0m[0m[32m"[0m[0m[32m:[0m[0m[2m[32m·[0m[0m[32m"[0m[0m[32m^[0m[0m[32m1[0m[0m[32m.[0m[0m[32m9[0m[0m[32m7[0m[0m[32m.[0m[0m[32m3[0m[0m[32m"[0m[0m[32m,[0m[0m
[0m[0m  [0m[0m  [0m[0m [0m[0m [0m[0m [0m[0m[1m53[0m[0m[1m │ [0m[0m[32m+[0m[0m [0m[0m[1m[2m[32m→ [0m[0m[1m[2m[32m→ [0m[0m[32m"[0m[0m[32mt[0m[0m[32my[0m[0m[32mp[0m[0m[32me[0m[0m[32ms[0m[0m[32mc[0m[0m[32mr[0m[0m[32mi[0m[0m[32mp[0m[0m[32mt[0m[0m[32m"[0m[0m[32m:[0m[0m[2m[32m·[0m[0m[32m"[0m[0m[32m^[0m[0m[32m5[0m[0m[32m.[0m[0m[32m9[0m[0m[32m.[0m[0m[32m3[0m[0m[32m"[0m[0m[32m,[0m[0m
[0m[0m  [0m[0m  [0m[0m [0m[0m [0m[0m [0m[0m[1m54[0m[0m[1m │ [0m[0m[32m+[0m[0m [0m[0m[1m[2m[32m→ [0m[0m[1m[2m[32m→ [0m[0m[32m"[0m[0m[32mv[0m[0m[32mi[0m[0m[32mt[0m[0m[32me[0m[0m[32m"[0m[0m[32m:[0m[0m[2m[32m·[0m[0m[32m"[0m[0m[32m^[0m[0m[32m6[0m[0m[32m.[0m[0m[32m4[0m[0m[32m.[0m[0m[32m1[0m[0m[32m"[0m[0m[32m,[0m[0m
[0m[0m  [0m[0m  [0m[0m [0m[0m [0m[0m [0m[0m[1m55[0m[0m[1m │ [0m[0m[32m+[0m[0m [0m[0m[1m[2m[32m→ [0m[0m[1m[2m[32m→ [0m[0m[32m"[0m[0m[32mv[0m[0m[32mi[0m[0m[32mt[0m[0m[32me[0m[0m[32m-[0m[0m[32mp[0m[0m[32ml[0m[0m[32mu[0m[0m[32mg[0m[0m[32mi[0m[0m[32mn[0m[0m[32m-[0m[0m[32mc[0m[0m[32mo[0m[0m[32mm[0m[0m[32mp[0m[0m[32mr[0m[0m[32me[0m[0m[32ms[0m[0m[32ms[0m[0m[32mi[0m[0m[32mo[0m[0m[32mn[0m[0m[32m"[0m[0m[32m:[0m[0m[2m[32m·[0m[0m[32m"[0m[0m[32m^[0m[0m[32m0[0m[0m[32m.[0m[0m[32m5[0m[0m[32m.[0m[0m[32m1[0m[0m[32m"[0m[0m[32m,[0m[0m
[0m[0m  [0m[0m  [0m[0m [0m[0m [0m[0m [0m[0m[1m56[0m[0m[1m │ [0m[0m[32m+[0m[0m [0m[0m[1m[2m[32m→ [0m[0m[1m[2m[32m→ [0m[0m[32m"[0m[0m[32mv[0m[0m[32mi[0m[0m[32mt[0m[0m[32me[0m[0m[32m-[0m[0m[32mp[0m[0m[32ml[0m[0m[32mu[0m[0m[32mg[0m[0m[32mi[0m[0m[32mn[0m[0m[32m-[0m[0m[32md[0m[0m[32me[0m[0m[32mv[0m[0m[32mt[0m[0m[32mo[0m[0m[32mo[0m[0m[32ml[0m[0m[32ms[0m[0m[32m-[0m[0m[32mj[0m[0m[32ms[0m[0m[32mo[0m[0m[32mn[0m[0m[32m"[0m[0m[32m:[0m[0m[2m[32m·[0m[0m[32m"[0m[0m[32m^[0m[0m[32m0[0m[0m[32m.[0m[0m[32m2[0m[0m[32m.[0m[0m[32m1[0m[0m[32m"[0m[0m[32m,[0m[0m
[0m[0m  [0m[0m  [0m[0m [0m[0m [0m[0m [0m[0m[1m57[0m[0m[1m │ [0m[0m[32m+[0m[0m [0m[0m[1m[2m[32m→ [0m[0m[1m[2m[32m→ [0m[0m[32m"[0m[0m[32mv[0m[0m[32mi[0m[0m[32mt[0m[0m[32me[0m[0m[32m-[0m[0m[32mp[0m[0m[32ml[0m[0m[32mu[0m[0m[32mg[0m[0m[32mi[0m[0m[32mn[0m[0m[32m-[0m[0m[32mm[0m[0m[32mk[0m[0m[32mc[0m[0m[32me[0m[0m[32mr[0m[0m[32mt[0m[0m[32m"[0m[0m[32m:[0m[0m[2m[32m·[0m[0m[32m"[0m[0m[32m^[0m[0m[32m1[0m[0m[32m.[0m[0m[32m1[0m[0m[32m7[0m[0m[32m.[0m[0m[32m9[0m[0m[32m"[0m[0m[32m,[0m[0m
[0m[0m  [0m[0m  [0m[0m [0m[0m [0m[0m [0m[0m[1m58[0m[0m[1m │ [0m[0m[32m+[0m[0m [0m[0m[1m[2m[32m→ [0m[0m[1m[2m[32m→ [0m[0m[32m"[0m[0m[32mv[0m[0m[32mi[0m[0m[32mt[0m[0m[32me[0m[0m[32m-[0m[0m[32mt[0m[0m[32ms[0m[0m[32mc[0m[0m[32mo[0m[0m[32mn[0m[0m[32mf[0m[0m[32mi[0m[0m[32mg[0m[0m[32m-[0m[0m[32mp[0m[0m[32ma[0m[0m[32mt[0m[0m[32mh[0m[0m[32ms[0m[0m[32m"[0m[0m[32m:[0m[0m[2m[32m·[0m[0m[32m"[0m[0m[32m^[0m[0m[32m4[0m[0m[32m.[0m[0m[32m3[0m[0m[32m.[0m[0m[32m2[0m[0m[32m"[0m[0m
[0m[0m  [0m[0m  [0m[0m [0m[0m [0m[0m [0m[0m[1m59[0m[0m[1m │ [0m[0m[32m+[0m[0m [0m[0m[1m[2m[32m→ [0m[0m[32m}[0m[0m[32m,[0m[0m
[0m[0m  [0m[0m  [0m[0m [0m[0m [0m[0m [0m[0m[1m60[0m[0m[1m │ [0m[0m[32m+[0m[0m [0m[0m[1m[2m[32m→ [0m[0m[32m"[0m[0m[32me[0m[0m[32mn[0m[0m[32mg[0m[0m[32mi[0m[0m[32mn[0m[0m[32me[0m[0m[32ms[0m[0m[32m"[0m[0m[32m:[0m[0m[2m[32m·[0m[0m[32m{[0m[0m
[0m[0m  [0m[0m  [0m[0m [0m[0m [0m[0m [0m[0m[1m61[0m[0m[1m │ [0m[0m[32m+[0m[0m [0m[0m[1m[2m[32m→ [0m[0m[1m[2m[32m→ [0m[0m[32m"[0m[0m[32mn[0m[0m[32mo[0m[0m[32md[0m[0m[32me[0m[0m[32m"[0m[0m[32m:[0m[0m[2m[32m·[0m[0m[32m"[0m[0m[32m>[0m[0m[32m=[0m[0m[32m2[0m[0m[32m0[0m[0m[32m.[0m[0m[32m0[0m[0m[32m.[0m[0m[32m0[0m[0m[32m"[0m[0m
[0m[0m  [0m[0m  [0m[0m [0m[0m [0m[0m [0m[0m[1m62[0m[0m[1m │ [0m[0m[32m+[0m[0m [0m[0m[1m[2m[32m→ [0m[0m[32m}[0m[0m[32m,[0m[0m
[0m[0m  [0m[0m  [0m[0m [0m[0m [0m[0m [0m[0m[1m63[0m[0m[1m │ [0m[0m[32m+[0m[0m [0m[0m[1m[2m[32m→ [0m[0m[32m"[0m[0m[32mb[0m[0m[32mr[0m[0m[32mo[0m[0m[32mw[0m[0m[32ms[0m[0m[32me[0m[0m[32mr[0m[0m[32ms[0m[0m[32ml[0m[0m[32mi[0m[0m[32ms[0m[0m[32mt[0m[0m[32m"[0m[0m[32m:[0m[0m[2m[32m·[0m[0m[32m[[0m[0m
[0m[0m  [0m[0m  [0m[0m [0m[0m [0m[0m [0m[0m[1m64[0m[0m[1m │ [0m[0m[32m+[0m[0m [0m[0m[1m[2m[32m→ [0m[0m[1m[2m[32m→ [0m[0m[32m"[0m[0m[32m>[0m[0m[2m[32m·[0m[0m[32m1[0m[0m[32m%[0m[0m[32m"[0m[0m[32m,[0m[0m
[0m[0m  [0m[0m  [0m[0m [0m[0m [0m[0m [0m[0m[1m65[0m[0m[1m │ [0m[0m[32m+[0m[0m [0m[0m[1m[2m[32m→ [0m[0m[1m[2m[32m→ [0m[0m[32m"[0m[0m[32ml[0m[0m[32ma[0m[0m[32ms[0m[0m[32mt[0m[0m[2m[32m·[0m[0m[32m2[0m[0m[2m[32m·[0m[0m[32mv[0m[0m[32me[0m[0m[32mr[0m[0m[32ms[0m[0m[32mi[0m[0m[32mo[0m[0m[32mn[0m[0m[32ms[0m[0m[32m"[0m[0m[32m,[0m[0m
[0m[0m  [0m[0m  [0m[0m [0m[0m [0m[0m [0m[0m[1m66[0m[0m[1m │ [0m[0m[32m+[0m[0m [0m[0m[1m[2m[32m→ [0m[0m[1m[2m[32m→ [0m[0m[32m"[0m[0m[32mn[0m[0m[32mo[0m[0m[32mt[0m[0m[2m[32m·[0m[0m[32md[0m[0m[32me[0m[0m[32ma[0m[0m[32md[0m[0m[32m"[0m[0m[32m,[0m[0m
[0m[0m  [0m[0m  [0m[0m [0m[0m [0m[0m [0m[0m[1m67[0m[0m[1m │ [0m[0m[32m+[0m[0m [0m[0m[1m[2m[32m→ [0m[0m[1m[2m[32m→ [0m[0m[32m"[0m[0m[32mi[0m[0m[32me[0m[0m[2m[32m·[0m[0m[32m>[0m[0m[32m=[0m[0m[2m[32m·[0m[0m[32m1[0m[0m[32m1[0m[0m[32m"[0m[0m
[0m[0m  [0m[0m  [0m[0m [0m[0m [0m[0m [0m[0m[1m68[0m[0m[1m │ [0m[0m[32m+[0m[0m [0m[0m[1m[2m[32m→ [0m[0m[32m][0m[0m
[0m[0m  [0m[0m  [0m[0m[1m69[0m[0m [0m[0m[1m69[0m[0m[1m │ [0m[0m [0m[0m [0m[0m}[0m[0m
[0m[0m  [0m[0m  [0m[0m[1m70[0m[0m [0m[0m[1m70[0m[0m[1m │ [0m[0m [0m[0m [0m[0m
[0m[0m  [0m[0m
[0m
[0msrc/components/landing/CTASection.tsx[0m[0m:[0m[0m92[0m[0m:[0m[0m7[0m[0m [0m[0m]8;;https://biomejs.dev/linter/rules/use-button-type\lint/a11y/useButtonType]8;;\[0m[0m [0m[0m━━━━━━━━━━━━━━━━━━━━━━━━━━━━━━━━━━━━━━━━━━━━━━━━━━━━━━━━━━━━━━━━━━━━━━━━━━━━━━━━━━━━━━━━━━━━━━━━━━━━━━━━━━━━━━━━━━━━━━━━━━━━━━━━[0m[0m

[0m[0m  [0m[0m[1m[31m✖[0m[0m [0m[0m[31mProvide an explicit [0m[0m[1m[31mtype[0m[0m[31m prop for the [0m[0m[1m[31mbutton[0m[0m[31m element.[0m[0m
[0m[0m  [0m[0m
[0m[0m  [0m[0m  [0m[0m[1m90 │ [0m[0m	[0m[0m	[0m[0m	[0m[0m	[0m[0m	[0m[0m	[0m[0m}[0m[0m}[0m[0m
[0m[0m  [0m[0m  [0m[0m[1m91 │ [0m[0m	[0m[0m	[0m[0m	[0m[0m	[0m[0m	[0m[0m>[0m[0m
[0m[0m  [0m[0m[1m[31m>[0m[0m [0m[0m[1m92 │ [0m[0m	[0m[0m	[0m[0m	[0m[0m	[0m[0m	[0m[0m	[0m[0m<[0m[0mb[0m[0mu[0m[0mt[0m[0mt[0m[0mo[0m[0mn[0m[0m
[0m[0m  [0m[0m [0m[0m [0m[0m[1m   │ [0m[0m	[0m[0m	[0m[0m	[0m[0m	[0m[0m	[0m[0m	[0m[0m[1m[31m^[0m[0m[1m[31m^[0m[0m[1m[31m^[0m[0m[1m[31m^[0m[0m[1m[31m^[0m[0m[1m[31m^[0m[0m[1m[31m^[0m[0m
[0m[0m  [0m[0m[1m[31m>[0m[0m [0m[0m[1m93 │ [0m[0m	[0m[0m	[0m[0m	[0m[0m	[0m[0m	[0m[0m	[0m[0m	[0m[0mo[0m[0mn[0m[0mC[0m[0ml[0m[0mi[0m[0mc[0m[0mk[0m[0m=[0m[0m{[0m[0mo[0m[0mn[0m[0mG[0m[0me[0m[0mt[0m[0mS[0m[0mt[0m[0ma[0m[0mr[0m[0mt[0m[0me[0m[0md[0m[0m}[0m[0m
[0m[0m  [0m[0m[1m[31m>[0m[0m [0m[0m[1m94 │ [0m[0m	[0m[0m	[0m[0m	[0m[0m	[0m[0m	[0m[0m	[0m[0m	[0m[0ms[0m[0mt[0m[0my[0m[0ml[0m[0me[0m[0m=[0m[0m{[0m[0mb[0m[0mu[0m[0mt[0m[0mt[0m[0mo[0m[0mn[0m[0mS[0m[0mt[0m[0my[0m[0ml[0m[0me[0m[0ms[0m[0m}[0m[0m
[0m[0m  [0m[0m[1m[31m>[0m[0m [0m[0m[1m95 │ [0m[0m	[0m[0m	[0m[0m	[0m[0m	[0m[0m	[0m[0m	[0m[0m	[0m[0mo[0m[0mn[0m[0mM[0m[0mo[0m[0mu[0m[0ms[0m[0me[0m[0mE[0m[0mn[0m[0mt[0m[0me[0m[0mr[0m[0m=[0m[0m{[0m[0m([0m[0me[0m[0m)[0m[0m [0m[0m=[0m[0m>[0m[0m [0m[0mh[0m[0ma[0m[0mn[0m[0md[0m[0ml[0m[0me[0m[0mB[0m[0mu[0m[0mt[0m[0mt[0m[0mo[0m[0mn[0m[0mH[0m[0mo[0m[0mv[0m[0me[0m[0mr[0m[0m([0m[0me[0m[0m,[0m[0m [0m[0m1[0m[0m.[0m[0m0[0m[0m5[0m[0m)[0m[0m}[0m[0m
[0m[0m  [0m[0m[1m[31m>[0m[0m [0m[0m[1m96 │ [0m[0m	[0m[0m	[0m[0m	[0m[0m	[0m[0m	[0m[0m	[0m[0m	[0m[0mo[0m[0mn[0m[0mM[0m[0mo[0m[0mu[0m[0ms[0m[0me[0m[0mL[0m[0me[0m[0ma[0m[0mv[0m[0me[0m[0m=[0m[0m{[0m[0m([0m[0me[0m[0m)[0m[0m [0m[0m=[0m[0m>[0m[0m [0m[0mh[0m[0ma[0m[0mn[0m[0md[0m[0ml[0m[0me[0m[0mB[0m[0mu[0m[0mt[0m[0mt[0m[0mo[0m[0mn[0m[0mH[0m[0mo[0m[0mv[0m[0me[0m[0mr[0m[0m([0m[0me[0m[0m,[0m[0m [0m[0m1[0m[0m)[0m[0m}[0m[0m
[0m[0m  [0m[0m[1m[31m>[0m[0m [0m[0m[1m97 │ [0m[0m	[0m[0m	[0m[0m	[0m[0m	[0m[0m	[0m[0m	[0m[0m>[0m[0m
[0m[0m  [0m[0m [0m[0m [0m[0m[1m   │ [0m[0m	[0m[0m	[0m[0m	[0m[0m	[0m[0m	[0m[0m	[0m[0m[1m[31m^[0m[0m
[0m[0m  [0m[0m  [0m[0m[1m98 │ [0m[0m	[0m[0m	[0m[0m	[0m[0m	[0m[0m	[0m[0m	[0m[0m	[0m[0mS[0m[0mt[0m[0ma[0m[0mr[0m[0mt[0m[0m [0m[0mY[0m[0mo[0m[0mu[0m[0mr[0m[0m [0m[0mJ[0m[0mo[0m[0mu[0m[0mr[0m[0mn[0m[0me[0m[0my[0m[0m
[0m[0m  [0m[0m  [0m[0m[1m99 │ [0m[0m	[0m[0m	[0m[0m	[0m[0m	[0m[0m	[0m[0m	[0m[0m	[0m[0m<[0m[0mA[0m[0mr[0m[0mr[0m[0mo[0m[0mw[0m[0mF[0m[0mo[0m[0mr[0m[0mw[0m[0ma[0m[0mr[0m[0md[0m[0mI[0m[0mc[0m[0mo[0m[0mn[0m[0m [0m[0m/[0m[0m>[0m[0m
[0m[0m  [0m[0m
[0m[0m  [0m[0m[1m[34mℹ[0m[0m [0m[0m[34mThe default [0m[0m[1m[34mtype[0m[0m[34m of a button is [0m[0m[1m[34msubmit[0m[0m[34m, which causes the submission of a form when placed inside a `form` element. This is likely not the behaviour that you want inside a React application.[0m[0m
[0m[0m  [0m[0m
[0m[0m  [0m[0m[1m[34mℹ[0m[0m [0m[0m[34mAllowed button types are: [0m[0m[1m[34msubmit[0m[0m[34m, [0m[0m[1m[34mbutton[0m[0m[34m or [0m[0m[1m[34mreset[0m[0m
[0m[0m  [0m[0m
[0m
[0msrc/components/landing/FeaturesSection.tsx[0m[0m:[0m[0m61[0m[0m:[0m[0m40[0m[0m [0m[0m]8;;https://biomejs.dev/linter/rules/no-array-index-key\lint/suspicious/noArrayIndexKey]8;;\[0m[0m [0m[0m━━━━━━━━━━━━━━━━━━━━━━━━━━━━━━━━━━━━━━━━━━━━━━━━━━━━━━━━━━━━━━━━━━━━━━━━━━━━━━━━━━━━━━━━━━━━━━━━━━━━━━━━━━━━━━━━━━[0m[0m

[0m[0m  [0m[0m[1m[31m✖[0m[0m [0m[0m[31mAvoid using the index of an array as key property in an element.[0m[0m
[0m[0m  [0m[0m
[0m[0m  [0m[0m  [0m[0m[1m59 │ [0m[0m	[0m[0m	[0m[0m	[0m[0m	[0m[0m<[0m[0mG[0m[0mr[0m[0mi[0m[0md[0m[0m [0m[0mc[0m[0mo[0m[0mn[0m[0mt[0m[0ma[0m[0mi[0m[0mn[0m[0me[0m[0mr[0m[0m [0m[0ms[0m[0mp[0m[0ma[0m[0mc[0m[0mi[0m[0mn[0m[0mg[0m[0m=[0m[0m{[0m[0m4[0m[0m}[0m[0m>[0m[0m
[0m[0m  [0m[0m  [0m[0m[1m60 │ [0m[0m	[0m[0m	[0m[0m	[0m[0m	[0m[0m	[0m[0m{[0m[0mf[0m[0me[0m[0ma[0m[0mt[0m[0mu[0m[0mr[0m[0me[0m[0ms[0m[0m.[0m[0mm[0m[0ma[0m[0mp[0m[0m([0m[0m([0m[0mf[0m[0me[0m[0ma[0m[0mt[0m[0mu[0m[0mr[0m[0me[0m[0m,[0m[0m [0m[0mi[0m[0mn[0m[0md[0m[0me[0m[0mx[0m[0m)[0m[0m [0m[0m=[0m[0m>[0m[0m [0m[0m([0m[0m
[0m[0m  [0m[0m[1m[31m>[0m[0m [0m[0m[1m61 │ [0m[0m	[0m[0m	[0m[0m	[0m[0m	[0m[0m	[0m[0m	[0m[0m<[0m[0mG[0m[0mr[0m[0mi[0m[0md[0m[0m [0m[0mx[0m[0ms[0m[0m=[0m[0m{[0m[0m1[0m[0m2[0m[0m}[0m[0m [0m[0mm[0m[0md[0m[0m=[0m[0m{[0m[0m6[0m[0m}[0m[0m [0m[0ml[0m[0mg[0m[0m=[0m[0m{[0m[0m4[0m[0m}[0m[0m [0m[0mk[0m[0me[0m[0my[0m[0m=[0m[0m{[0m[0mi[0m[0mn[0m[0md[0m[0me[0m[0mx[0m[0m}[0m[0m>[0m[0m
[0m[0m  [0m[0m [0m[0m [0m[0m[1m   │ [0m[0m	[0m[0m	[0m[0m	[0m[0m	[0m[0m	[0m[0m	[0m[0m [0m[0m [0m[0m [0m[0m [0m[0m [0m[0m [0m[0m [0m[0m [0m[0m [0m[0m [0m[0m [0m[0m [0m[0m [0m[0m [0m[0m [0m[0m [0m[0m [0m[0m [0m[0m [0m[0m [0m[0m [0m[0m [0m[0m [0m[0m [0m[0m [0m[0m [0m[0m [0m[0m [0m[0m [0m[0m [0m[0m [0m[0m [0m[0m [0m[0m[1m[31m^[0m[0m[1m[31m^[0m[0m[1m[31m^[0m[0m[1m[31m^[0m[0m[1m[31m^[0m[0m
[0m[0m  [0m[0m  [0m[0m[1m62 │ [0m[0m	[0m[0m	[0m[0m	[0m[0m	[0m[0m	[0m[0m	[0m[0m	[0m[0m<[0m[0mC[0m[0ma[0m[0mr[0m[0md[0m[0m
[0m[0m  [0m[0m  [0m[0m[1m63 │ [0m[0m	[0m[0m	[0m[0m	[0m[0m	[0m[0m	[0m[0m	[0m[0m	[0m[0m	[0m[0ms[0m[0mx[0m[0m=[0m[0m{[0m[0m{[0m[0m
[0m[0m  [0m[0m
[0m[0m  [0m[0m[1m[34mℹ[0m[0m [0m[0m[34mThis is the source of the key value.[0m[0m
[0m[0m  [0m[0m
[0m[0m  [0m[0m  [0m[0m[1m59 │ [0m[0m	[0m[0m	[0m[0m	[0m[0m	[0m[0m<[0m[0mG[0m[0mr[0m[0mi[0m[0md[0m[0m [0m[0mc[0m[0mo[0m[0mn[0m[0mt[0m[0ma[0m[0mi[0m[0mn[0m[0me[0m[0mr[0m[0m [0m[0ms[0m[0mp[0m[0ma[0m[0mc[0m[0mi[0m[0mn[0m[0mg[0m[0m=[0m[0m{[0m[0m4[0m[0m}[0m[0m>[0m[0m
[0m[0m  [0m[0m[1m[31m>[0m[0m [0m[0m[1m60 │ [0m[0m	[0m[0m	[0m[0m	[0m[0m	[0m[0m	[0m[0m{[0m[0mf[0m[0me[0m[0ma[0m[0mt[0m[0mu[0m[0mr[0m[0me[0m[0ms[0m[0m.[0m[0mm[0m[0ma[0m[0mp[0m[0m([0m[0m([0m[0mf[0m[0me[0m[0ma[0m[0mt[0m[0mu[0m[0mr[0m[0me[0m[0m,[0m[0m [0m[0mi[0m[0mn[0m[0md[0m[0me[0m[0mx[0m[0m)[0m[0m [0m[0m=[0m[0m>[0m[0m [0m[0m([0m[0m
[0m[0m  [0m[0m [0m[0m [0m[0m[1m   │ [0m[0m	[0m[0m	[0m[0m	[0m[0m	[0m[0m	[0m[0m [0m[0m [0m[0m [0m[0m [0m[0m [0m[0m [0m[0m [0m[0m [0m[0m [0m[0m [0m[0m [0m[0m [0m[0m [0m[0m [0m[0m [0m[0m [0m[0m [0m[0m [0m[0m [0m[0m [0m[0m [0m[0m [0m[0m [0m[0m [0m[0m[1m[31m^[0m[0m[1m[31m^[0m[0m[1m[31m^[0m[0m[1m[31m^[0m[0m[1m[31m^[0m[0m
[0m[0m  [0m[0m  [0m[0m[1m61 │ [0m[0m	[0m[0m	[0m[0m	[0m[0m	[0m[0m	[0m[0m	[0m[0m<[0m[0mG[0m[0mr[0m[0mi[0m[0md[0m[0m [0m[0mx[0m[0ms[0m[0m=[0m[0m{[0m[0m1[0m[0m2[0m[0m}[0m[0m [0m[0mm[0m[0md[0m[0m=[0m[0m{[0m[0m6[0m[0m}[0m[0m [0m[0ml[0m[0mg[0m[0m=[0m[0m{[0m[0m4[0m[0m}[0m[0m [0m[0mk[0m[0me[0m[0my[0m[0m=[0m[0m{[0m[0mi[0m[0mn[0m[0md[0m[0me[0m[0mx[0m[0m}[0m[0m>[0m[0m
[0m[0m  [0m[0m  [0m[0m[1m62 │ [0m[0m	[0m[0m	[0m[0m	[0m[0m	[0m[0m	[0m[0m	[0m[0m	[0m[0m<[0m[0mC[0m[0ma[0m[0mr[0m[0md[0m[0m
[0m[0m  [0m[0m
[0m[0m  [0m[0m[1m[34mℹ[0m[0m [0m[0m[34mThe order of the items may change, and this also affects performances and component state.[0m[0m
[0m[0m  [0m[0m
[0m[0m  [0m[0m[1m[34mℹ[0m[0m [0m[0m[34mCheck the [0m[0m[34m]8;;https://reactjs.org/docs/lists-and-keys.html#keys\React documentation]8;;\[0m[0m[34m. [0m[0m
[0m[0m  [0m[0m
[0m
[0msrc/components/landing/HeroSection.tsx[0m[0m:[0m[0m135[0m[0m:[0m[0m7[0m[0m [0m[0m]8;;https://biomejs.dev/linter/rules/use-button-type\lint/a11y/useButtonType]8;;\[0m[0m [0m[0m━━━━━━━━━━━━━━━━━━━━━━━━━━━━━━━━━━━━━━━━━━━━━━━━━━━━━━━━━━━━━━━━━━━━━━━━━━━━━━━━━━━━━━━━━━━━━━━━━━━━━━━━━━━━━━━━━━━━━━━━━━━━━━[0m[0m

[0m[0m  [0m[0m[1m[31m✖[0m[0m [0m[0m[31mProvide an explicit [0m[0m[1m[31mtype[0m[0m[31m prop for the [0m[0m[1m[31mbutton[0m[0m[31m element.[0m[0m
[0m[0m  [0m[0m
[0m[0m  [0m[0m  [0m[0m[1m133 │ [0m[0m	[0m[0m	[0m[0m	[0m[0m	[0m[0m	[0m[0m	[0m[0m}[0m[0m}[0m[0m
[0m[0m  [0m[0m  [0m[0m[1m134 │ [0m[0m	[0m[0m	[0m[0m	[0m[0m	[0m[0m	[0m[0m>[0m[0m
[0m[0m  [0m[0m[1m[31m>[0m[0m [0m[0m[1m135 │ [0m[0m	[0m[0m	[0m[0m	[0m[0m	[0m[0m	[0m[0m	[0m[0m<[0m[0mb[0m[0mu[0m[0mt[0m[0mt[0m[0mo[0m[0mn[0m[0m
[0m[0m  [0m[0m [0m[0m [0m[0m [0m[0m[1m   │ [0m[0m	[0m[0m	[0m[0m	[0m[0m	[0m[0m	[0m[0m	[0m[0m[1m[31m^[0m[0m[1m[31m^[0m[0m[1m[31m^[0m[0m[1m[31m^[0m[0m[1m[31m^[0m[0m[1m[31m^[0m[0m[1m[31m^[0m[0m
[0m[0m  [0m[0m[1m[31m>[0m[0m [0m[0m[1m136 │ [0m[0m	[0m[0m	[0m[0m	[0m[0m	[0m[0m	[0m[0m	[0m[0m	[0m[0mo[0m[0mn[0m[0mC[0m[0ml[0m[0mi[0m[0mc[0m[0mk[0m[0m=[0m[0m{[0m[0mo[0m[0mn[0m[0mG[0m[0me[0m[0mt[0m[0mS[0m[0mt[0m[0ma[0m[0mr[0m[0mt[0m[0me[0m[0md[0m[0m}[0m[0m
[0m[0m  [0m[0m[1m[31m>[0m[0m [0m[0m[1m137 │ [0m[0m	[0m[0m	[0m[0m	[0m[0m	[0m[0m	[0m[0m	[0m[0m	[0m[0ms[0m[0mt[0m[0my[0m[0ml[0m[0me[0m[0m=[0m[0m{[0m[0mb[0m[0mu[0m[0mt[0m[0mt[0m[0mo[0m[0mn[0m[0mS[0m[0mt[0m[0my[0m[0ml[0m[0me[0m[0ms[0m[0m}[0m[0m
[0m[0m  [0m[0m[1m[31m>[0m[0m [0m[0m[1m138 │ [0m[0m	[0m[0m	[0m[0m	[0m[0m	[0m[0m	[0m[0m	[0m[0m	[0m[0mo[0m[0mn[0m[0mM[0m[0mo[0m[0mu[0m[0ms[0m[0me[0m[0mE[0m[0mn[0m[0mt[0m[0me[0m[0mr[0m[0m=[0m[0m{[0m[0m([0m[0me[0m[0m)[0m[0m [0m[0m=[0m[0m>[0m[0m [0m[0mh[0m[0ma[0m[0mn[0m[0md[0m[0ml[0m[0me[0m[0mB[0m[0mu[0m[0mt[0m[0mt[0m[0mo[0m[0mn[0m[0mH[0m[0mo[0m[0mv[0m[0me[0m[0mr[0m[0m([0m[0me[0m[0m,[0m[0m [0m[0m1[0m[0m.[0m[0m0[0m[0m5[0m[0m)[0m[0m}[0m[0m
[0m[0m  [0m[0m[1m[31m>[0m[0m [0m[0m[1m139 │ [0m[0m	[0m[0m	[0m[0m	[0m[0m	[0m[0m	[0m[0m	[0m[0m	[0m[0mo[0m[0mn[0m[0mM[0m[0mo[0m[0mu[0m[0ms[0m[0me[0m[0mL[0m[0me[0m[0ma[0m[0mv[0m[0me[0m[0m=[0m[0m{[0m[0m([0m[0me[0m[0m)[0m[0m [0m[0m=[0m[0m>[0m[0m [0m[0mh[0m[0ma[0m[0mn[0m[0md[0m[0ml[0m[0me[0m[0mB[0m[0mu[0m[0mt[0m[0mt[0m[0mo[0m[0mn[0m[0mH[0m[0mo[0m[0mv[0m[0me[0m[0mr[0m[0m([0m[0me[0m[0m,[0m[0m [0m[0m1[0m[0m)[0m[0m}[0m[0m
[0m[0m  [0m[0m[1m[31m>[0m[0m [0m[0m[1m140 │ [0m[0m	[0m[0m	[0m[0m	[0m[0m	[0m[0m	[0m[0m	[0m[0m>[0m[0m
[0m[0m  [0m[0m [0m[0m [0m[0m [0m[0m[1m   │ [0m[0m	[0m[0m	[0m[0m	[0m[0m	[0m[0m	[0m[0m	[0m[0m[1m[31m^[0m[0m
[0m[0m  [0m[0m  [0m[0m[1m141 │ [0m[0m	[0m[0m	[0m[0m	[0m[0m	[0m[0m	[0m[0m	[0m[0m	[0m[0mG[0m[0me[0m[0mt[0m[0m [0m[0mS[0m[0mt[0m[0ma[0m[0mr[0m[0mt[0m[0me[0m[0md[0m[0m
[0m[0m  [0m[0m  [0m[0m[1m142 │ [0m[0m	[0m[0m	[0m[0m	[0m[0m	[0m[0m	[0m[0m	[0m[0m	[0m[0m<[0m[0mA[0m[0mr[0m[0mr[0m[0mo[0m[0mw[0m[0mF[0m[0mo[0m[0mr[0m[0mw[0m[0ma[0m[0mr[0m[0md[0m[0mI[0m[0mc[0m[0mo[0m[0mn[0m[0m [0m[0m/[0m[0m>[0m[0m
[0m[0m  [0m[0m
[0m[0m  [0m[0m[1m[34mℹ[0m[0m [0m[0m[34mThe default [0m[0m[1m[34mtype[0m[0m[34m of a button is [0m[0m[1m[34msubmit[0m[0m[34m, which causes the submission of a form when placed inside a `form` element. This is likely not the behaviour that you want inside a React application.[0m[0m
[0m[0m  [0m[0m
[0m[0m  [0m[0m[1m[34mℹ[0m[0m [0m[0m[34mAllowed button types are: [0m[0m[1m[34msubmit[0m[0m[34m, [0m[0m[1m[34mbutton[0m[0m[34m or [0m[0m[1m[34mreset[0m[0m
[0m[0m  [0m[0m
[0m
[0msrc/components/landing/HowItWorks.tsx[0m[0m:[0m[0m69[0m[0m:[0m[0m40[0m[0m [0m[0m]8;;https://biomejs.dev/linter/rules/no-array-index-key\lint/suspicious/noArrayIndexKey]8;;\[0m[0m [0m[0m━━━━━━━━━━━━━━━━━━━━━━━━━━━━━━━━━━━━━━━━━━━━━━━━━━━━━━━━━━━━━━━━━━━━━━━━━━━━━━━━━━━━━━━━━━━━━━━━━━━━━━━━━━━━━━━━━━━━━━━[0m[0m

[0m[0m  [0m[0m[1m[31m✖[0m[0m [0m[0m[31mAvoid using the index of an array as key property in an element.[0m[0m
[0m[0m  [0m[0m
[0m[0m  [0m[0m  [0m[0m[1m67 │ [0m[0m	[0m[0m	[0m[0m	[0m[0m	[0m[0m<[0m[0mG[0m[0mr[0m[0mi[0m[0md[0m[0m [0m[0mc[0m[0mo[0m[0mn[0m[0mt[0m[0ma[0m[0mi[0m[0mn[0m[0me[0m[0mr[0m[0m [0m[0ms[0m[0mp[0m[0ma[0m[0mc[0m[0mi[0m[0mn[0m[0mg[0m[0m=[0m[0m{[0m[0m4[0m[0m}[0m[0m [0m[0ms[0m[0mx[0m[0m=[0m[0m{[0m[0m{[0m[0m [0m[0mm[0m[0mb[0m[0m:[0m[0m [0m[0m8[0m[0m [0m[0m}[0m[0m}[0m[0m>[0m[0m
[0m[0m  [0m[0m  [0m[0m[1m68 │ [0m[0m	[0m[0m	[0m[0m	[0m[0m	[0m[0m	[0m[0m{[0m[0ms[0m[0mt[0m[0me[0m[0mp[0m[0ms[0m[0m.[0m[0mm[0m[0ma[0m[0mp[0m[0m([0m[0m([0m[0ms[0m[0mt[0m[0me[0m[0mp[0m[0m,[0m[0m [0m[0mi[0m[0mn[0m[0md[0m[0me[0m[0mx[0m[0m)[0m[0m [0m[0m=[0m[0m>[0m[0m [0m[0m([0m[0m
[0m[0m  [0m[0m[1m[31m>[0m[0m [0m[0m[1m69 │ [0m[0m	[0m[0m	[0m[0m	[0m[0m	[0m[0m	[0m[0m	[0m[0m<[0m[0mG[0m[0mr[0m[0mi[0m[0md[0m[0m [0m[0mx[0m[0ms[0m[0m=[0m[0m{[0m[0m1[0m[0m2[0m[0m}[0m[0m [0m[0ms[0m[0mm[0m[0m=[0m[0m{[0m[0m6[0m[0m}[0m[0m [0m[0mm[0m[0md[0m[0m=[0m[0m{[0m[0m3[0m[0m}[0m[0m [0m[0mk[0m[0me[0m[0my[0m[0m=[0m[0m{[0m[0mi[0m[0mn[0m[0md[0m[0me[0m[0mx[0m[0m}[0m[0m>[0m[0m
[0m[0m  [0m[0m [0m[0m [0m[0m[1m   │ [0m[0m	[0m[0m	[0m[0m	[0m[0m	[0m[0m	[0m[0m	[0m[0m [0m[0m [0m[0m [0m[0m [0m[0m [0m[0m [0m[0m [0m[0m [0m[0m [0m[0m [0m[0m [0m[0m [0m[0m [0m[0m [0m[0m [0m[0m [0m[0m [0m[0m [0m[0m [0m[0m [0m[0m [0m[0m [0m[0m [0m[0m [0m[0m [0m[0m [0m[0m [0m[0m [0m[0m [0m[0m [0m[0m [0m[0m [0m[0m [0m[0m[1m[31m^[0m[0m[1m[31m^[0m[0m[1m[31m^[0m[0m[1m[31m^[0m[0m[1m[31m^[0m[0m
[0m[0m  [0m[0m  [0m[0m[1m70 │ [0m[0m	[0m[0m	[0m[0m	[0m[0m	[0m[0m	[0m[0m	[0m[0m	[0m[0m<[0m[0mC[0m[0ma[0m[0mr[0m[0md[0m[0m
[0m[0m  [0m[0m  [0m[0m[1m71 │ [0m[0m	[0m[0m	[0m[0m	[0m[0m	[0m[0m	[0m[0m	[0m[0m	[0m[0m	[0m[0mc[0m[0ml[0m[0ma[0m[0ms[0m[0ms[0m[0mN[0m[0ma[0m[0mm[0m[0me[0m[0m=[0m[0m"[0m[0ms[0m[0mt[0m[0me[0m[0mp[0m[0m-[0m[0mc[0m[0ma[0m[0mr[0m[0md[0m[0m"[0m[0m
[0m[0m  [0m[0m
[0m[0m  [0m[0m[1m[34mℹ[0m[0m [0m[0m[34mThis is the source of the key value.[0m[0m
[0m[0m  [0m[0m
[0m[0m  [0m[0m  [0m[0m[1m67 │ [0m[0m	[0m[0m	[0m[0m	[0m[0m	[0m[0m<[0m[0mG[0m[0mr[0m[0mi[0m[0md[0m[0m [0m[0mc[0m[0mo[0m[0mn[0m[0mt[0m[0ma[0m[0mi[0m[0mn[0m[0me[0m[0mr[0m[0m [0m[0ms[0m[0mp[0m[0ma[0m[0mc[0m[0mi[0m[0mn[0m[0mg[0m[0m=[0m[0m{[0m[0m4[0m[0m}[0m[0m [0m[0ms[0m[0mx[0m[0m=[0m[0m{[0m[0m{[0m[0m [0m[0mm[0m[0mb[0m[0m:[0m[0m [0m[0m8[0m[0m [0m[0m}[0m[0m}[0m[0m>[0m[0m
[0m[0m  [0m[0m[1m[31m>[0m[0m [0m[0m[1m68 │ [0m[0m	[0m[0m	[0m[0m	[0m[0m	[0m[0m	[0m[0m{[0m[0ms[0m[0mt[0m[0me[0m[0mp[0m[0ms[0m[0m.[0m[0mm[0m[0ma[0m[0mp[0m[0m([0m[0m([0m[0ms[0m[0mt[0m[0me[0m[0mp[0m[0m,[0m[0m [0m[0mi[0m[0mn[0m[0md[0m[0me[0m[0mx[0m[0m)[0m[0m [0m[0m=[0m[0m>[0m[0m [0m[0m([0m[0m
[0m[0m  [0m[0m [0m[0m [0m[0m[1m   │ [0m[0m	[0m[0m	[0m[0m	[0m[0m	[0m[0m	[0m[0m [0m[0m [0m[0m [0m[0m [0m[0m [0m[0m [0m[0m [0m[0m [0m[0m [0m[0m [0m[0m [0m[0m [0m[0m [0m[0m [0m[0m [0m[0m [0m[0m [0m[0m [0m[0m[1m[31m^[0m[0m[1m[31m^[0m[0m[1m[31m^[0m[0m[1m[31m^[0m[0m[1m[31m^[0m[0m
[0m[0m  [0m[0m  [0m[0m[1m69 │ [0m[0m	[0m[0m	[0m[0m	[0m[0m	[0m[0m	[0m[0m	[0m[0m<[0m[0mG[0m[0mr[0m[0mi[0m[0md[0m[0m [0m[0mx[0m[0ms[0m[0m=[0m[0m{[0m[0m1[0m[0m2[0m[0m}[0m[0m [0m[0ms[0m[0mm[0m[0m=[0m[0m{[0m[0m6[0m[0m}[0m[0m [0m[0mm[0m[0md[0m[0m=[0m[0m{[0m[0m3[0m[0m}[0m[0m [0m[0mk[0m[0me[0m[0my[0m[0m=[0m[0m{[0m[0mi[0m[0mn[0m[0md[0m[0me[0m[0mx[0m[0m}[0m[0m>[0m[0m
[0m[0m  [0m[0m  [0m[0m[1m70 │ [0m[0m	[0m[0m	[0m[0m	[0m[0m	[0m[0m	[0m[0m	[0m[0m	[0m[0m<[0m[0mC[0m[0ma[0m[0mr[0m[0md[0m[0m
[0m[0m  [0m[0m
[0m[0m  [0m[0m[1m[34mℹ[0m[0m [0m[0m[34mThe order of the items may change, and this also affects performances and component state.[0m[0m
[0m[0m  [0m[0m
[0m[0m  [0m[0m[1m[34mℹ[0m[0m [0m[0m[34mCheck the [0m[0m[34m]8;;https://reactjs.org/docs/lists-and-keys.html#keys\React documentation]8;;\[0m[0m[34m. [0m[0m
[0m[0m  [0m[0m
[0m
[0msrc/components/messages/ChatView.tsx[0m[0m:[0m[0m38[0m[0m:[0m[0m2[0m[0m [0m[0m]8;;https://biomejs.dev/linter/rules/use-exhaustive-dependencies\lint/correctness/useExhaustiveDependencies]8;;\[0m[0m [0m[0m[30m[47m FIXABLE [0m[0m [0m[0m━━━━━━━━━━━━━━━━━━━━━━━━━━━━━━━━━━━━━━━━━━━━━━━━━━━━━━━━━━━━━━━━━━━━━━━━━━━━━━━━━━━━━━━━━━━━━━━━━━━━[0m[0m

[0m[0m  [0m[0m[1m[31m✖[0m[0m [0m[0m[31mThis hook specifies [0m[0m[1m[31mmore dependencies than necessary[0m[0m[31m: messages.[0m[0m
[0m[0m  [0m[0m
[0m[0m  [0m[0m  [0m[0m[1m36 │ [0m[0m	[0m[0mc[0m[0mo[0m[0mn[0m[0ms[0m[0mt[0m[0m [0m[0ml[0m[0mo[0m[0mc[0m[0ma[0m[0ml[0m[0mR[0m[0me[0m[0mf[0m[0m [0m[0m=[0m[0m [0m[0mu[0m[0ms[0m[0me[0m[0mR[0m[0me[0m[0mf[0m[0m<[0m[0mH[0m[0mT[0m[0mM[0m[0mL[0m[0mD[0m[0mi[0m[0mv[0m[0mE[0m[0ml[0m[0me[0m[0mm[0m[0me[0m[0mn[0m[0mt[0m[0m>[0m[0m([0m[0mn[0m[0mu[0m[0ml[0m[0ml[0m[0m)[0m[0m;[0m[0m
[0m[0m  [0m[0m  [0m[0m[1m37 │ [0m[0m
[0m[0m  [0m[0m[1m[31m>[0m[0m [0m[0m[1m38 │ [0m[0m	[0m[0mu[0m[0ms[0m[0me[0m[0mE[0m[0mf[0m[0mf[0m[0me[0m[0mc[0m[0mt[0m[0m([0m[0m([0m[0m)[0m[0m [0m[0m=[0m[0m>[0m[0m [0m[0m{[0m[0m
[0m[0m  [0m[0m [0m[0m [0m[0m[1m   │ [0m[0m	[0m[0m[1m[31m^[0m[0m[1m[31m^[0m[0m[1m[31m^[0m[0m[1m[31m^[0m[0m[1m[31m^[0m[0m[1m[31m^[0m[0m[1m[31m^[0m[0m[1m[31m^[0m[0m[1m[31m^[0m[0m
[0m[0m  [0m[0m  [0m[0m[1m39 │ [0m[0m	[0m[0m	[0m[0mc[0m[0mo[0m[0mn[0m[0ms[0m[0mt[0m[0m [0m[0mr[0m[0me[0m[0mf[0m[0m [0m[0m=[0m[0m [0m[0mm[0m[0me[0m[0ms[0m[0ms[0m[0ma[0m[0mg[0m[0me[0m[0ms[0m[0mE[0m[0mn[0m[0md[0m[0mR[0m[0me[0m[0mf[0m[0m [0m[0m|[0m[0m|[0m[0m [0m[0ml[0m[0mo[0m[0mc[0m[0ma[0m[0ml[0m[0mR[0m[0me[0m[0mf[0m[0m;[0m[0m
[0m[0m  [0m[0m  [0m[0m[1m40 │ [0m[0m	[0m[0m	[0m[0mr[0m[0me[0m[0mf[0m[0m.[0m[0mc[0m[0mu[0m[0mr[0m[0mr[0m[0me[0m[0mn[0m[0mt[0m[0m?[0m[0m.[0m[0ms[0m[0mc[0m[0mr[0m[0mo[0m[0ml[0m[0ml[0m[0mI[0m[0mn[0m[0mt[0m[0mo[0m[0mV[0m[0mi[0m[0me[0m[0mw[0m[0m([0m[0m{[0m[0m [0m[0mb[0m[0me[0m[0mh[0m[0ma[0m[0mv[0m[0mi[0m[0mo[0m[0mr[0m[0m:[0m[0m [0m[0m"[0m[0ms[0m[0mm[0m[0mo[0m[0mo[0m[0mt[0m[0mh[0m[0m"[0m[0m [0m[0m}[0m[0m)[0m[0m;[0m[0m
[0m[0m  [0m[0m
[0m[0m  [0m[0m[1m[34mℹ[0m[0m [0m[0m[34mOuter scope values aren't valid dependencies because mutating them doesn't re-render the component.[0m[0m
[0m[0m  [0m[0m
[0m[0m  [0m[0m  [0m[0m[1m39 │ [0m[0m	[0m[0m	[0m[0mc[0m[0mo[0m[0mn[0m[0ms[0m[0mt[0m[0m [0m[0mr[0m[0me[0m[0mf[0m[0m [0m[0m=[0m[0m [0m[0mm[0m[0me[0m[0ms[0m[0ms[0m[0ma[0m[0mg[0m[0me[0m[0ms[0m[0mE[0m[0mn[0m[0md[0m[0mR[0m[0me[0m[0mf[0m[0m [0m[0m|[0m[0m|[0m[0m [0m[0ml[0m[0mo[0m[0mc[0m[0ma[0m[0ml[0m[0mR[0m[0me[0m[0mf[0m[0m;[0m[0m
[0m[0m  [0m[0m  [0m[0m[1m40 │ [0m[0m	[0m[0m	[0m[0mr[0m[0me[0m[0mf[0m[0m.[0m[0mc[0m[0mu[0m[0mr[0m[0mr[0m[0me[0m[0mn[0m[0mt[0m[0m?[0m[0m.[0m[0ms[0m[0mc[0m[0mr[0m[0mo[0m[0ml[0m[0ml[0m[0mI[0m[0mn[0m[0mt[0m[0mo[0m[0mV[0m[0mi[0m[0me[0m[0mw[0m[0m([0m[0m{[0m[0m [0m[0mb[0m[0me[0m[0mh[0m[0ma[0m[0mv[0m[0mi[0m[0mo[0m[0mr[0m[0m:[0m[0m [0m[0m"[0m[0ms[0m[0mm[0m[0mo[0m[0mo[0m[0mt[0m[0mh[0m[0m"[0m[0m [0m[0m}[0m[0m)[0m[0m;[0m[0m
[0m[0m  [0m[0m[1m[31m>[0m[0m [0m[0m[1m41 │ [0m[0m	[0m[0m}[0m[0m,[0m[0m [0m[0m[[0m[0mm[0m[0me[0m[0ms[0m[0ms[0m[0ma[0m[0mg[0m[0me[0m[0ms[0m[0m,[0m[0m [0m[0mm[0m[0me[0m[0ms[0m[0ms[0m[0ma[0m[0mg[0m[0me[0m[0ms[0m[0mE[0m[0mn[0m[0md[0m[0mR[0m[0me[0m[0mf[0m[0m][0m[0m)[0m[0m;[0m[0m
[0m[0m  [0m[0m [0m[0m [0m[0m[1m   │ [0m[0m	[0m[0m [0m[0m [0m[0m [0m[0m [0m[0m[1m[31m^[0m[0m[1m[31m^[0m[0m[1m[31m^[0m[0m[1m[31m^[0m[0m[1m[31m^[0m[0m[1m[31m^[0m[0m[1m[31m^[0m[0m[1m[31m^[0m[0m
[0m[0m  [0m[0m  [0m[0m[1m42 │ [0m[0m
[0m[0m  [0m[0m  [0m[0m[1m43 │ [0m[0m	[0m[0mr[0m[0me[0m[0mt[0m[0mu[0m[0mr[0m[0mn[0m[0m [0m[0m([0m[0m
[0m[0m  [0m[0m
[0m[0m  [0m[0m[1m[34mℹ[0m[0m [0m[0m[34mReact relies on hook dependencies to determine when to re-compute Effects.
[0m[0m  [0m[0m  [0m[0m[34mSpecifying more dependencies than required can lead to [0m[0m[1m[34munnecessary re-rendering[0m[0m[34m
[0m[0m  [0m[0m  [0m[0m[34mand [0m[0m[1m[34mdegraded performance[0m[0m[34m.[0m[0m
[0m[0m  [0m[0m
[0m[0m  [0m[0m[1m[34mℹ[0m[0m [0m[0m[34mUnsafe fix: Remove the extra dependencies from the list.[0m[0m
[0m[0m  [0m[0m
[0m[0m  [0m[0m[1m  41 │ [0m[0m[2m→ [0m[0m}[0m[0m,[0m[0m[2m·[0m[0m[[0m[0m[31mm[0m[0m[31me[0m[0m[31ms[0m[0m[31ms[0m[0m[31ma[0m[0m[31mg[0m[0m[31me[0m[0m[31ms[0m[0m[31m,[0m[0m[2m[31m·[0m[0mm[0m[0me[0m[0ms[0m[0ms[0m[0ma[0m[0mg[0m[0me[0m[0ms[0m[0mE[0m[0mn[0m[0md[0m[0mR[0m[0me[0m[0mf[0m[0m][0m[0m)[0m[0m;[0m[0m
[0m[0m  [0m[0m[1m     │ [0m[0m [0m[0m [0m[0m [0m[0m [0m[0m [0m[0m [0m[0m[31m-[0m[0m[31m-[0m[0m[31m-[0m[0m[31m-[0m[0m[31m-[0m[0m[31m-[0m[0m[31m-[0m[0m[31m-[0m[0m[31m-[0m[0m[31m-[0m[0m [0m[0m [0m[0m [0m[0m [0m[0m [0m[0m [0m[0m [0m[0m [0m[0m [0m[0m [0m[0m [0m[0m [0m[0m [0m[0m [0m[0m [0m[0m [0m[0m [0m[0m
[0m
[0msrc/components/messages/ChatView.tsx[0m[0m:[0m[0m111[0m[0m:[0m[0m13[0m[0m [0m[0m]8;;https://biomejs.dev/linter/rules/no-array-index-key\lint/suspicious/noArrayIndexKey]8;;\[0m[0m [0m[0m━━━━━━━━━━━━━━━━━━━━━━━━━━━━━━━━━━━━━━━━━━━━━━━━━━━━━━━━━━━━━━━━━━━━━━━━━━━━━━━━━━━━━━━━━━━━━━━━━━━━━━━━━━━━━━━━━━━━━━━[0m[0m

[0m[0m  [0m[0m[1m[31m✖[0m[0m [0m[0m[31mAvoid using the index of an array as key property in an element.[0m[0m
[0m[0m  [0m[0m
[0m[0m  [0m[0m  [0m[0m[1m109 │ [0m[0m	[0m[0m	[0m[0m	[0m[0m	[0m[0m	[0m[0mm[0m[0me[0m[0ms[0m[0ms[0m[0ma[0m[0mg[0m[0me[0m[0ms[0m[0m.[0m[0mm[0m[0ma[0m[0mp[0m[0m([0m[0m([0m[0mm[0m[0ms[0m[0mg[0m[0m,[0m[0m [0m[0mi[0m[0md[0m[0mx[0m[0m)[0m[0m [0m[0m=[0m[0m>[0m[0m [0m[0m([0m[0m
[0m[0m  [0m[0m  [0m[0m[1m110 │ [0m[0m	[0m[0m	[0m[0m	[0m[0m	[0m[0m	[0m[0m	[0m[0m<[0m[0mM[0m[0me[0m[0ms[0m[0ms[0m[0ma[0m[0mg[0m[0me[0m[0mB[0m[0mu[0m[0mb[0m[0mb[0m[0ml[0m[0me[0m[0m
[0m[0m  [0m[0m[1m[31m>[0m[0m [0m[0m[1m111 │ [0m[0m	[0m[0m	[0m[0m	[0m[0m	[0m[0m	[0m[0m	[0m[0m	[0m[0mk[0m[0me[0m[0my[0m[0m=[0m[0m{[0m[0mi[0m[0md[0m[0mx[0m[0m}[0m[0m
[0m[0m  [0m[0m [0m[0m [0m[0m [0m[0m[1m   │ [0m[0m	[0m[0m	[0m[0m	[0m[0m	[0m[0m	[0m[0m	[0m[0m	[0m[0m [0m[0m [0m[0m [0m[0m [0m[0m [0m[0m[1m[31m^[0m[0m[1m[31m^[0m[0m[1m[31m^[0m[0m
[0m[0m  [0m[0m  [0m[0m[1m112 │ [0m[0m	[0m[0m	[0m[0m	[0m[0m	[0m[0m	[0m[0m	[0m[0m	[0m[0mm[0m[0me[0m[0ms[0m[0ms[0m[0ma[0m[0mg[0m[0me[0m[0m=[0m[0m{[0m[0mm[0m[0ms[0m[0mg[0m[0m}[0m[0m
[0m[0m  [0m[0m  [0m[0m[1m113 │ [0m[0m	[0m[0m	[0m[0m	[0m[0m	[0m[0m	[0m[0m	[0m[0m	[0m[0mi[0m[0ms[0m[0mO[0m[0mw[0m[0mn[0m[0mM[0m[0me[0m[0ms[0m[0ms[0m[0ma[0m[0mg[0m[0me[0m[0m=[0m[0m{[0m[0mm[0m[0ms[0m[0mg[0m[0m.[0m[0mf[0m[0mr[0m[0mo[0m[0mm[0m[0m.[0m[0mi[0m[0md[0m[0m [0m[0m=[0m[0m=[0m[0m=[0m[0m [0m[0mc[0m[0mu[0m[0mr[0m[0mr[0m[0me[0m[0mn[0m[0mt[0m[0mU[0m[0ms[0m[0me[0m[0mr[0m[0mI[0m[0md[0m[0m}[0m[0m
[0m[0m  [0m[0m
[0m[0m  [0m[0m[1m[34mℹ[0m[0m [0m[0m[34mThis is the source of the key value.[0m[0m
[0m[0m  [0m[0m
[0m[0m  [0m[0m  [0m[0m[1m107 │ [0m[0m	[0m[0m	[0m[0m	[0m[0m	[0m[0m	[0m[0m<[0m[0m/[0m[0mB[0m[0mo[0m[0mx[0m[0m>[0m[0m
[0m[0m  [0m[0m  [0m[0m[1m108 │ [0m[0m	[0m[0m	[0m[0m	[0m[0m	[0m[0m)[0m[0m [0m[0m:[0m[0m [0m[0m([0m[0m
[0m[0m  [0m[0m[1m[31m>[0m[0m [0m[0m[1m109 │ [0m[0m	[0m[0m	[0m[0m	[0m[0m	[0m[0m	[0m[0mm[0m[0me[0m[0ms[0m[0ms[0m[0ma[0m[0mg[0m[0me[0m[0ms[0m[0m.[0m[0mm[0m[0ma[0m[0mp[0m[0m([0m[0m([0m[0mm[0m[0ms[0m[0mg[0m[0m,[0m[0m [0m[0mi[0m[0md[0m[0mx[0m[0m)[0m[0m [0m[0m=[0m[0m>[0m[0m [0m[0m([0m[0m
[0m[0m  [0m[0m [0m[0m [0m[0m [0m[0m[1m   │ [0m[0m	[0m[0m	[0m[0m	[0m[0m	[0m[0m	[0m[0m [0m[0m [0m[0m [0m[0m [0m[0m [0m[0m [0m[0m [0m[0m [0m[0m [0m[0m [0m[0m [0m[0m [0m[0m [0m[0m [0m[0m [0m[0m [0m[0m [0m[0m [0m[0m [0m[0m[1m[31m^[0m[0m[1m[31m^[0m[0m[1m[31m^[0m[0m
[0m[0m  [0m[0m  [0m[0m[1m110 │ [0m[0m	[0m[0m	[0m[0m	[0m[0m	[0m[0m	[0m[0m	[0m[0m<[0m[0mM[0m[0me[0m[0ms[0m[0ms[0m[0ma[0m[0mg[0m[0me[0m[0mB[0m[0mu[0m[0mb[0m[0mb[0m[0ml[0m[0me[0m[0m
[0m[0m  [0m[0m  [0m[0m[1m111 │ [0m[0m	[0m[0m	[0m[0m	[0m[0m	[0m[0m	[0m[0m	[0m[0m	[0m[0mk[0m[0me[0m[0my[0m[0m=[0m[0m{[0m[0mi[0m[0md[0m[0mx[0m[0m}[0m[0m
[0m[0m  [0m[0m
[0m[0m  [0m[0m[1m[34mℹ[0m[0m [0m[0m[34mThe order of the items may change, and this also affects performances and component state.[0m[0m
[0m[0m  [0m[0m
[0m[0m  [0m[0m[1m[34mℹ[0m[0m [0m[0m[34mCheck the [0m[0m[34m]8;;https://reactjs.org/docs/lists-and-keys.html#keys\React documentation]8;;\[0m[0m[34m. [0m[0m
[0m[0m  [0m[0m
[0m
[0msrc/components/messages/Message.tsx[0m[0m:[0m[0m25[0m[0m:[0m[0m2[0m[0m [0m[0m]8;;https://biomejs.dev/linter/rules/use-exhaustive-dependencies\lint/correctness/useExhaustiveDependencies]8;;\[0m[0m [0m[0m[30m[47m FIXABLE [0m[0m [0m[0m━━━━━━━━━━━━━━━━━━━━━━━━━━━━━━━━━━━━━━━━━━━━━━━━━━━━━━━━━━━━━━━━━━━━━━━━━━━━━━━━━━━━━━━━━━━━━━━━━━━━━[0m[0m

[0m[0m  [0m[0m[1m[31m✖[0m[0m [0m[0m[31mThis hook specifies [0m[0m[1m[31mmore dependencies than necessary[0m[0m[31m: messages.[0m[0m
[0m[0m  [0m[0m
[0m[0m  [0m[0m  [0m[0m[1m23 │ [0m[0m	[0m[0m}[0m[0m,[0m[0m [0m[0m[[0m[0m][0m[0m)[0m[0m;[0m[0m
[0m[0m  [0m[0m  [0m[0m[1m24 │ [0m[0m
[0m[0m  [0m[0m[1m[31m>[0m[0m [0m[0m[1m25 │ [0m[0m	[0m[0mu[0m[0ms[0m[0me[0m[0mE[0m[0mf[0m[0mf[0m[0me[0m[0mc[0m[0mt[0m[0m([0m[0m([0m[0m)[0m[0m [0m[0m=[0m[0m>[0m[0m [0m[0m{[0m[0m
[0m[0m  [0m[0m [0m[0m [0m[0m[1m   │ [0m[0m	[0m[0m[1m[31m^[0m[0m[1m[31m^[0m[0m[1m[31m^[0m[0m[1m[31m^[0m[0m[1m[31m^[0m[0m[1m[31m^[0m[0m[1m[31m^[0m[0m[1m[31m^[0m[0m[1m[31m^[0m[0m
[0m[0m  [0m[0m  [0m[0m[1m26 │ [0m[0m	[0m[0m	[0m[0ms[0m[0mc[0m[0mr[0m[0mo[0m[0ml[0m[0ml[0m[0mT[0m[0mo[0m[0mB[0m[0mo[0m[0mt[0m[0mt[0m[0mo[0m[0mm[0m[0m([0m[0m)[0m[0m;[0m[0m
[0m[0m  [0m[0m  [0m[0m[1m27 │ [0m[0m	[0m[0m}[0m[0m,[0m[0m [0m[0m[[0m[0mm[0m[0me[0m[0ms[0m[0ms[0m[0ma[0m[0mg[0m[0me[0m[0ms[0m[0m,[0m[0m [0m[0ms[0m[0mc[0m[0mr[0m[0mo[0m[0ml[0m[0ml[0m[0mT[0m[0mo[0m[0mB[0m[0mo[0m[0mt[0m[0mt[0m[0mo[0m[0mm[0m[0m][0m[0m)[0m[0m;[0m[0m
[0m[0m  [0m[0m
[0m[0m  [0m[0m[1m[34mℹ[0m[0m [0m[0m[34mThis dependency can be removed from the list.[0m[0m
[0m[0m  [0m[0m
[0m[0m  [0m[0m  [0m[0m[1m25 │ [0m[0m	[0m[0mu[0m[0ms[0m[0me[0m[0mE[0m[0mf[0m[0mf[0m[0me[0m[0mc[0m[0mt[0m[0m([0m[0m([0m[0m)[0m[0m [0m[0m=[0m[0m>[0m[0m [0m[0m{[0m[0m
[0m[0m  [0m[0m  [0m[0m[1m26 │ [0m[0m	[0m[0m	[0m[0ms[0m[0mc[0m[0mr[0m[0mo[0m[0ml[0m[0ml[0m[0mT[0m[0mo[0m[0mB[0m[0mo[0m[0mt[0m[0mt[0m[0mo[0m[0mm[0m[0m([0m[0m)[0m[0m;[0m[0m
[0m[0m  [0m[0m[1m[31m>[0m[0m [0m[0m[1m27 │ [0m[0m	[0m[0m}[0m[0m,[0m[0m [0m[0m[[0m[0mm[0m[0me[0m[0ms[0m[0ms[0m[0ma[0m[0mg[0m[0me[0m[0ms[0m[0m,[0m[0m [0m[0ms[0m[0mc[0m[0mr[0m[0mo[0m[0ml[0m[0ml[0m[0mT[0m[0mo[0m[0mB[0m[0mo[0m[0mt[0m[0mt[0m[0mo[0m[0mm[0m[0m][0m[0m)[0m[0m;[0m[0m
[0m[0m  [0m[0m [0m[0m [0m[0m[1m   │ [0m[0m	[0m[0m [0m[0m [0m[0m [0m[0m [0m[0m[1m[31m^[0m[0m[1m[31m^[0m[0m[1m[31m^[0m[0m[1m[31m^[0m[0m[1m[31m^[0m[0m[1m[31m^[0m[0m[1m[31m^[0m[0m[1m[31m^[0m[0m
[0m[0m  [0m[0m  [0m[0m[1m28 │ [0m[0m
[0m[0m  [0m[0m  [0m[0m[1m29 │ [0m[0m	[0m[0mu[0m[0ms[0m[0me[0m[0mE[0m[0mf[0m[0mf[0m[0me[0m[0mc[0m[0mt[0m[0m([0m[0m([0m[0m)[0m[0m [0m[0m=[0m[0m>[0m[0m [0m[0m{[0m[0m
[0m[0m  [0m[0m
[0m[0m  [0m[0m[1m[34mℹ[0m[0m [0m[0m[34mReact relies on hook dependencies to determine when to re-compute Effects.
[0m[0m  [0m[0m  [0m[0m[34mSpecifying more dependencies than required can lead to [0m[0m[1m[34munnecessary re-rendering[0m[0m[34m
[0m[0m  [0m[0m  [0m[0m[34mand [0m[0m[1m[34mdegraded performance[0m[0m[34m.[0m[0m
[0m[0m  [0m[0m
[0m[0m  [0m[0m[1m[34mℹ[0m[0m [0m[0m[34mUnsafe fix: Remove the extra dependencies from the list.[0m[0m
[0m[0m  [0m[0m
[0m[0m  [0m[0m[1m  27 │ [0m[0m[2m→ [0m[0m}[0m[0m,[0m[0m[2m·[0m[0m[[0m[0m[31mm[0m[0m[31me[0m[0m[31ms[0m[0m[31ms[0m[0m[31ma[0m[0m[31mg[0m[0m[31me[0m[0m[31ms[0m[0m[31m,[0m[0m[2m[31m·[0m[0ms[0m[0mc[0m[0mr[0m[0mo[0m[0ml[0m[0ml[0m[0mT[0m[0mo[0m[0mB[0m[0mo[0m[0mt[0m[0mt[0m[0mo[0m[0mm[0m[0m][0m[0m)[0m[0m;[0m[0m
[0m[0m  [0m[0m[1m     │ [0m[0m [0m[0m [0m[0m [0m[0m [0m[0m [0m[0m [0m[0m[31m-[0m[0m[31m-[0m[0m[31m-[0m[0m[31m-[0m[0m[31m-[0m[0m[31m-[0m[0m[31m-[0m[0m[31m-[0m[0m[31m-[0m[0m[31m-[0m[0m [0m[0m [0m[0m [0m[0m [0m[0m [0m[0m [0m[0m [0m[0m [0m[0m [0m[0m [0m[0m [0m[0m [0m[0m [0m[0m [0m[0m [0m[0m [0m[0m [0m[0m
[0m
[0msrc/hooks/useAuthModal.tsx[0m[0m:[0m[0m36[0m[0m:[0m[0m2[0m[0m [0m[0m]8;;https://biomejs.dev/linter/rules/use-exhaustive-dependencies\lint/correctness/useExhaustiveDependencies]8;;\[0m[0m [0m[0m[30m[47m FIXABLE [0m[0m [0m[0m━━━━━━━━━━━━━━━━━━━━━━━━━━━━━━━━━━━━━━━━━━━━━━━━━━━━━━━━━━━━━━━━━━━━━━━━━━━━━━━━━━━━━━━━━━━━━━━━━━━━━━━━━━━━━━[0m[0m

[0m[0m  [0m[0m[1m[31m✖[0m[0m [0m[0m[31mThis hook [0m[0m[1m[31mdoes not specify[0m[0m[31m its dependency on [0m[0m[1m[31mopenAuthModal[0m[0m[31m.[0m[0m
[0m[0m  [0m[0m
[0m[0m  [0m[0m  [0m[0m[1m34 │ [0m[0m	[0m[0m}[0m[0m;[0m[0m
[0m[0m  [0m[0m  [0m[0m[1m35 │ [0m[0m
[0m[0m  [0m[0m[1m[31m>[0m[0m [0m[0m[1m36 │ [0m[0m	[0m[0mu[0m[0ms[0m[0me[0m[0mE[0m[0mf[0m[0mf[0m[0me[0m[0mc[0m[0mt[0m[0m([0m[0m([0m[0m)[0m[0m [0m[0m=[0m[0m>[0m[0m [0m[0m{[0m[0m
[0m[0m  [0m[0m [0m[0m [0m[0m[1m   │ [0m[0m	[0m[0m[1m[31m^[0m[0m[1m[31m^[0m[0m[1m[31m^[0m[0m[1m[31m^[0m[0m[1m[31m^[0m[0m[1m[31m^[0m[0m[1m[31m^[0m[0m[1m[31m^[0m[0m[1m[31m^[0m[0m
[0m[0m  [0m[0m  [0m[0m[1m37 │ [0m[0m	[0m[0m	[0m[0mc[0m[0mo[0m[0mn[0m[0ms[0m[0mt[0m[0m [0m[0mh[0m[0ma[0m[0mn[0m[0md[0m[0ml[0m[0me[0m[0mU[0m[0mn[0m[0ma[0m[0mu[0m[0mt[0m[0mh[0m[0mo[0m[0mr[0m[0mi[0m[0mz[0m[0me[0m[0md[0m[0m [0m[0m=[0m[0m [0m[0m([0m[0m)[0m[0m [0m[0m=[0m[0m>[0m[0m [0m[0m{[0m[0m
[0m[0m  [0m[0m  [0m[0m[1m38 │ [0m[0m	[0m[0m	[0m[0m	[0m[0mo[0m[0mp[0m[0me[0m[0mn[0m[0mA[0m[0mu[0m[0mt[0m[0mh[0m[0mM[0m[0mo[0m[0md[0m[0ma[0m[0ml[0m[0m([0m[0m"[0m[0ml[0m[0mo[0m[0mg[0m[0mi[0m[0mn[0m[0m"[0m[0m)[0m[0m;[0m[0m
[0m[0m  [0m[0m
[0m[0m  [0m[0m[1m[34mℹ[0m[0m [0m[0m[34mThis dependency is being used here, but is not specified in the hook dependency list.[0m[0m
[0m[0m  [0m[0m
[0m[0m  [0m[0m  [0m[0m[1m36 │ [0m[0m	[0m[0mu[0m[0ms[0m[0me[0m[0mE[0m[0mf[0m[0mf[0m[0me[0m[0mc[0m[0mt[0m[0m([0m[0m([0m[0m)[0m[0m [0m[0m=[0m[0m>[0m[0m [0m[0m{[0m[0m
[0m[0m  [0m[0m  [0m[0m[1m37 │ [0m[0m	[0m[0m	[0m[0mc[0m[0mo[0m[0mn[0m[0ms[0m[0mt[0m[0m [0m[0mh[0m[0ma[0m[0mn[0m[0md[0m[0ml[0m[0me[0m[0mU[0m[0mn[0m[0ma[0m[0mu[0m[0mt[0m[0mh[0m[0mo[0m[0mr[0m[0mi[0m[0mz[0m[0me[0m[0md[0m[0m [0m[0m=[0m[0m [0m[0m([0m[0m)[0m[0m [0m[0m=[0m[0m>[0m[0m [0m[0m{[0m[0m
[0m[0m  [0m[0m[1m[31m>[0m[0m [0m[0m[1m38 │ [0m[0m	[0m[0m	[0m[0m	[0m[0mo[0m[0mp[0m[0me[0m[0mn[0m[0mA[0m[0mu[0m[0mt[0m[0mh[0m[0mM[0m[0mo[0m[0md[0m[0ma[0m[0ml[0m[0m([0m[0m"[0m[0ml[0m[0mo[0m[0mg[0m[0mi[0m[0mn[0m[0m"[0m[0m)[0m[0m;[0m[0m
[0m[0m  [0m[0m [0m[0m [0m[0m[1m   │ [0m[0m	[0m[0m	[0m[0m	[0m[0m[1m[31m^[0m[0m[1m[31m^[0m[0m[1m[31m^[0m[0m[1m[31m^[0m[0m[1m[31m^[0m[0m[1m[31m^[0m[0m[1m[31m^[0m[0m[1m[31m^[0m[0m[1m[31m^[0m[0m[1m[31m^[0m[0m[1m[31m^[0m[0m[1m[31m^[0m[0m[1m[31m^[0m[0m
[0m[0m  [0m[0m  [0m[0m[1m39 │ [0m[0m	[0m[0m	[0m[0m}[0m[0m;[0m[0m
[0m[0m  [0m[0m  [0m[0m[1m40 │ [0m[0m	[0m[0m	[0m[0mw[0m[0mi[0m[0mn[0m[0md[0m[0mo[0m[0mw[0m[0m.[0m[0ma[0m[0md[0m[0md[0m[0mE[0m[0mv[0m[0me[0m[0mn[0m[0mt[0m[0mL[0m[0mi[0m[0ms[0m[0mt[0m[0me[0m[0mn[0m[0me[0m[0mr[0m[0m([0m[0m"[0m[0ma[0m[0mu[0m[0mt[0m[0mh[0m[0m:[0m[0mu[0m[0mn[0m[0ma[0m[0mu[0m[0mt[0m[0mh[0m[0mo[0m[0mr[0m[0mi[0m[0mz[0m[0me[0m[0md[0m[0m"[0m[0m,[0m[0m [0m[0mh[0m[0ma[0m[0mn[0m[0md[0m[0ml[0m[0me[0m[0mU[0m[0mn[0m[0ma[0m[0mu[0m[0mt[0m[0mh[0m[0mo[0m[0mr[0m[0mi[0m[0mz[0m[0me[0m[0md[0m[0m)[0m[0m;[0m[0m
[0m[0m  [0m[0m
[0m[0m  [0m[0m[1m[34mℹ[0m[0m [0m[0m[34mReact relies on hook dependencies to determine when to re-compute Effects.
[0m[0m  [0m[0m  [0m[0m[34mFailing to specify dependencies can result in Effects [0m[0m[1m[34mnot updating correctly[0m[0m[34m when state changes.
[0m[0m  [0m[0m  [0m[0m[34mThese "stale closures" are a common source of surprising bugs.[0m[0m
[0m[0m  [0m[0m
[0m[0m  [0m[0m[1m[34mℹ[0m[0m [0m[0m[34mEither include it or remove the dependency array.[0m[0m
[0m[0m  [0m[0m
[0m[0m  [0m[0m[1m[34mℹ[0m[0m [0m[0m[34mUnsafe fix: Add the missing dependency [0m[0m[1m[34mopenAuthModal[0m[0m[34m to the list.[0m[0m
[0m[0m  [0m[0m
[0m[0m  [0m[0m[1m  43 │ [0m[0m[2m→ [0m[0m}[0m[0m,[0m[0m[2m·[0m[0m[[0m[0m[32mo[0m[0m[32mp[0m[0m[32me[0m[0m[32mn[0m[0m[32mA[0m[0m[32mu[0m[0m[32mt[0m[0m[32mh[0m[0m[32mM[0m[0m[32mo[0m[0m[32md[0m[0m[32ma[0m[0m[32ml[0m[0m][0m[0m)[0m[0m;[0m[0m
[0m[0m  [0m[0m[1m     │ [0m[0m [0m[0m [0m[0m [0m[0m [0m[0m [0m[0m [0m[0m[32m+[0m[0m[32m+[0m[0m[32m+[0m[0m[32m+[0m[0m[32m+[0m[0m[32m+[0m[0m[32m+[0m[0m[32m+[0m[0m[32m+[0m[0m[32m+[0m[0m[32m+[0m[0m[32m+[0m[0m[32m+[0m[0m [0m[0m [0m[0m [0m[0m
[0m
[0msrc/services/utils.ts[0m[0m:[0m[0m25[0m[0m:[0m[0m6[0m[0m [0m[0m]8;;https://biomejs.dev/linter/rules/no-implicit-any-let\lint/suspicious/noImplicitAnyLet]8;;\[0m[0m [0m[0m━━━━━━━━━━━━━━━━━━━━━━━━━━━━━━━━━━━━━━━━━━━━━━━━━━━━━━━━━━━━━━━━━━━━━━━━━━━━━━━━━━━━━━━━━━━━━━━━━━━━━━━━━━━━━━━━━━━━━━━━━━━━━━━━━━━━━━━[0m[0m

[0m[0m  [0m[0m[1m[31m✖[0m[0m [0m[0m[31mThis variable implicitly has the [0m[0m[1m[31many[0m[0m[31m type.[0m[0m
[0m[0m  [0m[0m
[0m[0m  [0m[0m  [0m[0m[1m23 │ [0m[0m	[0m[0mc[0m[0mo[0m[0mn[0m[0ms[0m[0mo[0m[0ml[0m[0me[0m[0m.[0m[0ml[0m[0mo[0m[0mg[0m[0m([0m[0me[0m[0mr[0m[0mr[0m[0mo[0m[0mr[0m[0m)[0m[0m;[0m[0m
[0m[0m  [0m[0m  [0m[0m[1m24 │ [0m[0m
[0m[0m  [0m[0m[1m[31m>[0m[0m [0m[0m[1m25 │ [0m[0m	[0m[0ml[0m[0me[0m[0mt[0m[0m [0m[0ms[0m[0mt[0m[0ma[0m[0mt[0m[0mu[0m[0ms[0m[0m;[0m[0m
[0m[0m  [0m[0m [0m[0m [0m[0m[1m   │ [0m[0m	[0m[0m [0m[0m [0m[0m [0m[0m [0m[0m[1m[31m^[0m[0m[1m[31m^[0m[0m[1m[31m^[0m[0m[1m[31m^[0m[0m[1m[31m^[0m[0m[1m[31m^[0m[0m
[0m[0m  [0m[0m  [0m[0m[1m26 │ [0m[0m	[0m[0ml[0m[0me[0m[0mt[0m[0m [0m[0mc[0m[0mo[0m[0md[0m[0me[0m[0m;[0m[0m
[0m[0m  [0m[0m  [0m[0m[1m27 │ [0m[0m	[0m[0ml[0m[0me[0m[0mt[0m[0m [0m[0mm[0m[0me[0m[0ms[0m[0ms[0m[0ma[0m[0mg[0m[0me[0m[0m;[0m[0m
[0m[0m  [0m[0m
[0m[0m  [0m[0m[1m[34mℹ[0m[0m [0m[0m[34mVariable declarations without type annotation and initialization implicitly have the [0m[0m[1m[34many[0m[0m[34m type. Declare a type or initialize the variable with some value.[0m[0m
[0m[0m  [0m[0m
[0m
[0msrc/services/utils.ts[0m[0m:[0m[0m26[0m[0m:[0m[0m6[0m[0m [0m[0m]8;;https://biomejs.dev/linter/rules/no-implicit-any-let\lint/suspicious/noImplicitAnyLet]8;;\[0m[0m [0m[0m━━━━━━━━━━━━━━━━━━━━━━━━━━━━━━━━━━━━━━━━━━━━━━━━━━━━━━━━━━━━━━━━━━━━━━━━━━━━━━━━━━━━━━━━━━━━━━━━━━━━━━━━━━━━━━━━━━━━━━━━━━━━━━━━━━━━━━━[0m[0m

[0m[0m  [0m[0m[1m[31m✖[0m[0m [0m[0m[31mThis variable implicitly has the [0m[0m[1m[31many[0m[0m[31m type.[0m[0m
[0m[0m  [0m[0m
[0m[0m  [0m[0m  [0m[0m[1m25 │ [0m[0m	[0m[0ml[0m[0me[0m[0mt[0m[0m [0m[0ms[0m[0mt[0m[0ma[0m[0mt[0m[0mu[0m[0ms[0m[0m;[0m[0m
[0m[0m  [0m[0m[1m[31m>[0m[0m [0m[0m[1m26 │ [0m[0m	[0m[0ml[0m[0me[0m[0mt[0m[0m [0m[0mc[0m[0mo[0m[0md[0m[0me[0m[0m;[0m[0m
[0m[0m  [0m[0m [0m[0m [0m[0m[1m   │ [0m[0m	[0m[0m [0m[0m [0m[0m [0m[0m [0m[0m[1m[31m^[0m[0m[1m[31m^[0m[0m[1m[31m^[0m[0m[1m[31m^[0m[0m
[0m[0m  [0m[0m  [0m[0m[1m27 │ [0m[0m	[0m[0ml[0m[0me[0m[0mt[0m[0m [0m[0mm[0m[0me[0m[0ms[0m[0ms[0m[0ma[0m[0mg[0m[0me[0m[0m;[0m[0m
[0m[0m  [0m[0m  [0m[0m[1m28 │ [0m[0m
[0m[0m  [0m[0m
[0m[0m  [0m[0m[1m[34mℹ[0m[0m [0m[0m[34mVariable declarations without type annotation and initialization implicitly have the [0m[0m[1m[34many[0m[0m[34m type. Declare a type or initialize the variable with some value.[0m[0m
[0m[0m  [0m[0m
[0m
[0msrc/services/utils.ts[0m[0m:[0m[0m27[0m[0m:[0m[0m6[0m[0m [0m[0m]8;;https://biomejs.dev/linter/rules/no-implicit-any-let\lint/suspicious/noImplicitAnyLet]8;;\[0m[0m [0m[0m━━━━━━━━━━━━━━━━━━━━━━━━━━━━━━━━━━━━━━━━━━━━━━━━━━━━━━━━━━━━━━━━━━━━━━━━━━━━━━━━━━━━━━━━━━━━━━━━━━━━━━━━━━━━━━━━━━━━━━━━━━━━━━━━━━━━━━━[0m[0m

[0m[0m  [0m[0m[1m[31m✖[0m[0m [0m[0m[31mThis variable implicitly has the [0m[0m[1m[31many[0m[0m[31m type.[0m[0m
[0m[0m  [0m[0m
[0m[0m  [0m[0m  [0m[0m[1m25 │ [0m[0m	[0m[0ml[0m[0me[0m[0mt[0m[0m [0m[0ms[0m[0mt[0m[0ma[0m[0mt[0m[0mu[0m[0ms[0m[0m;[0m[0m
[0m[0m  [0m[0m  [0m[0m[1m26 │ [0m[0m	[0m[0ml[0m[0me[0m[0mt[0m[0m [0m[0mc[0m[0mo[0m[0md[0m[0me[0m[0m;[0m[0m
[0m[0m  [0m[0m[1m[31m>[0m[0m [0m[0m[1m27 │ [0m[0m	[0m[0ml[0m[0me[0m[0mt[0m[0m [0m[0mm[0m[0me[0m[0ms[0m[0ms[0m[0ma[0m[0mg[0m[0me[0m[0m;[0m[0m
[0m[0m  [0m[0m [0m[0m [0m[0m[1m   │ [0m[0m	[0m[0m [0m[0m [0m[0m [0m[0m [0m[0m[1m[31m^[0m[0m[1m[31m^[0m[0m[1m[31m^[0m[0m[1m[31m^[0m[0m[1m[31m^[0m[0m[1m[31m^[0m[0m[1m[31m^[0m[0m
[0m[0m  [0m[0m  [0m[0m[1m28 │ [0m[0m
[0m[0m  [0m[0m  [0m[0m[1m29 │ [0m[0m	[0m[0mi[0m[0mf[0m[0m [0m[0m([0m[0me[0m[0mr[0m[0mr[0m[0mo[0m[0mr[0m[0m [0m[0mi[0m[0mn[0m[0ms[0m[0mt[0m[0ma[0m[0mn[0m[0mc[0m[0me[0m[0mo[0m[0mf[0m[0m [0m[0mE[0m[0mr[0m[0mr[0m[0mo[0m[0mr[0m[0m)[0m[0m [0m[0m{[0m[0m
[0m[0m  [0m[0m
[0m[0m  [0m[0m[1m[34mℹ[0m[0m [0m[0m[34mVariable declarations without type annotation and initialization implicitly have the [0m[0m[1m[34many[0m[0m[34m type. Declare a type or initialize the variable with some value.[0m[0m
[0m[0m  [0m[0m
[0m
[0m[34mChecked 63 files in 89[0m[0m[2m[34mms[0m[0m[34m.[0m[0m[34m No fixes applied.[0m[0m
[0m[0m[31mFound [0m[0m[31m12[0m[0m[31m errors.[0m[0m
[0m[0m[33mFound [0m[0m[33m14[0m[0m[33m warnings.[0m[0m
[0m[0m[34mFound [0m[0m[34m3[0m[0m[34m infos.[0m
[0mci[0m[0m [0m[0m━━━━━━━━━━━━━━━━━━━━━━━━━━━━━━━━━━━━━━━━━━━━━━━━━━━━━━━━━━━━━━━━━━━━━━━━━━━━━━━━━━━━━━━━━━━━━━━━━━━━━━━━━━━━━━━━━━━━━━━━━━━━━━━━━━━━━━━━━━━━━━━━━━━━━━━━━━━━━━━━━━━━━━━━━━━━━━━━━━━━━━━━━━━━━━━━[0m[0m

[0m[0m  [0m[0m[1m[31m✖[0m[0m [0m[0m[31mSome [0m[0m[1m[31merrors[0m[0m[31m were emitted while [0m[0m[1m[31mrunning checks[0m[0m[31m.[0m[0m
[0m[0m  [0m[0m
[0m
[41m[30m ELIFECYCLE [39m[49m [31mCommand failed with exit code 1.[39m
